created_at,updated_at,id,parent_category_id,language_id,name,code
CURRENT_TIMESTAMP,CURRENT_TIMESTAMP,100000001,null,1,Animals & Pet Supplies,000000001
CURRENT_TIMESTAMP,CURRENT_TIMESTAMP,100003237,100000001,1,Live Animals,000003237
CURRENT_TIMESTAMP,CURRENT_TIMESTAMP,100000002,100000001,1,Pet Supplies,000000002
CURRENT_TIMESTAMP,CURRENT_TIMESTAMP,100000003,100000002,1,Bird Supplies,000000003
CURRENT_TIMESTAMP,CURRENT_TIMESTAMP,100007385,100000003,1,Bird Cage Accessories,000007385
CURRENT_TIMESTAMP,CURRENT_TIMESTAMP,100499954,100007385,1,Bird Cage Bird Baths,000499954
CURRENT_TIMESTAMP,CURRENT_TIMESTAMP,100007386,100007385,1,Bird Cage Food & Water Dishes,000007386
CURRENT_TIMESTAMP,CURRENT_TIMESTAMP,100004989,100000003,1,Bird Cages & Stands,000004989
CURRENT_TIMESTAMP,CURRENT_TIMESTAMP,100004990,100000003,1,Bird Food,000004990
CURRENT_TIMESTAMP,CURRENT_TIMESTAMP,100007398,100000003,1,Bird Gyms & Playstands,000007398
CURRENT_TIMESTAMP,CURRENT_TIMESTAMP,100004991,100000003,1,Bird Ladders & Perches,000004991
CURRENT_TIMESTAMP,CURRENT_TIMESTAMP,100004992,100000003,1,Bird Toys,000004992
CURRENT_TIMESTAMP,CURRENT_TIMESTAMP,100004993,100000003,1,Bird Treats,000004993
CURRENT_TIMESTAMP,CURRENT_TIMESTAMP,100000004,100000002,1,Cat Supplies,000000004
CURRENT_TIMESTAMP,CURRENT_TIMESTAMP,100005082,100000004,1,Cat Apparel,000005082
CURRENT_TIMESTAMP,CURRENT_TIMESTAMP,100004433,100000004,1,Cat Beds,000004433
CURRENT_TIMESTAMP,CURRENT_TIMESTAMP,100003367,100000004,1,Cat Food,000003367
CURRENT_TIMESTAMP,CURRENT_TIMESTAMP,100543684,100003367,1,Non-prescription Cat Food,000543684
CURRENT_TIMESTAMP,CURRENT_TIMESTAMP,100543683,100003367,1,Prescription Cat Food,000543683
CURRENT_TIMESTAMP,CURRENT_TIMESTAMP,100004997,100000004,1,Cat Furniture,000004997
CURRENT_TIMESTAMP,CURRENT_TIMESTAMP,100500059,100000004,1,Cat Furniture Accessories,000500059
CURRENT_TIMESTAMP,CURRENT_TIMESTAMP,100004999,100000004,1,Cat Litter,000004999
CURRENT_TIMESTAMP,CURRENT_TIMESTAMP,100008069,100000004,1,Cat Litter Box Liners,000008069
CURRENT_TIMESTAMP,CURRENT_TIMESTAMP,100007142,100000004,1,Cat Litter Box Mats,000007142
CURRENT_TIMESTAMP,CURRENT_TIMESTAMP,100005000,100000004,1,Cat Litter Boxes,000005000
CURRENT_TIMESTAMP,CURRENT_TIMESTAMP,100005001,100000004,1,Cat Toys,000005001
CURRENT_TIMESTAMP,CURRENT_TIMESTAMP,100005002,100000004,1,Cat Treats,000005002
CURRENT_TIMESTAMP,CURRENT_TIMESTAMP,100000005,100000002,1,Dog Supplies,000000005
CURRENT_TIMESTAMP,CURRENT_TIMESTAMP,100005004,100000005,1,Dog Apparel,000005004
CURRENT_TIMESTAMP,CURRENT_TIMESTAMP,100004434,100000005,1,Dog Beds,000004434
CURRENT_TIMESTAMP,CURRENT_TIMESTAMP,100007372,100000005,1,Dog Diaper Pads & Liners,000007372
CURRENT_TIMESTAMP,CURRENT_TIMESTAMP,100499900,100000005,1,Dog Diapers,000499900
CURRENT_TIMESTAMP,CURRENT_TIMESTAMP,100003530,100000005,1,Dog Food,000003530
CURRENT_TIMESTAMP,CURRENT_TIMESTAMP,100543682,100003530,1,Non-prescription Dog Food,000543682
CURRENT_TIMESTAMP,CURRENT_TIMESTAMP,100543681,100003530,1,Prescription Dog Food,000543681
CURRENT_TIMESTAMP,CURRENT_TIMESTAMP,100005094,100000005,1,Dog Houses,000005094
CURRENT_TIMESTAMP,CURRENT_TIMESTAMP,100007428,100000005,1,Dog Kennel & Run Accessories,000007428
CURRENT_TIMESTAMP,CURRENT_TIMESTAMP,100007274,100000005,1,Dog Kennels & Runs,000007274
CURRENT_TIMESTAMP,CURRENT_TIMESTAMP,100005010,100000005,1,Dog Toys,000005010
CURRENT_TIMESTAMP,CURRENT_TIMESTAMP,100008123,100000005,1,Dog Treadmills,000008123
CURRENT_TIMESTAMP,CURRENT_TIMESTAMP,100005011,100000005,1,Dog Treats,000005011
CURRENT_TIMESTAMP,CURRENT_TIMESTAMP,100000006,100000002,1,Fish Supplies,000000006
CURRENT_TIMESTAMP,CURRENT_TIMESTAMP,100505303,100000006,1,Aquarium & Pond Tubing,000505303
CURRENT_TIMESTAMP,CURRENT_TIMESTAMP,100505307,100000006,1,Aquarium Air Stones & Diffusers,000505307
CURRENT_TIMESTAMP,CURRENT_TIMESTAMP,100500038,100000006,1,Aquarium Cleaning Supplies,000500038
CURRENT_TIMESTAMP,CURRENT_TIMESTAMP,100005019,100000006,1,Aquarium Decor,000005019
CURRENT_TIMESTAMP,CURRENT_TIMESTAMP,100005020,100000006,1,Aquarium Filters,000005020
CURRENT_TIMESTAMP,CURRENT_TIMESTAMP,100505306,100000006,1,Aquarium Fish Nets,000505306
CURRENT_TIMESTAMP,CURRENT_TIMESTAMP,100005021,100000006,1,Aquarium Gravel & Substrates,000005021
CURRENT_TIMESTAMP,CURRENT_TIMESTAMP,100005079,100000006,1,Aquarium Lighting,000005079
CURRENT_TIMESTAMP,CURRENT_TIMESTAMP,100006951,100000006,1,Aquarium Overflow Boxes,000006951
CURRENT_TIMESTAMP,CURRENT_TIMESTAMP,100005023,100000006,1,Aquarium Stands,000005023
CURRENT_TIMESTAMP,CURRENT_TIMESTAMP,100500062,100000006,1,Aquarium Temperature Controllers,000500062
CURRENT_TIMESTAMP,CURRENT_TIMESTAMP,100005161,100000006,1,Aquarium Water Treatments,000005161
CURRENT_TIMESTAMP,CURRENT_TIMESTAMP,100003238,100000006,1,Aquariums,000003238
CURRENT_TIMESTAMP,CURRENT_TIMESTAMP,100006085,100000006,1,Aquatic Plant Fertilizers,000006085
CURRENT_TIMESTAMP,CURRENT_TIMESTAMP,100006403,100000006,1,Fish Feeders,000006403
CURRENT_TIMESTAMP,CURRENT_TIMESTAMP,100005024,100000006,1,Fish Food,000005024
CURRENT_TIMESTAMP,CURRENT_TIMESTAMP,100006983,100000002,1,Pet Agility Equipment,000006983
CURRENT_TIMESTAMP,CURRENT_TIMESTAMP,100006811,100000002,1,Pet Apparel Hangers,000006811
CURRENT_TIMESTAMP,CURRENT_TIMESTAMP,100500084,100000002,1,Pet Bed Accessories,000500084
CURRENT_TIMESTAMP,CURRENT_TIMESTAMP,100005092,100000002,1,Pet Bells & Charms,000005092
CURRENT_TIMESTAMP,CURRENT_TIMESTAMP,100006978,100000002,1,Pet Biometric Monitors,000006978
CURRENT_TIMESTAMP,CURRENT_TIMESTAMP,100006980,100006978,1,Pet Glucose Meters,000006980
CURRENT_TIMESTAMP,CURRENT_TIMESTAMP,100006982,100006978,1,Pet Pedometers,000006982
CURRENT_TIMESTAMP,CURRENT_TIMESTAMP,100006981,100006978,1,Pet Thermometers,000006981
CURRENT_TIMESTAMP,CURRENT_TIMESTAMP,100007143,100000002,1,Pet Bowl Mats,000007143
CURRENT_TIMESTAMP,CURRENT_TIMESTAMP,100008513,100000002,1,Pet Bowl Stands,000008513
CURRENT_TIMESTAMP,CURRENT_TIMESTAMP,100006252,100000002,1,Pet Bowls,000006252
CURRENT_TIMESTAMP,CURRENT_TIMESTAMP,100500026,100000002,1,Pet Carrier & Crate Accessories,000500026
CURRENT_TIMESTAMP,CURRENT_TIMESTAMP,100006251,100000002,1,Pet Carriers & Crates,000006251
CURRENT_TIMESTAMP,CURRENT_TIMESTAMP,100006250,100000002,1,Pet Collars & Harnesses,000006250
CURRENT_TIMESTAMP,CURRENT_TIMESTAMP,100006321,100000002,1,Pet Containment Systems,000006321
CURRENT_TIMESTAMP,CURRENT_TIMESTAMP,100505811,100000002,1,Pet Door Accessories,000505811
CURRENT_TIMESTAMP,CURRENT_TIMESTAMP,100004497,100000002,1,Pet Doors,000004497
CURRENT_TIMESTAMP,CURRENT_TIMESTAMP,100008050,100000002,1,Pet Eye Drops & Lubricants,000008050
CURRENT_TIMESTAMP,CURRENT_TIMESTAMP,100008068,100000002,1,Pet First Aid & Emergency Kits,000008068
CURRENT_TIMESTAMP,CURRENT_TIMESTAMP,100006248,100000002,1,Pet Flea & Tick Control,000006248
CURRENT_TIMESTAMP,CURRENT_TIMESTAMP,100005162,100000002,1,Pet Food Containers,000005162
CURRENT_TIMESTAMP,CURRENT_TIMESTAMP,100005163,100000002,1,Pet Food Scoops,000005163
CURRENT_TIMESTAMP,CURRENT_TIMESTAMP,100006383,100000002,1,Pet Grooming Supplies,000006383
CURRENT_TIMESTAMP,CURRENT_TIMESTAMP,100006385,100006383,1,Pet Combs & Brushes,000006385
CURRENT_TIMESTAMP,CURRENT_TIMESTAMP,100503733,100006383,1,Pet Fragrances & Deodorizing Sprays,000503733
CURRENT_TIMESTAMP,CURRENT_TIMESTAMP,100006384,100006383,1,Pet Hair Clippers & Trimmers,000006384
CURRENT_TIMESTAMP,CURRENT_TIMESTAMP,100008167,100006383,1,Pet Hair Dryers,000008167
CURRENT_TIMESTAMP,CURRENT_TIMESTAMP,100007318,100006383,1,Pet Nail Polish,000007318
CURRENT_TIMESTAMP,CURRENT_TIMESTAMP,100007319,100006383,1,Pet Nail Tools,000007319
CURRENT_TIMESTAMP,CURRENT_TIMESTAMP,100006406,100006383,1,Pet Shampoo & Conditioner,000006406
CURRENT_TIMESTAMP,CURRENT_TIMESTAMP,100499917,100006383,1,Pet Wipes,000499917
CURRENT_TIMESTAMP,CURRENT_TIMESTAMP,100500110,100000002,1,Pet Heating Pad Accessories,000500110
CURRENT_TIMESTAMP,CURRENT_TIMESTAMP,100499743,100000002,1,Pet Heating Pads,000499743
CURRENT_TIMESTAMP,CURRENT_TIMESTAMP,100005093,100000002,1,Pet ID Tags,000005093
CURRENT_TIMESTAMP,CURRENT_TIMESTAMP,100006253,100000002,1,Pet Leash Extensions,000006253
CURRENT_TIMESTAMP,CURRENT_TIMESTAMP,100006249,100000002,1,Pet Leashes,000006249
CURRENT_TIMESTAMP,CURRENT_TIMESTAMP,100005145,100000002,1,Pet Medical Collars,000005145
CURRENT_TIMESTAMP,CURRENT_TIMESTAMP,100006861,100000002,1,Pet Medical Tape & Bandages,000006861
CURRENT_TIMESTAMP,CURRENT_TIMESTAMP,100005086,100000002,1,Pet Medicine,000005086
CURRENT_TIMESTAMP,CURRENT_TIMESTAMP,100005144,100000002,1,Pet Muzzles,000005144
CURRENT_TIMESTAMP,CURRENT_TIMESTAMP,100007144,100000002,1,Pet Oral Care Supplies,000007144
CURRENT_TIMESTAMP,CURRENT_TIMESTAMP,100005087,100000002,1,Pet Playpens,000005087
CURRENT_TIMESTAMP,CURRENT_TIMESTAMP,100006973,100000002,1,Pet Steps & Ramps,000006973
CURRENT_TIMESTAMP,CURRENT_TIMESTAMP,100006276,100000002,1,Pet Strollers,000006276
CURRENT_TIMESTAMP,CURRENT_TIMESTAMP,100007396,100000002,1,Pet Sunscreen,000007396
CURRENT_TIMESTAMP,CURRENT_TIMESTAMP,100505314,100000002,1,Pet Training Aids,000505314
CURRENT_TIMESTAMP,CURRENT_TIMESTAMP,100505313,100505314,1,Pet Training Clickers & Treat Dispensers,000505313
CURRENT_TIMESTAMP,CURRENT_TIMESTAMP,100505304,100505314,1,Pet Training Pad Holders,000505304
CURRENT_TIMESTAMP,CURRENT_TIMESTAMP,100006846,100505314,1,Pet Training Pads,000006846
CURRENT_TIMESTAMP,CURRENT_TIMESTAMP,100505311,100505314,1,Pet Training Sprays & Solutions,000505311
CURRENT_TIMESTAMP,CURRENT_TIMESTAMP,100005081,100000002,1,Pet Vitamins & Supplements,000005081
CURRENT_TIMESTAMP,CURRENT_TIMESTAMP,100502982,100000002,1,Pet Waste Bag Dispensers & Holders,000502982
CURRENT_TIMESTAMP,CURRENT_TIMESTAMP,100008070,100000002,1,Pet Waste Bags,000008070
CURRENT_TIMESTAMP,CURRENT_TIMESTAMP,100505297,100000002,1,Pet Waste Disposal Systems & Tools,000505297
CURRENT_TIMESTAMP,CURRENT_TIMESTAMP,100000007,100000002,1,Reptile & Amphibian Supplies,000000007
CURRENT_TIMESTAMP,CURRENT_TIMESTAMP,100005026,100000007,1,Reptile & Amphibian Food,000005026
CURRENT_TIMESTAMP,CURRENT_TIMESTAMP,100005027,100000007,1,Reptile & Amphibian Habitat Accessories,000005027
CURRENT_TIMESTAMP,CURRENT_TIMESTAMP,100005028,100000007,1,Reptile & Amphibian Habitat Heating & Lighting,000005028
CURRENT_TIMESTAMP,CURRENT_TIMESTAMP,100005029,100000007,1,Reptile & Amphibian Habitats,000005029
CURRENT_TIMESTAMP,CURRENT_TIMESTAMP,100005030,100000007,1,Reptile & Amphibian Substrates,000005030
CURRENT_TIMESTAMP,CURRENT_TIMESTAMP,100005013,100000002,1,Small Animal Supplies,000005013
CURRENT_TIMESTAMP,CURRENT_TIMESTAMP,100005014,100005013,1,Small Animal Bedding,000005014
CURRENT_TIMESTAMP,CURRENT_TIMESTAMP,100005015,100005013,1,Small Animal Food,000005015
CURRENT_TIMESTAMP,CURRENT_TIMESTAMP,100005016,100005013,1,Small Animal Habitat Accessories,000005016
CURRENT_TIMESTAMP,CURRENT_TIMESTAMP,100005017,100005013,1,Small Animal Habitats & Cages,000005017
CURRENT_TIMESTAMP,CURRENT_TIMESTAMP,100007517,100005013,1,Small Animal Treats,000007517
CURRENT_TIMESTAMP,CURRENT_TIMESTAMP,100008474,100000002,1,Vehicle Pet Barriers,000008474
CURRENT_TIMESTAMP,CURRENT_TIMESTAMP,100000166,null,1,Apparel & Accessories,000000166
CURRENT_TIMESTAMP,CURRENT_TIMESTAMP,100001604,100000166,1,Clothing,000001604
CURRENT_TIMESTAMP,CURRENT_TIMESTAMP,100005322,100001604,1,Activewear,000005322
CURRENT_TIMESTAMP,CURRENT_TIMESTAMP,100005697,100005322,1,Bicycle Activewear,000005697
CURRENT_TIMESTAMP,CURRENT_TIMESTAMP,100003128,100005697,1,Bicycle Bibs,000003128
CURRENT_TIMESTAMP,CURRENT_TIMESTAMP,100003455,100005697,1,Bicycle Jerseys,000003455
CURRENT_TIMESTAMP,CURRENT_TIMESTAMP,100003188,100005697,1,Bicycle Shorts & Briefs,000003188
CURRENT_TIMESTAMP,CURRENT_TIMESTAMP,100006087,100005697,1,Bicycle Skinsuits,000006087
CURRENT_TIMESTAMP,CURRENT_TIMESTAMP,100003729,100005697,1,Bicycle Tights,000003729
CURRENT_TIMESTAMP,CURRENT_TIMESTAMP,100005378,100005322,1,Boxing Shorts,000005378
CURRENT_TIMESTAMP,CURRENT_TIMESTAMP,100499979,100005322,1,Dance Dresses,000499979
CURRENT_TIMESTAMP,CURRENT_TIMESTAMP,100003951,100005322,1,Football Pants,000003951
CURRENT_TIMESTAMP,CURRENT_TIMESTAMP,100005460,100005322,1,Hunting Clothing,000005460
CURRENT_TIMESTAMP,CURRENT_TIMESTAMP,100005462,100005460,1,Ghillie Suits,000005462
CURRENT_TIMESTAMP,CURRENT_TIMESTAMP,100005461,100005460,1,Hunting & Fishing Vests,000005461
CURRENT_TIMESTAMP,CURRENT_TIMESTAMP,100005552,100005460,1,Hunting & Tactical Pants,000005552
CURRENT_TIMESTAMP,CURRENT_TIMESTAMP,100005379,100005322,1,Martial Arts Shorts,000005379
CURRENT_TIMESTAMP,CURRENT_TIMESTAMP,100005517,100005322,1,Motorcycle Protective Clothing,000005517
CURRENT_TIMESTAMP,CURRENT_TIMESTAMP,100006006,100005517,1,Motorcycle Jackets,000006006
CURRENT_TIMESTAMP,CURRENT_TIMESTAMP,100007003,100005517,1,Motorcycle Pants,000007003
CURRENT_TIMESTAMP,CURRENT_TIMESTAMP,100005463,100005517,1,Motorcycle Suits,000005463
CURRENT_TIMESTAMP,CURRENT_TIMESTAMP,100005555,100005322,1,Paintball Clothing,000005555
CURRENT_TIMESTAMP,CURRENT_TIMESTAMP,100000182,100001604,1,Baby & Toddler Clothing,000000182
CURRENT_TIMESTAMP,CURRENT_TIMESTAMP,100005408,100000182,1,Baby & Toddler Bottoms,000005408
CURRENT_TIMESTAMP,CURRENT_TIMESTAMP,100005549,100000182,1,Baby & Toddler Diaper Covers,000005549
CURRENT_TIMESTAMP,CURRENT_TIMESTAMP,100005424,100000182,1,Baby & Toddler Dresses,000005424
CURRENT_TIMESTAMP,CURRENT_TIMESTAMP,100005425,100000182,1,Baby & Toddler Outerwear,000005425
CURRENT_TIMESTAMP,CURRENT_TIMESTAMP,100005622,100000182,1,Baby & Toddler Outfits,000005622
CURRENT_TIMESTAMP,CURRENT_TIMESTAMP,100005412,100000182,1,Baby & Toddler Sleepwear,000005412
CURRENT_TIMESTAMP,CURRENT_TIMESTAMP,100005423,100000182,1,Baby & Toddler Socks & Tights,000005423
CURRENT_TIMESTAMP,CURRENT_TIMESTAMP,100005409,100000182,1,Baby & Toddler Swimwear,000005409
CURRENT_TIMESTAMP,CURRENT_TIMESTAMP,100005410,100000182,1,Baby & Toddler Tops,000005410
CURRENT_TIMESTAMP,CURRENT_TIMESTAMP,100005411,100000182,1,Baby One-Pieces,000005411
CURRENT_TIMESTAMP,CURRENT_TIMESTAMP,100005621,100000182,1,Toddler Underwear,000005621
CURRENT_TIMESTAMP,CURRENT_TIMESTAMP,100002271,100001604,1,Dresses,000002271
CURRENT_TIMESTAMP,CURRENT_TIMESTAMP,100005182,100001604,1,One-Pieces,000005182
CURRENT_TIMESTAMP,CURRENT_TIMESTAMP,100005250,100005182,1,Jumpsuits & Rompers,000005250
CURRENT_TIMESTAMP,CURRENT_TIMESTAMP,100005490,100005182,1,Leotards & Unitards,000005490
CURRENT_TIMESTAMP,CURRENT_TIMESTAMP,100007132,100005182,1,Overalls,000007132
CURRENT_TIMESTAMP,CURRENT_TIMESTAMP,100000203,100001604,1,Outerwear,000000203
CURRENT_TIMESTAMP,CURRENT_TIMESTAMP,100005506,100000203,1,Chaps,000005506
CURRENT_TIMESTAMP,CURRENT_TIMESTAMP,100005598,100000203,1,Coats & Jackets,000005598
CURRENT_TIMESTAMP,CURRENT_TIMESTAMP,100005514,100000203,1,Rain Pants,000005514
CURRENT_TIMESTAMP,CURRENT_TIMESTAMP,100003066,100000203,1,Rain Suits,000003066
CURRENT_TIMESTAMP,CURRENT_TIMESTAMP,100005909,100000203,1,Snow Pants & Suits,000005909
CURRENT_TIMESTAMP,CURRENT_TIMESTAMP,100001831,100000203,1,Vests,000001831
CURRENT_TIMESTAMP,CURRENT_TIMESTAMP,100007313,100001604,1,Outfit Sets,000007313
CURRENT_TIMESTAMP,CURRENT_TIMESTAMP,100000204,100001604,1,Pants,000000204
CURRENT_TIMESTAMP,CURRENT_TIMESTAMP,100000212,100001604,1,Shirts & Tops,000000212
CURRENT_TIMESTAMP,CURRENT_TIMESTAMP,100000207,100001604,1,Shorts,000000207
CURRENT_TIMESTAMP,CURRENT_TIMESTAMP,100001581,100001604,1,Skirts,000001581
CURRENT_TIMESTAMP,CURRENT_TIMESTAMP,100005344,100001604,1,Skorts,000005344
CURRENT_TIMESTAMP,CURRENT_TIMESTAMP,100000208,100001604,1,Sleepwear & Loungewear,000000208
CURRENT_TIMESTAMP,CURRENT_TIMESTAMP,100005713,100000208,1,Loungewear,000005713
CURRENT_TIMESTAMP,CURRENT_TIMESTAMP,100005513,100000208,1,Nightgowns,000005513
CURRENT_TIMESTAMP,CURRENT_TIMESTAMP,100002580,100000208,1,Pajamas,000002580
CURRENT_TIMESTAMP,CURRENT_TIMESTAMP,100002302,100000208,1,Robes,000002302
CURRENT_TIMESTAMP,CURRENT_TIMESTAMP,100001594,100001604,1,Suits,000001594
CURRENT_TIMESTAMP,CURRENT_TIMESTAMP,100005183,100001594,1,Pant Suits,000005183
CURRENT_TIMESTAMP,CURRENT_TIMESTAMP,100001516,100001594,1,Skirt Suits,000001516
CURRENT_TIMESTAMP,CURRENT_TIMESTAMP,100001580,100001594,1,Tuxedos,000001580
CURRENT_TIMESTAMP,CURRENT_TIMESTAMP,100000211,100001604,1,Swimwear,000000211
CURRENT_TIMESTAMP,CURRENT_TIMESTAMP,100005388,100001604,1,Traditional & Ceremonial Clothing,000005388
CURRENT_TIMESTAMP,CURRENT_TIMESTAMP,100006031,100005388,1,Dirndls,000006031
CURRENT_TIMESTAMP,CURRENT_TIMESTAMP,100005674,100005388,1,Hakama Trousers,000005674
CURRENT_TIMESTAMP,CURRENT_TIMESTAMP,100006227,100005388,1,Japanese Black Formal Wear,000006227
CURRENT_TIMESTAMP,CURRENT_TIMESTAMP,100005673,100005388,1,Kimono Outerwear,000005673
CURRENT_TIMESTAMP,CURRENT_TIMESTAMP,100005343,100005388,1,Kimonos,000005343
CURRENT_TIMESTAMP,CURRENT_TIMESTAMP,100005483,100005388,1,Religious Ceremonial Clothing,000005483
CURRENT_TIMESTAMP,CURRENT_TIMESTAMP,100008149,100005483,1,Baptism & Communion Dresses,000008149
CURRENT_TIMESTAMP,CURRENT_TIMESTAMP,100008248,100005388,1,Saris & Lehengas,000008248
CURRENT_TIMESTAMP,CURRENT_TIMESTAMP,100007281,100005388,1,Traditional Leather Pants,000007281
CURRENT_TIMESTAMP,CURRENT_TIMESTAMP,100005676,100005388,1,Yukata,000005676
CURRENT_TIMESTAMP,CURRENT_TIMESTAMP,100000213,100001604,1,Underwear & Socks,000000213
CURRENT_TIMESTAMP,CURRENT_TIMESTAMP,100007207,100000213,1,Bra Accessories,000007207
CURRENT_TIMESTAMP,CURRENT_TIMESTAMP,100007208,100007207,1,Bra Strap Pads,000007208
CURRENT_TIMESTAMP,CURRENT_TIMESTAMP,100007211,100007207,1,Bra Straps & Extenders,000007211
CURRENT_TIMESTAMP,CURRENT_TIMESTAMP,100007210,100007207,1,Breast Enhancing Inserts,000007210
CURRENT_TIMESTAMP,CURRENT_TIMESTAMP,100007209,100007207,1,Breast Petals & Concealers,000007209
CURRENT_TIMESTAMP,CURRENT_TIMESTAMP,100000214,100000213,1,Bras,000000214
CURRENT_TIMESTAMP,CURRENT_TIMESTAMP,100000215,100000213,1,Hosiery,000000215
CURRENT_TIMESTAMP,CURRENT_TIMESTAMP,100005327,100000213,1,Jock Straps,000005327
CURRENT_TIMESTAMP,CURRENT_TIMESTAMP,100001772,100000213,1,Lingerie,000001772
CURRENT_TIMESTAMP,CURRENT_TIMESTAMP,100002563,100000213,1,Lingerie Accessories,000002563
CURRENT_TIMESTAMP,CURRENT_TIMESTAMP,100002160,100002563,1,Garter Belts,000002160
CURRENT_TIMESTAMP,CURRENT_TIMESTAMP,100001675,100002563,1,Garters,000001675
CURRENT_TIMESTAMP,CURRENT_TIMESTAMP,100001807,100000213,1,Long Johns,000001807
CURRENT_TIMESTAMP,CURRENT_TIMESTAMP,100002963,100000213,1,Petticoats & Pettipants,000002963
CURRENT_TIMESTAMP,CURRENT_TIMESTAMP,100001578,100000213,1,Shapewear,000001578
CURRENT_TIMESTAMP,CURRENT_TIMESTAMP,100000209,100000213,1,Socks,000000209
CURRENT_TIMESTAMP,CURRENT_TIMESTAMP,100002745,100000213,1,Undershirts,000002745
CURRENT_TIMESTAMP,CURRENT_TIMESTAMP,100002562,100000213,1,Underwear,000002562
CURRENT_TIMESTAMP,CURRENT_TIMESTAMP,100005834,100000213,1,Underwear Slips,000005834
CURRENT_TIMESTAMP,CURRENT_TIMESTAMP,100002306,100001604,1,Uniforms,000002306
CURRENT_TIMESTAMP,CURRENT_TIMESTAMP,100005484,100002306,1,Contractor Pants & Coveralls,000005484
CURRENT_TIMESTAMP,CURRENT_TIMESTAMP,100005878,100002306,1,Flight Suits,000005878
CURRENT_TIMESTAMP,CURRENT_TIMESTAMP,100007235,100002306,1,Food Service Uniforms,000007235
CURRENT_TIMESTAMP,CURRENT_TIMESTAMP,100007237,100007235,1,Chef's Hats,000007237
CURRENT_TIMESTAMP,CURRENT_TIMESTAMP,100002396,100007235,1,Chef's Jackets,000002396
CURRENT_TIMESTAMP,CURRENT_TIMESTAMP,100007236,100007235,1,Chef's Pants,000007236
CURRENT_TIMESTAMP,CURRENT_TIMESTAMP,100005949,100002306,1,Military Uniforms,000005949
CURRENT_TIMESTAMP,CURRENT_TIMESTAMP,100000206,100002306,1,School Uniforms,000000206
CURRENT_TIMESTAMP,CURRENT_TIMESTAMP,100003414,100002306,1,Security Uniforms,000003414
CURRENT_TIMESTAMP,CURRENT_TIMESTAMP,100003598,100002306,1,Sports Uniforms,000003598
CURRENT_TIMESTAMP,CURRENT_TIMESTAMP,100003191,100003598,1,Baseball Uniforms,000003191
CURRENT_TIMESTAMP,CURRENT_TIMESTAMP,100003439,100003598,1,Basketball Uniforms,000003439
CURRENT_TIMESTAMP,CURRENT_TIMESTAMP,100003683,100003598,1,Cheerleading Uniforms,000003683
CURRENT_TIMESTAMP,CURRENT_TIMESTAMP,100003724,100003598,1,Cricket Uniforms,000003724
CURRENT_TIMESTAMP,CURRENT_TIMESTAMP,100003888,100003598,1,Football Uniforms,000003888
CURRENT_TIMESTAMP,CURRENT_TIMESTAMP,100003958,100003598,1,Hockey Uniforms,000003958
CURRENT_TIMESTAMP,CURRENT_TIMESTAMP,100004003,100003598,1,Martial Arts Uniforms,000004003
CURRENT_TIMESTAMP,CURRENT_TIMESTAMP,100003253,100003598,1,Officiating Uniforms,000003253
CURRENT_TIMESTAMP,CURRENT_TIMESTAMP,100005564,100003598,1,Soccer Uniforms,000005564
CURRENT_TIMESTAMP,CURRENT_TIMESTAMP,100003379,100003598,1,Softball Uniforms,000003379
CURRENT_TIMESTAMP,CURRENT_TIMESTAMP,100003852,100003598,1,Wrestling Uniforms,000003852
CURRENT_TIMESTAMP,CURRENT_TIMESTAMP,100002292,100002306,1,White Coats,000002292
CURRENT_TIMESTAMP,CURRENT_TIMESTAMP,100005441,100001604,1,Wedding & Bridal Party Dresses,000005441
CURRENT_TIMESTAMP,CURRENT_TIMESTAMP,100005330,100005441,1,Bridal Party Dresses,000005330
CURRENT_TIMESTAMP,CURRENT_TIMESTAMP,100005329,100005441,1,Wedding Dresses,000005329
CURRENT_TIMESTAMP,CURRENT_TIMESTAMP,100000167,100000166,1,Clothing Accessories,000000167
CURRENT_TIMESTAMP,CURRENT_TIMESTAMP,100005942,100000167,1,Arm Warmers & Sleeves,000005942
CURRENT_TIMESTAMP,CURRENT_TIMESTAMP,100005422,100000167,1,Baby & Toddler Clothing Accessories,000005422
CURRENT_TIMESTAMP,CURRENT_TIMESTAMP,100005623,100005422,1,Baby & Toddler Belts,000005623
CURRENT_TIMESTAMP,CURRENT_TIMESTAMP,100005624,100005422,1,Baby & Toddler Gloves & Mittens,000005624
CURRENT_TIMESTAMP,CURRENT_TIMESTAMP,100005625,100005422,1,Baby & Toddler Hats,000005625
CURRENT_TIMESTAMP,CURRENT_TIMESTAMP,100005626,100005422,1,Baby Protective Wear,000005626
CURRENT_TIMESTAMP,CURRENT_TIMESTAMP,100001786,100000167,1,Balaclavas,000001786
CURRENT_TIMESTAMP,CURRENT_TIMESTAMP,100000168,100000167,1,Bandanas & Headties,000000168
CURRENT_TIMESTAMP,CURRENT_TIMESTAMP,100543586,100000168,1,Bandanas,000543586
CURRENT_TIMESTAMP,CURRENT_TIMESTAMP,100543587,100000168,1,Hair Care Wraps,000543587
CURRENT_TIMESTAMP,CURRENT_TIMESTAMP,100003913,100000167,1,Belt Buckles,000003913
CURRENT_TIMESTAMP,CURRENT_TIMESTAMP,100000169,100000167,1,Belts,000000169
CURRENT_TIMESTAMP,CURRENT_TIMESTAMP,100005443,100000167,1,Bridal Accessories,000005443
CURRENT_TIMESTAMP,CURRENT_TIMESTAMP,100005446,100005443,1,Bridal Veils,000005446
CURRENT_TIMESTAMP,CURRENT_TIMESTAMP,100006985,100000167,1,Button Studs,000006985
CURRENT_TIMESTAMP,CURRENT_TIMESTAMP,100006984,100000167,1,Collar Stays,000006984
CURRENT_TIMESTAMP,CURRENT_TIMESTAMP,100000193,100000167,1,Cufflinks,000000193
CURRENT_TIMESTAMP,CURRENT_TIMESTAMP,100005114,100000167,1,Decorative Fans,000005114
CURRENT_TIMESTAMP,CURRENT_TIMESTAMP,100006238,100000167,1,Earmuffs,000006238
CURRENT_TIMESTAMP,CURRENT_TIMESTAMP,100000170,100000167,1,Gloves & Mittens,000000170
CURRENT_TIMESTAMP,CURRENT_TIMESTAMP,100000171,100000167,1,Hair Accessories,000000171
CURRENT_TIMESTAMP,CURRENT_TIMESTAMP,100008451,100000171,1,Hair Bun & Volume Shapers,000008451
CURRENT_TIMESTAMP,CURRENT_TIMESTAMP,100002477,100000171,1,Hair Combs,000002477
CURRENT_TIMESTAMP,CURRENT_TIMESTAMP,100004057,100000171,1,Hair Extensions,000004057
CURRENT_TIMESTAMP,CURRENT_TIMESTAMP,100001948,100000171,1,Hair Forks & Sticks,000001948
CURRENT_TIMESTAMP,CURRENT_TIMESTAMP,100006183,100000171,1,Hair Nets,000006183
CURRENT_TIMESTAMP,CURRENT_TIMESTAMP,100502988,100000171,1,Hair Pins,000502988
CURRENT_TIMESTAMP,CURRENT_TIMESTAMP,100543646,100502988,1,Barrettes,000543646
CURRENT_TIMESTAMP,CURRENT_TIMESTAMP,100543645,100502988,1,Hair Claws & Clips,000543645
CURRENT_TIMESTAMP,CURRENT_TIMESTAMP,100543644,100502988,1,Hair Pins,000543644
CURRENT_TIMESTAMP,CURRENT_TIMESTAMP,100005915,100000171,1,Hair Wreaths,000005915
CURRENT_TIMESTAMP,CURRENT_TIMESTAMP,100001662,100000171,1,Headbands,000001662
CURRENT_TIMESTAMP,CURRENT_TIMESTAMP,100001483,100000171,1,Ponytail Holders,000001483
CURRENT_TIMESTAMP,CURRENT_TIMESTAMP,100005914,100000171,1,Tiaras,000005914
CURRENT_TIMESTAMP,CURRENT_TIMESTAMP,100007305,100000171,1,Wig Accessories,000007305
CURRENT_TIMESTAMP,CURRENT_TIMESTAMP,100007307,100007305,1,Wig Caps,000007307
CURRENT_TIMESTAMP,CURRENT_TIMESTAMP,100007306,100007305,1,Wig Glue & Tape,000007306
CURRENT_TIMESTAMP,CURRENT_TIMESTAMP,100000181,100000171,1,Wigs,000000181
CURRENT_TIMESTAMP,CURRENT_TIMESTAMP,100007133,100000167,1,Hand Muffs,000007133
CURRENT_TIMESTAMP,CURRENT_TIMESTAMP,100005207,100000167,1,Handkerchiefs,000005207
CURRENT_TIMESTAMP,CURRENT_TIMESTAMP,100000173,100000167,1,Hats,000000173
CURRENT_TIMESTAMP,CURRENT_TIMESTAMP,100002020,100000167,1,Headwear,000002020
CURRENT_TIMESTAMP,CURRENT_TIMESTAMP,100007054,100002020,1,Fascinators,000007054
CURRENT_TIMESTAMP,CURRENT_TIMESTAMP,100001922,100002020,1,Headdresses,000001922
CURRENT_TIMESTAMP,CURRENT_TIMESTAMP,100005939,100002020,1,Turbans,000005939
CURRENT_TIMESTAMP,CURRENT_TIMESTAMP,100005941,100000167,1,Leg Warmers,000005941
CURRENT_TIMESTAMP,CURRENT_TIMESTAMP,100006268,100000167,1,Leis,000006268
CURRENT_TIMESTAMP,CURRENT_TIMESTAMP,100502987,100000167,1,Maternity Belts & Support Bands,000502987
CURRENT_TIMESTAMP,CURRENT_TIMESTAMP,100007230,100000167,1,Neck Gaiters,000007230
CURRENT_TIMESTAMP,CURRENT_TIMESTAMP,100000176,100000167,1,Neckties,000000176
CURRENT_TIMESTAMP,CURRENT_TIMESTAMP,100004179,100000167,1,Pinback Buttons,000004179
CURRENT_TIMESTAMP,CURRENT_TIMESTAMP,100499972,100000167,1,Sashes,000499972
CURRENT_TIMESTAMP,CURRENT_TIMESTAMP,100000177,100000167,1,Scarves & Shawls,000000177
CURRENT_TIMESTAMP,CURRENT_TIMESTAMP,100543673,100000177,1,Scarves,000543673
CURRENT_TIMESTAMP,CURRENT_TIMESTAMP,100543674,100000177,1,Shawls,000543674
CURRENT_TIMESTAMP,CURRENT_TIMESTAMP,100000178,100000167,1,Sunglasses,000000178
CURRENT_TIMESTAMP,CURRENT_TIMESTAMP,100000179,100000167,1,Suspenders,000000179
CURRENT_TIMESTAMP,CURRENT_TIMESTAMP,100000180,100000167,1,Tie Clips,000000180
CURRENT_TIMESTAMP,CURRENT_TIMESTAMP,100005390,100000167,1,Traditional Clothing Accessories,000005390
CURRENT_TIMESTAMP,CURRENT_TIMESTAMP,100005687,100005390,1,Obis,000005687
CURRENT_TIMESTAMP,CURRENT_TIMESTAMP,100005685,100005390,1,Tabi Socks,000005685
CURRENT_TIMESTAMP,CURRENT_TIMESTAMP,100001893,100000167,1,Wristbands,000001893
CURRENT_TIMESTAMP,CURRENT_TIMESTAMP,100000184,100000166,1,Costumes & Accessories,000000184
CURRENT_TIMESTAMP,CURRENT_TIMESTAMP,100005192,100000184,1,Costume Accessories,000005192
CURRENT_TIMESTAMP,CURRENT_TIMESTAMP,100007304,100005192,1,Bald Caps,000007304
CURRENT_TIMESTAMP,CURRENT_TIMESTAMP,100008017,100005192,1,Costume Accessory Sets,000008017
CURRENT_TIMESTAMP,CURRENT_TIMESTAMP,100005907,100005192,1,Costume Capes,000005907
CURRENT_TIMESTAMP,CURRENT_TIMESTAMP,100008200,100005192,1,Costume Gloves,000008200
CURRENT_TIMESTAMP,CURRENT_TIMESTAMP,100005426,100005192,1,Costume Hats,000005426
CURRENT_TIMESTAMP,CURRENT_TIMESTAMP,100500118,100005192,1,Costume Special Effects,000500118
CURRENT_TIMESTAMP,CURRENT_TIMESTAMP,100500008,100005192,1,Costume Tobacco Products,000500008
CURRENT_TIMESTAMP,CURRENT_TIMESTAMP,100008018,100005192,1,Pretend Jewelry,000008018
CURRENT_TIMESTAMP,CURRENT_TIMESTAMP,100005387,100000184,1,Costume Shoes,000005387
CURRENT_TIMESTAMP,CURRENT_TIMESTAMP,100005193,100000184,1,Costumes,000005193
CURRENT_TIMESTAMP,CURRENT_TIMESTAMP,100005194,100000184,1,Masks,000005194
CURRENT_TIMESTAMP,CURRENT_TIMESTAMP,100006552,100000166,1,Handbag & Wallet Accessories,000006552
CURRENT_TIMESTAMP,CURRENT_TIMESTAMP,100006460,100006552,1,Checkbook Covers,000006460
CURRENT_TIMESTAMP,CURRENT_TIMESTAMP,100000175,100006552,1,Keychains,000000175
CURRENT_TIMESTAMP,CURRENT_TIMESTAMP,100006277,100006552,1,Lanyards,000006277
CURRENT_TIMESTAMP,CURRENT_TIMESTAMP,100005841,100006552,1,Wallet Chains,000005841
CURRENT_TIMESTAMP,CURRENT_TIMESTAMP,100006551,100000166,1,Handbags,000006551
CURRENT_TIMESTAMP,CURRENT_TIMESTAMP,100006170,100006551,1,Badge & Pass Holders,000006170
CURRENT_TIMESTAMP,CURRENT_TIMESTAMP,100006169,100006551,1,Business Card Cases,000006169
CURRENT_TIMESTAMP,CURRENT_TIMESTAMP,100003032,100006551,1,Handbags,000003032
CURRENT_TIMESTAMP,CURRENT_TIMESTAMP,100002668,100006551,1,Wallets & Money Clips,000002668
CURRENT_TIMESTAMP,CURRENT_TIMESTAMP,100000188,100000166,1,Jewelry,000000188
CURRENT_TIMESTAMP,CURRENT_TIMESTAMP,100000189,100000188,1,Anklets,000000189
CURRENT_TIMESTAMP,CURRENT_TIMESTAMP,100000190,100000188,1,Body Jewelry,000000190
CURRENT_TIMESTAMP,CURRENT_TIMESTAMP,100000191,100000188,1,Bracelets,000000191
CURRENT_TIMESTAMP,CURRENT_TIMESTAMP,100000197,100000188,1,Brooches & Lapel Pins,000000197
CURRENT_TIMESTAMP,CURRENT_TIMESTAMP,100000192,100000188,1,Charms & Pendants,000000192
CURRENT_TIMESTAMP,CURRENT_TIMESTAMP,100000194,100000188,1,Earrings,000000194
CURRENT_TIMESTAMP,CURRENT_TIMESTAMP,100006463,100000188,1,Jewelry Sets,000006463
CURRENT_TIMESTAMP,CURRENT_TIMESTAMP,100000196,100000188,1,Necklaces,000000196
CURRENT_TIMESTAMP,CURRENT_TIMESTAMP,100000200,100000188,1,Rings,000000200
CURRENT_TIMESTAMP,CURRENT_TIMESTAMP,100005122,100000188,1,Watch Accessories,000005122
CURRENT_TIMESTAMP,CURRENT_TIMESTAMP,100005123,100005122,1,Watch Bands,000005123
CURRENT_TIMESTAMP,CURRENT_TIMESTAMP,100007471,100005122,1,Watch Stickers & Decals,000007471
CURRENT_TIMESTAMP,CURRENT_TIMESTAMP,100006870,100005122,1,Watch Winders,000006870
CURRENT_TIMESTAMP,CURRENT_TIMESTAMP,100000201,100000188,1,Watches,000000201
CURRENT_TIMESTAMP,CURRENT_TIMESTAMP,100001933,100000166,1,Shoe Accessories,000001933
CURRENT_TIMESTAMP,CURRENT_TIMESTAMP,100005567,100001933,1,Boot Liners,000005567
CURRENT_TIMESTAMP,CURRENT_TIMESTAMP,100007078,100001933,1,Gaiters,000007078
CURRENT_TIMESTAMP,CURRENT_TIMESTAMP,100005385,100001933,1,Shoe Covers,000005385
CURRENT_TIMESTAMP,CURRENT_TIMESTAMP,100001856,100001933,1,Shoelaces,000001856
CURRENT_TIMESTAMP,CURRENT_TIMESTAMP,100002427,100001933,1,Spurs,000002427
CURRENT_TIMESTAMP,CURRENT_TIMESTAMP,100000187,100000166,1,Shoes,000000187
CURRENT_TIMESTAMP,CURRENT_TIMESTAMP,100000008,null,1,Arts & Entertainment,000000008
CURRENT_TIMESTAMP,CURRENT_TIMESTAMP,100499969,100000008,1,Event Tickets,000499969
CURRENT_TIMESTAMP,CURRENT_TIMESTAMP,100005710,100000008,1,Hobbies & Creative Arts,000005710
CURRENT_TIMESTAMP,CURRENT_TIMESTAMP,100000016,100005710,1,Arts & Crafts,000000016
CURRENT_TIMESTAMP,CURRENT_TIMESTAMP,100505370,100000016,1,Art & Craft Kits,000505370
CURRENT_TIMESTAMP,CURRENT_TIMESTAMP,100505374,100505370,1,Candle Making Kits,000505374
CURRENT_TIMESTAMP,CURRENT_TIMESTAMP,100004778,100505370,1,Drawing & Painting Kits,000004778
CURRENT_TIMESTAMP,CURRENT_TIMESTAMP,100006382,100505370,1,Fabric Repair Kits,000006382
CURRENT_TIMESTAMP,CURRENT_TIMESTAMP,100006989,100505370,1,Incense Making Kits,000006989
CURRENT_TIMESTAMP,CURRENT_TIMESTAMP,100502979,100505370,1,Jewelry Making Kits,000502979
CURRENT_TIMESTAMP,CURRENT_TIMESTAMP,100006829,100505370,1,Mosaic Kits,000006829
CURRENT_TIMESTAMP,CURRENT_TIMESTAMP,100007096,100505370,1,Needlecraft Kits,000007096
CURRENT_TIMESTAMP,CURRENT_TIMESTAMP,100503758,100505370,1,Scrapbooking & Stamping Kits,000503758
CURRENT_TIMESTAMP,CURRENT_TIMESTAMP,100004986,100505370,1,Toy Craft Kits,000004986
CURRENT_TIMESTAMP,CURRENT_TIMESTAMP,100505372,100000016,1,Art & Crafting Materials,000505372
CURRENT_TIMESTAMP,CURRENT_TIMESTAMP,100000024,100505372,1,Art & Craft Paper,000000024
CURRENT_TIMESTAMP,CURRENT_TIMESTAMP,100505399,100000024,1,Cardstock & Scrapbooking Paper,000505399
CURRENT_TIMESTAMP,CURRENT_TIMESTAMP,100543510,100505399,1,Cardstock,000543510
CURRENT_TIMESTAMP,CURRENT_TIMESTAMP,100543511,100505399,1,Scrapbooking Paper,000543511
CURRENT_TIMESTAMP,CURRENT_TIMESTAMP,100002532,100000024,1,Construction Paper,000002532
CURRENT_TIMESTAMP,CURRENT_TIMESTAMP,100008168,100000024,1,Craft Foil,000008168
CURRENT_TIMESTAMP,CURRENT_TIMESTAMP,100505400,100000024,1,Drawing & Painting Paper,000505400
CURRENT_TIMESTAMP,CURRENT_TIMESTAMP,100002967,100000024,1,Origami Paper,000002967
CURRENT_TIMESTAMP,CURRENT_TIMESTAMP,100006110,100000024,1,Transfer Paper,000006110
CURRENT_TIMESTAMP,CURRENT_TIMESTAMP,100002741,100000024,1,Vellum Paper,000002741
CURRENT_TIMESTAMP,CURRENT_TIMESTAMP,100505380,100505372,1,Craft Fasteners & Closures,000505380
CURRENT_TIMESTAMP,CURRENT_TIMESTAMP,100004226,100505380,1,Buttons & Snaps,000004226
CURRENT_TIMESTAMP,CURRENT_TIMESTAMP,100505408,100505380,1,Clasps & Hooks,000505408
CURRENT_TIMESTAMP,CURRENT_TIMESTAMP,100505409,100505380,1,Eyelets & Grommets,000505409
CURRENT_TIMESTAMP,CURRENT_TIMESTAMP,100006145,100505380,1,Hook and Loop Fasteners,000006145
CURRENT_TIMESTAMP,CURRENT_TIMESTAMP,100500056,100505380,1,Zipper Pulls,000500056
CURRENT_TIMESTAMP,CURRENT_TIMESTAMP,100004174,100505380,1,Zippers,000004174
CURRENT_TIMESTAMP,CURRENT_TIMESTAMP,100505378,100505372,1,Craft Paint,000505378
CURRENT_TIMESTAMP,CURRENT_TIMESTAMP,100505417,100505378,1,Art & Craft Paint,000505417
CURRENT_TIMESTAMP,CURRENT_TIMESTAMP,100500094,100505378,1,Art Fixatives,000500094
CURRENT_TIMESTAMP,CURRENT_TIMESTAMP,100505416,100505378,1,Art Ink,000505416
CURRENT_TIMESTAMP,CURRENT_TIMESTAMP,100499879,100505378,1,Ceramic & Pottery Glazes,000499879
CURRENT_TIMESTAMP,CURRENT_TIMESTAMP,100505415,100505378,1,Craft Dyes,000505415
CURRENT_TIMESTAMP,CURRENT_TIMESTAMP,100505414,100505378,1,Ink Pads,000505414
CURRENT_TIMESTAMP,CURRENT_TIMESTAMP,100006558,100505378,1,Paint Mediums,000006558
CURRENT_TIMESTAMP,CURRENT_TIMESTAMP,100505381,100505372,1,Craft Shapes & Bases,000505381
CURRENT_TIMESTAMP,CURRENT_TIMESTAMP,100006117,100505381,1,Craft Foam & Styrofoam,000006117
CURRENT_TIMESTAMP,CURRENT_TIMESTAMP,100505404,100505381,1,Craft Wood & Shapes,000505404
CURRENT_TIMESTAMP,CURRENT_TIMESTAMP,100505403,100505381,1,Papier Mache Shapes,000505403
CURRENT_TIMESTAMP,CURRENT_TIMESTAMP,100504419,100505381,1,Wreath & Floral Frames,000504419
CURRENT_TIMESTAMP,CURRENT_TIMESTAMP,100505376,100505372,1,Crafting Adhesives & Magnets,000505376
CURRENT_TIMESTAMP,CURRENT_TIMESTAMP,100503745,100505376,1,Craft & Office Glue,000503745
CURRENT_TIMESTAMP,CURRENT_TIMESTAMP,100000036,100505376,1,Craft Magnets,000000036
CURRENT_TIMESTAMP,CURRENT_TIMESTAMP,100505419,100505376,1,Decorative Tape,000505419
CURRENT_TIMESTAMP,CURRENT_TIMESTAMP,100007192,100505376,1,Floral Tape,000007192
CURRENT_TIMESTAMP,CURRENT_TIMESTAMP,100006418,100505376,1,Fusible Tape,000006418
CURRENT_TIMESTAMP,CURRENT_TIMESTAMP,100505382,100505372,1,Crafting Fibers,000505382
CURRENT_TIMESTAMP,CURRENT_TIMESTAMP,100006540,100505382,1,Jewelry & Beading Cord,000006540
CURRENT_TIMESTAMP,CURRENT_TIMESTAMP,100000049,100505382,1,Thread & Floss,000000049
CURRENT_TIMESTAMP,CURRENT_TIMESTAMP,100006140,100505382,1,Unspun Fiber,000006140
CURRENT_TIMESTAMP,CURRENT_TIMESTAMP,100002669,100505382,1,Yarn,000002669
CURRENT_TIMESTAMP,CURRENT_TIMESTAMP,100505377,100505372,1,Crafting Wire,000505377
CURRENT_TIMESTAMP,CURRENT_TIMESTAMP,100005062,100505377,1,Craft Pipe Cleaners,000005062
CURRENT_TIMESTAMP,CURRENT_TIMESTAMP,100505418,100505377,1,Floral Wire,000505418
CURRENT_TIMESTAMP,CURRENT_TIMESTAMP,100006102,100505377,1,Jewelry & Beading Wire,000006102
CURRENT_TIMESTAMP,CURRENT_TIMESTAMP,100505379,100505372,1,Embellishments & Trims,000505379
CURRENT_TIMESTAMP,CURRENT_TIMESTAMP,100006955,100505379,1,Appliques & Patches,000006955
CURRENT_TIMESTAMP,CURRENT_TIMESTAMP,100000032,100505379,1,Beads,000000032
CURRENT_TIMESTAMP,CURRENT_TIMESTAMP,100505413,100505379,1,Bows & Yo-Yos,000505413
CURRENT_TIMESTAMP,CURRENT_TIMESTAMP,100004054,100505379,1,Decorative Stickers,000004054
CURRENT_TIMESTAMP,CURRENT_TIMESTAMP,100006146,100505379,1,Elastic,000006146
CURRENT_TIMESTAMP,CURRENT_TIMESTAMP,100505411,100505379,1,Feathers,000505411
CURRENT_TIMESTAMP,CURRENT_TIMESTAMP,100005996,100505379,1,Jewelry Findings,000005996
CURRENT_TIMESTAMP,CURRENT_TIMESTAMP,100000198,100505379,1,Loose Stones,000000198
CURRENT_TIMESTAMP,CURRENT_TIMESTAMP,100005982,100505379,1,Rhinestones & Flatbacks,000005982
CURRENT_TIMESTAMP,CURRENT_TIMESTAMP,100505412,100505379,1,Ribbons & Trim,000505412
CURRENT_TIMESTAMP,CURRENT_TIMESTAMP,100505410,100505379,1,Sequins & Glitter,000505410
CURRENT_TIMESTAMP,CURRENT_TIMESTAMP,100001927,100505379,1,Sew-in Labels,000001927
CURRENT_TIMESTAMP,CURRENT_TIMESTAMP,100006121,100505372,1,Embossing Powder,000006121
CURRENT_TIMESTAMP,CURRENT_TIMESTAMP,100006142,100505372,1,Filling & Padding Material,000006142
CURRENT_TIMESTAMP,CURRENT_TIMESTAMP,100505407,100006142,1,Batting & Stuffing,000505407
CURRENT_TIMESTAMP,CURRENT_TIMESTAMP,100505406,100006142,1,Filling Pellets,000505406
CURRENT_TIMESTAMP,CURRENT_TIMESTAMP,100505405,100006142,1,Pillow Forms,000505405
CURRENT_TIMESTAMP,CURRENT_TIMESTAMP,100505383,100505372,1,Leather & Vinyl,000505383
CURRENT_TIMESTAMP,CURRENT_TIMESTAMP,100000044,100505372,1,Pottery & Sculpting Materials,000000044
CURRENT_TIMESTAMP,CURRENT_TIMESTAMP,100003692,100000044,1,Clay & Modeling Dough,000003692
CURRENT_TIMESTAMP,CURRENT_TIMESTAMP,100543628,100003692,1,Clay,000543628
CURRENT_TIMESTAMP,CURRENT_TIMESTAMP,100543629,100003692,1,Modeling Dough,000543629
CURRENT_TIMESTAMP,CURRENT_TIMESTAMP,100505401,100000044,1,Papier Mache Mixes,000505401
CURRENT_TIMESTAMP,CURRENT_TIMESTAMP,100505804,100000044,1,Plaster Gauze,000505804
CURRENT_TIMESTAMP,CURRENT_TIMESTAMP,100505402,100000044,1,Pottery Slips,000505402
CURRENT_TIMESTAMP,CURRENT_TIMESTAMP,100505375,100505372,1,Raw Candle Wax,000505375
CURRENT_TIMESTAMP,CURRENT_TIMESTAMP,100505384,100505372,1,Textiles,000505384
CURRENT_TIMESTAMP,CURRENT_TIMESTAMP,100505397,100505384,1,Crafting Canvas,000505397
CURRENT_TIMESTAMP,CURRENT_TIMESTAMP,100505398,100505397,1,Needlecraft Canvas,000505398
CURRENT_TIMESTAMP,CURRENT_TIMESTAMP,100000019,100505397,1,Painting Canvas,000000019
CURRENT_TIMESTAMP,CURRENT_TIMESTAMP,100006144,100505397,1,Plastic Canvas,000006144
CURRENT_TIMESTAMP,CURRENT_TIMESTAMP,100000047,100505384,1,Fabric,000000047
CURRENT_TIMESTAMP,CURRENT_TIMESTAMP,100007076,100505384,1,Interfacing,000007076
CURRENT_TIMESTAMP,CURRENT_TIMESTAMP,100505396,100505384,1,Printable Fabric,000505396
CURRENT_TIMESTAMP,CURRENT_TIMESTAMP,100007403,100505372,1,Wick Tabs,000007403
CURRENT_TIMESTAMP,CURRENT_TIMESTAMP,100007402,100505372,1,Wicks,000007402
CURRENT_TIMESTAMP,CURRENT_TIMESTAMP,100504643,100000016,1,Art & Crafting Tool Accessories,000504643
CURRENT_TIMESTAMP,CURRENT_TIMESTAMP,100232168,100504643,1,Craft Knife Blades,000232168
CURRENT_TIMESTAMP,CURRENT_TIMESTAMP,100004580,100504643,1,Craft Machine Cases & Covers,000004580
CURRENT_TIMESTAMP,CURRENT_TIMESTAMP,100505286,100504643,1,Sewing Machine Extension Tables,000505286
CURRENT_TIMESTAMP,CURRENT_TIMESTAMP,100005120,100504643,1,Sewing Machine Feet,000005120
CURRENT_TIMESTAMP,CURRENT_TIMESTAMP,100503348,100504643,1,Sewing Machine Replacement Parts,000503348
CURRENT_TIMESTAMP,CURRENT_TIMESTAMP,100006136,100504643,1,Spinning Wheel Accessories,000006136
CURRENT_TIMESTAMP,CURRENT_TIMESTAMP,100499918,100504643,1,Stamp Blocks,000499918
CURRENT_TIMESTAMP,CURRENT_TIMESTAMP,100504639,100000016,1,Art & Crafting Tools,000504639
CURRENT_TIMESTAMP,CURRENT_TIMESTAMP,100006152,100504639,1,Blocking Mats,000006152
CURRENT_TIMESTAMP,CURRENT_TIMESTAMP,100006151,100504639,1,Blocking Wires,000006151
CURRENT_TIMESTAMP,CURRENT_TIMESTAMP,100505391,100504639,1,Color Mixing Tools,000505391
CURRENT_TIMESTAMP,CURRENT_TIMESTAMP,100001653,100505391,1,Palette Knives,000001653
CURRENT_TIMESTAMP,CURRENT_TIMESTAMP,100001719,100505391,1,Palettes,000001719
CURRENT_TIMESTAMP,CURRENT_TIMESTAMP,100504640,100504639,1,Craft Cutting & Embossing Tools,000504640
CURRENT_TIMESTAMP,CURRENT_TIMESTAMP,100504641,100504640,1,Craft & Office Scissors,000504641
CURRENT_TIMESTAMP,CURRENT_TIMESTAMP,100504642,100504640,1,Craft Cutters & Embossers,000504642
CURRENT_TIMESTAMP,CURRENT_TIMESTAMP,100005136,100504640,1,Craft Knives,000005136
CURRENT_TIMESTAMP,CURRENT_TIMESTAMP,100006119,100504640,1,Craft Scoring Tools,000006119
CURRENT_TIMESTAMP,CURRENT_TIMESTAMP,100007340,100504640,1,Embossing Heat Tools,000007340
CURRENT_TIMESTAMP,CURRENT_TIMESTAMP,100006122,100504640,1,Embossing Pens & Styluses,000006122
CURRENT_TIMESTAMP,CURRENT_TIMESTAMP,100006161,100504640,1,Seam Rippers,000006161
CURRENT_TIMESTAMP,CURRENT_TIMESTAMP,100006447,100504640,1,Thread & Yarn Cutters,000006447
CURRENT_TIMESTAMP,CURRENT_TIMESTAMP,100505386,100504639,1,Craft Decoration Makers,000505386
CURRENT_TIMESTAMP,CURRENT_TIMESTAMP,100505392,100504639,1,Craft Measuring & Marking Tools,000505392
CURRENT_TIMESTAMP,CURRENT_TIMESTAMP,100000018,100505392,1,Art Brushes,000000018
CURRENT_TIMESTAMP,CURRENT_TIMESTAMP,100006126,100505392,1,Brayer Rollers,000006126
CURRENT_TIMESTAMP,CURRENT_TIMESTAMP,100004032,100505392,1,Decorative Stamps,000004032
CURRENT_TIMESTAMP,CURRENT_TIMESTAMP,100003083,100505392,1,Drafting Compasses,000003083
CURRENT_TIMESTAMP,CURRENT_TIMESTAMP,100006125,100505392,1,Screen Printing Squeegees,000006125
CURRENT_TIMESTAMP,CURRENT_TIMESTAMP,100005883,100505392,1,Stencil Machines,000005883
CURRENT_TIMESTAMP,CURRENT_TIMESTAMP,100002671,100505392,1,Stencils & Die Cuts,000002671
CURRENT_TIMESTAMP,CURRENT_TIMESTAMP,100006160,100505392,1,Stitch Markers & Counters,000006160
CURRENT_TIMESTAMP,CURRENT_TIMESTAMP,100006157,100505392,1,Textile Art Gauges & Rulers,000006157
CURRENT_TIMESTAMP,CURRENT_TIMESTAMP,100505420,100505392,1,Wood Burning Tools,000505420
CURRENT_TIMESTAMP,CURRENT_TIMESTAMP,100005137,100504639,1,Cutting Mats,000005137
CURRENT_TIMESTAMP,CURRENT_TIMESTAMP,100006150,100504639,1,Dress Forms,000006150
CURRENT_TIMESTAMP,CURRENT_TIMESTAMP,100006133,100504639,1,Felting Pads & Mats,000006133
CURRENT_TIMESTAMP,CURRENT_TIMESTAMP,100006158,100504639,1,Frames,000006158
CURRENT_TIMESTAMP,CURRENT_TIMESTAMP,100004073,100504639,1,Glue Guns,000004073
CURRENT_TIMESTAMP,CURRENT_TIMESTAMP,100005921,100504639,1,Light Boxes,000005921
CURRENT_TIMESTAMP,CURRENT_TIMESTAMP,100505393,100504639,1,Needles & Hooks,000505393
CURRENT_TIMESTAMP,CURRENT_TIMESTAMP,100006127,100505393,1,Crochet Hooks,000006127
CURRENT_TIMESTAMP,CURRENT_TIMESTAMP,100005992,100505393,1,Hand-Sewing Needles,000005992
CURRENT_TIMESTAMP,CURRENT_TIMESTAMP,100006139,100505393,1,Knitting Needles,000006139
CURRENT_TIMESTAMP,CURRENT_TIMESTAMP,100006168,100505393,1,Latch & Locker Hooks,000006168
CURRENT_TIMESTAMP,CURRENT_TIMESTAMP,100004579,100505393,1,Sewing Machine Needles,000004579
CURRENT_TIMESTAMP,CURRENT_TIMESTAMP,100006101,100504639,1,Safety Pins,000006101
CURRENT_TIMESTAMP,CURRENT_TIMESTAMP,100006159,100504639,1,Straight Pins,000006159
CURRENT_TIMESTAMP,CURRENT_TIMESTAMP,100505388,100504639,1,Textile Craft Machines,000505388
CURRENT_TIMESTAMP,CURRENT_TIMESTAMP,100006134,100505388,1,Felting Needles & Machines,000006134
CURRENT_TIMESTAMP,CURRENT_TIMESTAMP,100505422,100505388,1,Hand Looms,000505422
CURRENT_TIMESTAMP,CURRENT_TIMESTAMP,100505421,100505388,1,Mechanical Looms,000505421
CURRENT_TIMESTAMP,CURRENT_TIMESTAMP,100000615,100505388,1,Sewing Machines,000000615
CURRENT_TIMESTAMP,CURRENT_TIMESTAMP,100006137,100505388,1,Spinning Wheels,000006137
CURRENT_TIMESTAMP,CURRENT_TIMESTAMP,100006156,100504639,1,Thimbles & Sewing Palms,000006156
CURRENT_TIMESTAMP,CURRENT_TIMESTAMP,100543639,100006156,1,Sewing Palms,000543639
CURRENT_TIMESTAMP,CURRENT_TIMESTAMP,100543638,100006156,1,Thimbles,000543638
CURRENT_TIMESTAMP,CURRENT_TIMESTAMP,100505387,100504639,1,Thread & Yarn Tools,000505387
CURRENT_TIMESTAMP,CURRENT_TIMESTAMP,100006164,100505387,1,Fiber Cards & Brushes,000006164
CURRENT_TIMESTAMP,CURRENT_TIMESTAMP,100006138,100505387,1,Hand Spindles,000006138
CURRENT_TIMESTAMP,CURRENT_TIMESTAMP,100006163,100505387,1,Needle Threaders,000006163
CURRENT_TIMESTAMP,CURRENT_TIMESTAMP,100006155,100505387,1,Thread & Yarn Guides,000006155
CURRENT_TIMESTAMP,CURRENT_TIMESTAMP,100006154,100505387,1,Thread & Yarn Spools,000006154
CURRENT_TIMESTAMP,CURRENT_TIMESTAMP,100006153,100505387,1,Thread,000006153
CURRENT_TIMESTAMP,CURRENT_TIMESTAMP,100006167,100505387,1,Weaving Beaters,000006167
CURRENT_TIMESTAMP,CURRENT_TIMESTAMP,100006166,100505387,1,Weaving Shuttles,000006166
CURRENT_TIMESTAMP,CURRENT_TIMESTAMP,100505369,100000016,1,Craft Organization,000505369
CURRENT_TIMESTAMP,CURRENT_TIMESTAMP,100505394,100505369,1,Needle,000505394
CURRENT_TIMESTAMP,CURRENT_TIMESTAMP,100499971,100505369,1,Sewing Baskets & Kits,000499971
CURRENT_TIMESTAMP,CURRENT_TIMESTAMP,100505395,100505369,1,Thread & Yarn Organizers,000505395
CURRENT_TIMESTAMP,CURRENT_TIMESTAMP,100505371,100000016,1,Crafting Patterns & Molds,000505371
CURRENT_TIMESTAMP,CURRENT_TIMESTAMP,100006999,100505371,1,Beading Patterns,000006999
CURRENT_TIMESTAMP,CURRENT_TIMESTAMP,100008007,100505371,1,Craft Molds,000008007
CURRENT_TIMESTAMP,CURRENT_TIMESTAMP,100006135,100505371,1,Felting Molds,000006135
CURRENT_TIMESTAMP,CURRENT_TIMESTAMP,100505373,100505371,1,Needlecraft Patterns,000505373
CURRENT_TIMESTAMP,CURRENT_TIMESTAMP,100003697,100505371,1,Sewing Patterns,000003697
CURRENT_TIMESTAMP,CURRENT_TIMESTAMP,100000216,100005710,1,Collectibles,000000216
CURRENT_TIMESTAMP,CURRENT_TIMESTAMP,100003599,100000216,1,Autographs,000003599
CURRENT_TIMESTAMP,CURRENT_TIMESTAMP,100000217,100000216,1,Collectible Coins & Currency,000000217
CURRENT_TIMESTAMP,CURRENT_TIMESTAMP,100543607,100000217,1,Collectible Banknotes,000543607
CURRENT_TIMESTAMP,CURRENT_TIMESTAMP,100543606,100000217,1,Collectible Coins,000543606
CURRENT_TIMESTAMP,CURRENT_TIMESTAMP,100006997,100000216,1,Collectible Trading Cards,000006997
CURRENT_TIMESTAMP,CURRENT_TIMESTAMP,100000220,100000216,1,Collectible Weapons,000000220
CURRENT_TIMESTAMP,CURRENT_TIMESTAMP,100499953,100000220,1,Collectible Guns,000499953
CURRENT_TIMESTAMP,CURRENT_TIMESTAMP,100005311,100000220,1,Collectible Knives,000005311
CURRENT_TIMESTAMP,CURRENT_TIMESTAMP,100000221,100000220,1,Collectible Swords,000000221
CURRENT_TIMESTAMP,CURRENT_TIMESTAMP,100001340,100000220,1,Sword Stands & Displays,000001340
CURRENT_TIMESTAMP,CURRENT_TIMESTAMP,100000219,100000216,1,Postage Stamps,000000219
CURRENT_TIMESTAMP,CURRENT_TIMESTAMP,100000218,100000216,1,Rocks & Fossils,000000218
CURRENT_TIMESTAMP,CURRENT_TIMESTAMP,100006000,100000216,1,Scale Model Accessories,000006000
CURRENT_TIMESTAMP,CURRENT_TIMESTAMP,100000037,100000216,1,Scale Models,000000037
CURRENT_TIMESTAMP,CURRENT_TIMESTAMP,100001312,100000216,1,Seal Stamps,000001312
CURRENT_TIMESTAMP,CURRENT_TIMESTAMP,100003865,100000216,1,Sports Collectibles,000003865
CURRENT_TIMESTAMP,CURRENT_TIMESTAMP,100004333,100003865,1,Autographed Sports Paraphernalia,000004333
CURRENT_TIMESTAMP,CURRENT_TIMESTAMP,100004180,100004333,1,Auto Racing Autographed Paraphernalia,000004180
CURRENT_TIMESTAMP,CURRENT_TIMESTAMP,100004149,100004333,1,Baseball & Softball Autographed Paraphernalia,000004149
CURRENT_TIMESTAMP,CURRENT_TIMESTAMP,100004279,100004333,1,Basketball Autographed Paraphernalia,000004279
CURRENT_TIMESTAMP,CURRENT_TIMESTAMP,100008210,100004333,1,Boxing Autographed Paraphernalia,000008210
CURRENT_TIMESTAMP,CURRENT_TIMESTAMP,100004124,100004333,1,Football Autographed Paraphernalia,000004124
CURRENT_TIMESTAMP,CURRENT_TIMESTAMP,100004144,100004333,1,Hockey Autographed Paraphernalia,000004144
CURRENT_TIMESTAMP,CURRENT_TIMESTAMP,100004093,100004333,1,Soccer Autographed Paraphernalia,000004093
CURRENT_TIMESTAMP,CURRENT_TIMESTAMP,100006186,100004333,1,Tennis Autographed Sports Paraphernalia,000006186
CURRENT_TIMESTAMP,CURRENT_TIMESTAMP,100003515,100003865,1,Sports Fan Accessories,000003515
CURRENT_TIMESTAMP,CURRENT_TIMESTAMP,100001051,100003515,1,Auto Racing Fan Accessories,000001051
CURRENT_TIMESTAMP,CURRENT_TIMESTAMP,100001074,100003515,1,Baseball & Softball Fan Accessories,000001074
CURRENT_TIMESTAMP,CURRENT_TIMESTAMP,100001084,100003515,1,Basketball Fan Accessories,000001084
CURRENT_TIMESTAMP,CURRENT_TIMESTAMP,100001095,100003515,1,Football Fan Accessories,000001095
CURRENT_TIMESTAMP,CURRENT_TIMESTAMP,100004006,100003515,1,Hockey Fan Accessories,000004006
CURRENT_TIMESTAMP,CURRENT_TIMESTAMP,100003576,100003515,1,Soccer Fan Accessories,000003576
CURRENT_TIMESTAMP,CURRENT_TIMESTAMP,100006187,100003515,1,Tennis Fan Accessories,000006187
CURRENT_TIMESTAMP,CURRENT_TIMESTAMP,100003893,100000216,1,Vintage Advertisements,000003893
CURRENT_TIMESTAMP,CURRENT_TIMESTAMP,100003577,100005710,1,Homebrewing & Winemaking Supplies,000003577
CURRENT_TIMESTAMP,CURRENT_TIMESTAMP,100003014,100003577,1,Beer Brewing Grains & Malts,000003014
CURRENT_TIMESTAMP,CURRENT_TIMESTAMP,100502980,100003577,1,Bottling Bottles,000502980
CURRENT_TIMESTAMP,CURRENT_TIMESTAMP,100499891,100003577,1,Homebrewing & Winemaking Kits,000499891
CURRENT_TIMESTAMP,CURRENT_TIMESTAMP,100002579,100003577,1,Wine Making,000002579
CURRENT_TIMESTAMP,CURRENT_TIMESTAMP,100000033,100005710,1,Juggling,000000033
CURRENT_TIMESTAMP,CURRENT_TIMESTAMP,100000035,100005710,1,Magic & Novelties,000000035
CURRENT_TIMESTAMP,CURRENT_TIMESTAMP,100005999,100005710,1,Model Making,000005999
CURRENT_TIMESTAMP,CURRENT_TIMESTAMP,100003885,100005999,1,Model Rocketry,000003885
CURRENT_TIMESTAMP,CURRENT_TIMESTAMP,100005151,100005999,1,Model Train Accessories,000005151
CURRENT_TIMESTAMP,CURRENT_TIMESTAMP,100005150,100005999,1,Model Trains & Train Sets,000005150
CURRENT_TIMESTAMP,CURRENT_TIMESTAMP,100004175,100005999,1,Scale Model Kits,000004175
CURRENT_TIMESTAMP,CURRENT_TIMESTAMP,100000055,100005710,1,Musical Instrument & Orchestra Accessories,000000055
CURRENT_TIMESTAMP,CURRENT_TIMESTAMP,100000057,100000055,1,Brass Instrument Accessories,000000057
CURRENT_TIMESTAMP,CURRENT_TIMESTAMP,100004797,100000057,1,Brass Instrument Care & Cleaning,000004797
CURRENT_TIMESTAMP,CURRENT_TIMESTAMP,100004891,100004797,1,Brass Instrument Care Kits,000004891
CURRENT_TIMESTAMP,CURRENT_TIMESTAMP,100004892,100004797,1,Brass Instrument Cleaners & Sanitizers,000004892
CURRENT_TIMESTAMP,CURRENT_TIMESTAMP,100004890,100004797,1,Brass Instrument Cleaning Tools,000004890
CURRENT_TIMESTAMP,CURRENT_TIMESTAMP,100004893,100004797,1,Brass Instrument Guards,000004893
CURRENT_TIMESTAMP,CURRENT_TIMESTAMP,100004894,100004797,1,Brass Instrument Lubricants,000004894
CURRENT_TIMESTAMP,CURRENT_TIMESTAMP,100004895,100004797,1,Brass Instrument Polishing Cloths,000004895
CURRENT_TIMESTAMP,CURRENT_TIMESTAMP,100505310,100000057,1,Brass Instrument Cases & Gigbags,000505310
CURRENT_TIMESTAMP,CURRENT_TIMESTAMP,100505308,100000057,1,Brass Instrument Mouthpieces,000505308
CURRENT_TIMESTAMP,CURRENT_TIMESTAMP,100505768,100000057,1,Brass Instrument Mutes,000505768
CURRENT_TIMESTAMP,CURRENT_TIMESTAMP,100004798,100000057,1,Brass Instrument Replacement Parts,000004798
CURRENT_TIMESTAMP,CURRENT_TIMESTAMP,100505309,100000057,1,Brass Instrument Straps & Stands,000505309
CURRENT_TIMESTAMP,CURRENT_TIMESTAMP,100505288,100000055,1,Conductor Batons,000505288
CURRENT_TIMESTAMP,CURRENT_TIMESTAMP,100003270,100000055,1,Electronic Tuners,000003270
CURRENT_TIMESTAMP,CURRENT_TIMESTAMP,100505365,100000055,1,Metronomes,000505365
CURRENT_TIMESTAMP,CURRENT_TIMESTAMP,100505328,100000055,1,Music Benches & Stools,000505328
CURRENT_TIMESTAMP,CURRENT_TIMESTAMP,100500001,100000055,1,Music Lyres & Flip Folders,000500001
CURRENT_TIMESTAMP,CURRENT_TIMESTAMP,100007277,100000055,1,Music Stand Accessories,000007277
CURRENT_TIMESTAMP,CURRENT_TIMESTAMP,100007279,100007277,1,Music Stand Bags,000007279
CURRENT_TIMESTAMP,CURRENT_TIMESTAMP,100007280,100007277,1,Music Stand Lights,000007280
CURRENT_TIMESTAMP,CURRENT_TIMESTAMP,100007278,100007277,1,Sheet Music Clips,000007278
CURRENT_TIMESTAMP,CURRENT_TIMESTAMP,100004142,100000055,1,Music Stands,000004142
CURRENT_TIMESTAMP,CURRENT_TIMESTAMP,100008072,100000055,1,Musical Instrument Amplifier Accessories,000008072
CURRENT_TIMESTAMP,CURRENT_TIMESTAMP,100006970,100008072,1,Musical Instrument Amplifier Cabinets,000006970
CURRENT_TIMESTAMP,CURRENT_TIMESTAMP,100008461,100008072,1,Musical Instrument Amplifier Covers & Cases,000008461
CURRENT_TIMESTAMP,CURRENT_TIMESTAMP,100008073,100008072,1,Musical Instrument Amplifier Footswitches,000008073
CURRENT_TIMESTAMP,CURRENT_TIMESTAMP,100008462,100008072,1,Musical Instrument Amplifier Knobs,000008462
CURRENT_TIMESTAMP,CURRENT_TIMESTAMP,100007364,100008072,1,Musical Instrument Amplifier Stands,000007364
CURRENT_TIMESTAMP,CURRENT_TIMESTAMP,100008480,100008072,1,Musical Instrument Amplifier Tubes,000008480
CURRENT_TIMESTAMP,CURRENT_TIMESTAMP,100000056,100000055,1,Musical Instrument Amplifiers,000000056
CURRENT_TIMESTAMP,CURRENT_TIMESTAMP,100000060,100000055,1,Musical Keyboard Accessories,000000060
CURRENT_TIMESTAMP,CURRENT_TIMESTAMP,100007357,100000060,1,Musical Keyboard Bags & Cases,000007357
CURRENT_TIMESTAMP,CURRENT_TIMESTAMP,100003588,100000060,1,Musical Keyboard Stands,000003588
CURRENT_TIMESTAMP,CURRENT_TIMESTAMP,100003324,100000060,1,Sustain Pedals,000003324
CURRENT_TIMESTAMP,CURRENT_TIMESTAMP,100003465,100000055,1,Percussion Accessories,000003465
CURRENT_TIMESTAMP,CURRENT_TIMESTAMP,100007100,100003465,1,Cymbal & Drum Cases,000007100
CURRENT_TIMESTAMP,CURRENT_TIMESTAMP,100007231,100003465,1,Cymbal & Drum Mutes,000007231
CURRENT_TIMESTAMP,CURRENT_TIMESTAMP,100007153,100003465,1,Drum Heads,000007153
CURRENT_TIMESTAMP,CURRENT_TIMESTAMP,100007152,100003465,1,Drum Keys,000007152
CURRENT_TIMESTAMP,CURRENT_TIMESTAMP,100007099,100003465,1,Drum Kit Hardware,000007099
CURRENT_TIMESTAMP,CURRENT_TIMESTAMP,100007103,100007099,1,Bass Drum Beaters,000007103
CURRENT_TIMESTAMP,CURRENT_TIMESTAMP,100007102,100007099,1,Drum Kit Mounting Hardware,000007102
CURRENT_TIMESTAMP,CURRENT_TIMESTAMP,100007101,100007099,1,Drum Pedals,000007101
CURRENT_TIMESTAMP,CURRENT_TIMESTAMP,100007150,100003465,1,Drum Stick & Brush Accessories,000007150
CURRENT_TIMESTAMP,CURRENT_TIMESTAMP,100007151,100007150,1,Drum Stick & Brush Bags & Holders,000007151
CURRENT_TIMESTAMP,CURRENT_TIMESTAMP,100000059,100003465,1,Drum Sticks & Brushes,000000059
CURRENT_TIMESTAMP,CURRENT_TIMESTAMP,100007455,100003465,1,Electronic Drum Modules,000007455
CURRENT_TIMESTAMP,CURRENT_TIMESTAMP,100007282,100003465,1,Hand Percussion Accessories,000007282
CURRENT_TIMESTAMP,CURRENT_TIMESTAMP,100007283,100007282,1,Hand Percussion Bags & Cases,000007283
CURRENT_TIMESTAMP,CURRENT_TIMESTAMP,100007284,100007282,1,Hand Percussion Stands & Mounts,000007284
CURRENT_TIMESTAMP,CURRENT_TIMESTAMP,100004631,100003465,1,Percussion Mallets,000004631
CURRENT_TIMESTAMP,CURRENT_TIMESTAMP,100007308,100003465,1,Percussion Stands,000007308
CURRENT_TIMESTAMP,CURRENT_TIMESTAMP,100000061,100000055,1,String Instrument Accessories,000000061
CURRENT_TIMESTAMP,CURRENT_TIMESTAMP,100003502,100000061,1,Guitar Accessories,000003502
CURRENT_TIMESTAMP,CURRENT_TIMESTAMP,100003775,100003502,1,Acoustic Guitar Pickups,000003775
CURRENT_TIMESTAMP,CURRENT_TIMESTAMP,100005367,100003502,1,Capos,000005367
CURRENT_TIMESTAMP,CURRENT_TIMESTAMP,100003412,100003502,1,Electric Guitar Pickups,000003412
CURRENT_TIMESTAMP,CURRENT_TIMESTAMP,100003882,100003502,1,Guitar Cases & Gig Bags,000003882
CURRENT_TIMESTAMP,CURRENT_TIMESTAMP,100503032,100003502,1,Guitar Fittings & Parts,000503032
CURRENT_TIMESTAMP,CURRENT_TIMESTAMP,100003392,100003502,1,Guitar Humidifiers,000003392
CURRENT_TIMESTAMP,CURRENT_TIMESTAMP,100004111,100003502,1,Guitar Picks,000004111
CURRENT_TIMESTAMP,CURRENT_TIMESTAMP,100005368,100003502,1,Guitar Slides,000005368
CURRENT_TIMESTAMP,CURRENT_TIMESTAMP,100003646,100003502,1,Guitar Stands,000003646
CURRENT_TIMESTAMP,CURRENT_TIMESTAMP,100499688,100003502,1,Guitar Straps,000499688
CURRENT_TIMESTAMP,CURRENT_TIMESTAMP,100503721,100003502,1,Guitar String Winders,000503721
CURRENT_TIMESTAMP,CURRENT_TIMESTAMP,100003178,100003502,1,Guitar Strings,000003178
CURRENT_TIMESTAMP,CURRENT_TIMESTAMP,100003176,100003502,1,Guitar Tuning Pegs,000003176
CURRENT_TIMESTAMP,CURRENT_TIMESTAMP,100503033,100000061,1,Orchestral String Instrument Accessories,000503033
CURRENT_TIMESTAMP,CURRENT_TIMESTAMP,100008209,100503033,1,Orchestral String Instrument Bow Cases,000008209
CURRENT_TIMESTAMP,CURRENT_TIMESTAMP,100503040,100503033,1,Orchestral String Instrument Bows,000503040
CURRENT_TIMESTAMP,CURRENT_TIMESTAMP,100503039,100503033,1,Orchestral String Instrument Cases,000503039
CURRENT_TIMESTAMP,CURRENT_TIMESTAMP,100503038,100503033,1,Orchestral String Instrument Fittings & Parts,000503038
CURRENT_TIMESTAMP,CURRENT_TIMESTAMP,100503037,100503033,1,Orchestral String Instrument Mutes,000503037
CURRENT_TIMESTAMP,CURRENT_TIMESTAMP,100503036,100503033,1,Orchestral String Instrument Pickups,000503036
CURRENT_TIMESTAMP,CURRENT_TIMESTAMP,100503035,100503033,1,Orchestral String Instrument Stands,000503035
CURRENT_TIMESTAMP,CURRENT_TIMESTAMP,100503034,100503033,1,Orchestral String Instrument Strings,000503034
CURRENT_TIMESTAMP,CURRENT_TIMESTAMP,100004806,100000061,1,String Instrument Care & Cleaning,000004806
CURRENT_TIMESTAMP,CURRENT_TIMESTAMP,100003374,100004806,1,Bow Rosin,000003374
CURRENT_TIMESTAMP,CURRENT_TIMESTAMP,100004911,100004806,1,String Instrument Cleaning Cloths,000004911
CURRENT_TIMESTAMP,CURRENT_TIMESTAMP,100004912,100004806,1,String Instrument Polish,000004912
CURRENT_TIMESTAMP,CURRENT_TIMESTAMP,100000062,100000055,1,Woodwind Instrument Accessories,000000062
CURRENT_TIMESTAMP,CURRENT_TIMESTAMP,100004790,100000062,1,Bassoon Accessories,000004790
CURRENT_TIMESTAMP,CURRENT_TIMESTAMP,100004809,100004790,1,Bassoon Care & Cleaning,000004809
CURRENT_TIMESTAMP,CURRENT_TIMESTAMP,100004815,100004809,1,Bassoon Swabs,000004815
CURRENT_TIMESTAMP,CURRENT_TIMESTAMP,100004810,100004790,1,Bassoon Cases & Gigbags,000004810
CURRENT_TIMESTAMP,CURRENT_TIMESTAMP,100004811,100004790,1,Bassoon Parts,000004811
CURRENT_TIMESTAMP,CURRENT_TIMESTAMP,100004816,100004811,1,Bassoon Bocals,000004816
CURRENT_TIMESTAMP,CURRENT_TIMESTAMP,100004817,100004811,1,Bassoon Small Parts,000004817
CURRENT_TIMESTAMP,CURRENT_TIMESTAMP,100004812,100004790,1,Bassoon Reeds,000004812
CURRENT_TIMESTAMP,CURRENT_TIMESTAMP,100004813,100004790,1,Bassoon Stands,000004813
CURRENT_TIMESTAMP,CURRENT_TIMESTAMP,100004814,100004790,1,Bassoon Straps & Supports,000004814
CURRENT_TIMESTAMP,CURRENT_TIMESTAMP,100004791,100000062,1,Clarinet Accessories,000004791
CURRENT_TIMESTAMP,CURRENT_TIMESTAMP,100004818,100004791,1,Clarinet Care & Cleaning,000004818
CURRENT_TIMESTAMP,CURRENT_TIMESTAMP,100004826,100004818,1,Clarinet Care Kits,000004826
CURRENT_TIMESTAMP,CURRENT_TIMESTAMP,100004827,100004818,1,Clarinet Pad Savers,000004827
CURRENT_TIMESTAMP,CURRENT_TIMESTAMP,100004828,100004818,1,Clarinet Swabs,000004828
CURRENT_TIMESTAMP,CURRENT_TIMESTAMP,100004819,100004791,1,Clarinet Cases & Gigbags,000004819
CURRENT_TIMESTAMP,CURRENT_TIMESTAMP,100004820,100004791,1,Clarinet Ligatures & Caps,000004820
CURRENT_TIMESTAMP,CURRENT_TIMESTAMP,100004822,100004791,1,Clarinet Parts,000004822
CURRENT_TIMESTAMP,CURRENT_TIMESTAMP,100004829,100004822,1,Clarinet Barrels,000004829
CURRENT_TIMESTAMP,CURRENT_TIMESTAMP,100004830,100004822,1,Clarinet Bells,000004830
CURRENT_TIMESTAMP,CURRENT_TIMESTAMP,100004831,100004822,1,Clarinet Mouthpieces,000004831
CURRENT_TIMESTAMP,CURRENT_TIMESTAMP,100004832,100004822,1,Clarinet Small Parts,000004832
CURRENT_TIMESTAMP,CURRENT_TIMESTAMP,100004823,100004791,1,Clarinet Pegs & Stands,000004823
CURRENT_TIMESTAMP,CURRENT_TIMESTAMP,100004824,100004791,1,Clarinet Reeds,000004824
CURRENT_TIMESTAMP,CURRENT_TIMESTAMP,100004825,100004791,1,Clarinet Straps & Supports,000004825
CURRENT_TIMESTAMP,CURRENT_TIMESTAMP,100004792,100000062,1,Flute Accessories,000004792
CURRENT_TIMESTAMP,CURRENT_TIMESTAMP,100004833,100004792,1,Flute Care & Cleaning,000004833
CURRENT_TIMESTAMP,CURRENT_TIMESTAMP,100004838,100004833,1,Flute Care Kits,000004838
CURRENT_TIMESTAMP,CURRENT_TIMESTAMP,100004839,100004833,1,Flute Cleaning Rods,000004839
CURRENT_TIMESTAMP,CURRENT_TIMESTAMP,100004840,100004833,1,Flute Swabs,000004840
CURRENT_TIMESTAMP,CURRENT_TIMESTAMP,100004834,100004792,1,Flute Cases & Gigbags,000004834
CURRENT_TIMESTAMP,CURRENT_TIMESTAMP,100004836,100004792,1,Flute Parts,000004836
CURRENT_TIMESTAMP,CURRENT_TIMESTAMP,100004841,100004836,1,Flute Headjoints,000004841
CURRENT_TIMESTAMP,CURRENT_TIMESTAMP,100004842,100004836,1,Flute Small Parts,000004842
CURRENT_TIMESTAMP,CURRENT_TIMESTAMP,100004837,100004792,1,Flute Pegs & Stands,000004837
CURRENT_TIMESTAMP,CURRENT_TIMESTAMP,100004955,100000062,1,Harmonica Accessories,000004955
CURRENT_TIMESTAMP,CURRENT_TIMESTAMP,100004956,100004955,1,Harmonica Cases,000004956
CURRENT_TIMESTAMP,CURRENT_TIMESTAMP,100005046,100004955,1,Harmonica Holders,000005046
CURRENT_TIMESTAMP,CURRENT_TIMESTAMP,100004793,100000062,1,Oboe & English Horn Accessories,000004793
CURRENT_TIMESTAMP,CURRENT_TIMESTAMP,100004843,100004793,1,Oboe Care & Cleaning,000004843
CURRENT_TIMESTAMP,CURRENT_TIMESTAMP,100004849,100004843,1,Oboe Care Kits,000004849
CURRENT_TIMESTAMP,CURRENT_TIMESTAMP,100004850,100004843,1,Oboe Swabs,000004850
CURRENT_TIMESTAMP,CURRENT_TIMESTAMP,100004844,100004793,1,Oboe Cases & Gigbags,000004844
CURRENT_TIMESTAMP,CURRENT_TIMESTAMP,100004845,100004793,1,Oboe Parts,000004845
CURRENT_TIMESTAMP,CURRENT_TIMESTAMP,100004851,100004845,1,Oboe Small Parts,000004851
CURRENT_TIMESTAMP,CURRENT_TIMESTAMP,100004846,100004793,1,Oboe Pegs & Stands,000004846
CURRENT_TIMESTAMP,CURRENT_TIMESTAMP,100004847,100004793,1,Oboe Reeds,000004847
CURRENT_TIMESTAMP,CURRENT_TIMESTAMP,100004848,100004793,1,Oboe Straps & Supports,000004848
CURRENT_TIMESTAMP,CURRENT_TIMESTAMP,100503747,100000062,1,Recorder Accessories,000503747
CURRENT_TIMESTAMP,CURRENT_TIMESTAMP,100503749,100503747,1,Recorder Care & Cleaning,000503749
CURRENT_TIMESTAMP,CURRENT_TIMESTAMP,100503748,100503747,1,Recorder Cases,000503748
CURRENT_TIMESTAMP,CURRENT_TIMESTAMP,100503750,100503747,1,Recorder Parts,000503750
CURRENT_TIMESTAMP,CURRENT_TIMESTAMP,100004794,100000062,1,Saxophone Accessories,000004794
CURRENT_TIMESTAMP,CURRENT_TIMESTAMP,100004852,100004794,1,Saxophone Care & Cleaning,000004852
CURRENT_TIMESTAMP,CURRENT_TIMESTAMP,100004860,100004852,1,Saxophone Care Kits,000004860
CURRENT_TIMESTAMP,CURRENT_TIMESTAMP,100004861,100004852,1,Saxophone Pad Savers,000004861
CURRENT_TIMESTAMP,CURRENT_TIMESTAMP,100004862,100004852,1,Saxophone Swabs,000004862
CURRENT_TIMESTAMP,CURRENT_TIMESTAMP,100004853,100004794,1,Saxophone Cases & Gigbags,000004853
CURRENT_TIMESTAMP,CURRENT_TIMESTAMP,100004854,100004794,1,Saxophone Ligatures & Caps,000004854
CURRENT_TIMESTAMP,CURRENT_TIMESTAMP,100004856,100004794,1,Saxophone Parts,000004856
CURRENT_TIMESTAMP,CURRENT_TIMESTAMP,100004863,100004856,1,Saxophone Mouthpieces,000004863
CURRENT_TIMESTAMP,CURRENT_TIMESTAMP,100004864,100004856,1,Saxophone Necks,000004864
CURRENT_TIMESTAMP,CURRENT_TIMESTAMP,100004865,100004856,1,Saxophone Small Parts,000004865
CURRENT_TIMESTAMP,CURRENT_TIMESTAMP,100004857,100004794,1,Saxophone Pegs & Stands,000004857
CURRENT_TIMESTAMP,CURRENT_TIMESTAMP,100004858,100004794,1,Saxophone Reeds,000004858
CURRENT_TIMESTAMP,CURRENT_TIMESTAMP,100004859,100004794,1,Saxophone Straps & Supports,000004859
CURRENT_TIMESTAMP,CURRENT_TIMESTAMP,100004866,100000062,1,Woodwind Cork Grease,000004866
CURRENT_TIMESTAMP,CURRENT_TIMESTAMP,100004867,100000062,1,Woodwind Polishing Cloths,000004867
CURRENT_TIMESTAMP,CURRENT_TIMESTAMP,100004957,100000062,1,Woodwind Reed Cases,000004957
CURRENT_TIMESTAMP,CURRENT_TIMESTAMP,100004939,100000062,1,Woodwind Reed Knives,000004939
CURRENT_TIMESTAMP,CURRENT_TIMESTAMP,100000054,100005710,1,Musical Instruments,000000054
CURRENT_TIMESTAMP,CURRENT_TIMESTAMP,100004983,100000054,1,Accordions & Concertinas,000004983
CURRENT_TIMESTAMP,CURRENT_TIMESTAMP,100004984,100000054,1,Bagpipes,000004984
CURRENT_TIMESTAMP,CURRENT_TIMESTAMP,100000063,100000054,1,Brass Instruments,000000063
CURRENT_TIMESTAMP,CURRENT_TIMESTAMP,100505769,100000063,1,Alto & Baritone Horns,000505769
CURRENT_TIMESTAMP,CURRENT_TIMESTAMP,100000065,100000063,1,Euphoniums,000000065
CURRENT_TIMESTAMP,CURRENT_TIMESTAMP,100000067,100000063,1,French Horns,000000067
CURRENT_TIMESTAMP,CURRENT_TIMESTAMP,100000070,100000063,1,Trombones,000000070
CURRENT_TIMESTAMP,CURRENT_TIMESTAMP,100505770,100000063,1,Trumpets & Cornets,000505770
CURRENT_TIMESTAMP,CURRENT_TIMESTAMP,100000072,100000063,1,Tubas,000000072
CURRENT_TIMESTAMP,CURRENT_TIMESTAMP,100006001,100000054,1,Electronic Musical Instruments,000006001
CURRENT_TIMESTAMP,CURRENT_TIMESTAMP,100000245,100006001,1,Audio Samplers,000000245
CURRENT_TIMESTAMP,CURRENT_TIMESTAMP,100006002,100006001,1,MIDI Controllers,000006002
CURRENT_TIMESTAMP,CURRENT_TIMESTAMP,100000074,100006001,1,Musical Keyboards,000000074
CURRENT_TIMESTAMP,CURRENT_TIMESTAMP,100006003,100006001,1,Sound Synthesizers,000006003
CURRENT_TIMESTAMP,CURRENT_TIMESTAMP,100000075,100000054,1,Percussion,000000075
CURRENT_TIMESTAMP,CURRENT_TIMESTAMP,100002917,100000075,1,Bass Drums,000002917
CURRENT_TIMESTAMP,CURRENT_TIMESTAMP,100003043,100000075,1,Cymbals,000003043
CURRENT_TIMESTAMP,CURRENT_TIMESTAMP,100002518,100000075,1,Drum Kits,000002518
CURRENT_TIMESTAMP,CURRENT_TIMESTAMP,100002856,100000075,1,Electronic Drums,000002856
CURRENT_TIMESTAMP,CURRENT_TIMESTAMP,100007431,100000075,1,Glockenspiels & Xylophones,000007431
CURRENT_TIMESTAMP,CURRENT_TIMESTAMP,100006098,100000075,1,Gongs,000006098
CURRENT_TIMESTAMP,CURRENT_TIMESTAMP,100007285,100000075,1,Hand Percussion,000007285
CURRENT_TIMESTAMP,CURRENT_TIMESTAMP,100007289,100007285,1,Claves & Castanets,000007289
CURRENT_TIMESTAMP,CURRENT_TIMESTAMP,100007288,100007285,1,Finger & Hand Cymbals,000007288
CURRENT_TIMESTAMP,CURRENT_TIMESTAMP,100007555,100007285,1,Hand Bells & Chimes,000007555
CURRENT_TIMESTAMP,CURRENT_TIMESTAMP,100007295,100007285,1,Hand Drums,000007295
CURRENT_TIMESTAMP,CURRENT_TIMESTAMP,100007298,100007295,1,Bongos,000007298
CURRENT_TIMESTAMP,CURRENT_TIMESTAMP,100007297,100007295,1,Cajons,000007297
CURRENT_TIMESTAMP,CURRENT_TIMESTAMP,100007296,100007295,1,Congas,000007296
CURRENT_TIMESTAMP,CURRENT_TIMESTAMP,100007300,100007295,1,Frame Drums,000007300
CURRENT_TIMESTAMP,CURRENT_TIMESTAMP,100007299,100007295,1,Goblet Drums,000007299
CURRENT_TIMESTAMP,CURRENT_TIMESTAMP,100007302,100007295,1,Tablas,000007302
CURRENT_TIMESTAMP,CURRENT_TIMESTAMP,100007301,100007295,1,Talking Drums,000007301
CURRENT_TIMESTAMP,CURRENT_TIMESTAMP,100007291,100007285,1,Musical Blocks,000007291
CURRENT_TIMESTAMP,CURRENT_TIMESTAMP,100007293,100007285,1,Musical Cowbells,000007293
CURRENT_TIMESTAMP,CURRENT_TIMESTAMP,100007286,100007285,1,Musical Scrapers & Ratchets,000007286
CURRENT_TIMESTAMP,CURRENT_TIMESTAMP,100007287,100007285,1,Musical Shakers,000007287
CURRENT_TIMESTAMP,CURRENT_TIMESTAMP,100007290,100007285,1,Musical Triangles,000007290
CURRENT_TIMESTAMP,CURRENT_TIMESTAMP,100002515,100007285,1,Tambourines,000002515
CURRENT_TIMESTAMP,CURRENT_TIMESTAMP,100007294,100007285,1,Vibraslaps,000007294
CURRENT_TIMESTAMP,CURRENT_TIMESTAMP,100003015,100000075,1,Hi-Hats,000003015
CURRENT_TIMESTAMP,CURRENT_TIMESTAMP,100007232,100000075,1,Practice Pads,000007232
CURRENT_TIMESTAMP,CURRENT_TIMESTAMP,100002797,100000075,1,Snare Drums,000002797
CURRENT_TIMESTAMP,CURRENT_TIMESTAMP,100003005,100000075,1,Tom-Toms,000003005
CURRENT_TIMESTAMP,CURRENT_TIMESTAMP,100000076,100000054,1,Pianos,000000076
CURRENT_TIMESTAMP,CURRENT_TIMESTAMP,100000077,100000054,1,String Instruments,000000077
CURRENT_TIMESTAMP,CURRENT_TIMESTAMP,100000079,100000077,1,Cellos,000000079
CURRENT_TIMESTAMP,CURRENT_TIMESTAMP,100000080,100000077,1,Guitars,000000080
CURRENT_TIMESTAMP,CURRENT_TIMESTAMP,100000084,100000077,1,Harps,000000084
CURRENT_TIMESTAMP,CURRENT_TIMESTAMP,100000078,100000077,1,Upright Basses,000000078
CURRENT_TIMESTAMP,CURRENT_TIMESTAMP,100000085,100000077,1,Violas,000000085
CURRENT_TIMESTAMP,CURRENT_TIMESTAMP,100000086,100000077,1,Violins,000000086
CURRENT_TIMESTAMP,CURRENT_TIMESTAMP,100000087,100000054,1,Woodwinds,000000087
CURRENT_TIMESTAMP,CURRENT_TIMESTAMP,100004540,100000087,1,Bassoons,000004540
CURRENT_TIMESTAMP,CURRENT_TIMESTAMP,100000088,100000087,1,Clarinets,000000088
CURRENT_TIMESTAMP,CURRENT_TIMESTAMP,100000089,100000087,1,Flutes,000000089
CURRENT_TIMESTAMP,CURRENT_TIMESTAMP,100007188,100000087,1,Flutophones,000007188
CURRENT_TIMESTAMP,CURRENT_TIMESTAMP,100004743,100000087,1,Harmonicas,000004743
CURRENT_TIMESTAMP,CURRENT_TIMESTAMP,100004744,100000087,1,Jew's Harps,000004744
CURRENT_TIMESTAMP,CURRENT_TIMESTAMP,100005481,100000087,1,Melodicas,000005481
CURRENT_TIMESTAMP,CURRENT_TIMESTAMP,100007250,100000087,1,Musical Pipes,000007250
CURRENT_TIMESTAMP,CURRENT_TIMESTAMP,100004541,100000087,1,Oboes & English Horns,000004541
CURRENT_TIMESTAMP,CURRENT_TIMESTAMP,100007249,100000087,1,Ocarinas,000007249
CURRENT_TIMESTAMP,CURRENT_TIMESTAMP,100000090,100000087,1,Recorders,000000090
CURRENT_TIMESTAMP,CURRENT_TIMESTAMP,100000091,100000087,1,Saxophones,000000091
CURRENT_TIMESTAMP,CURRENT_TIMESTAMP,100006721,100000087,1,Tin Whistles,000006721
CURRENT_TIMESTAMP,CURRENT_TIMESTAMP,100006728,100000087,1,Train Whistles,000006728
CURRENT_TIMESTAMP,CURRENT_TIMESTAMP,100005709,100000008,1,Party & Celebration,000005709
CURRENT_TIMESTAMP,CURRENT_TIMESTAMP,100002559,100005709,1,Gift Giving,000002559
CURRENT_TIMESTAMP,CURRENT_TIMESTAMP,100006100,100002559,1,Corsage & Boutonnière Pins,000006100
CURRENT_TIMESTAMP,CURRENT_TIMESTAMP,100005916,100002559,1,Corsages & Boutonnières,000005916
CURRENT_TIMESTAMP,CURRENT_TIMESTAMP,100002899,100002559,1,Fresh Cut Flowers,000002899
CURRENT_TIMESTAMP,CURRENT_TIMESTAMP,100000053,100002559,1,Gift Cards & Certificates,000000053
CURRENT_TIMESTAMP,CURRENT_TIMESTAMP,100000094,100002559,1,Gift Wrapping,000000094
CURRENT_TIMESTAMP,CURRENT_TIMESTAMP,100005838,100000094,1,Gift Bags,000005838
CURRENT_TIMESTAMP,CURRENT_TIMESTAMP,100005091,100000094,1,Gift Boxes & Tins,000005091
CURRENT_TIMESTAMP,CURRENT_TIMESTAMP,100008213,100000094,1,Gift Tags & Labels,000008213
CURRENT_TIMESTAMP,CURRENT_TIMESTAMP,100006712,100000094,1,Tissue Paper,000006712
CURRENT_TIMESTAMP,CURRENT_TIMESTAMP,100002816,100000094,1,Wrapping Paper,000002816
CURRENT_TIMESTAMP,CURRENT_TIMESTAMP,100000095,100002559,1,Greeting & Note Cards,000000095
CURRENT_TIMESTAMP,CURRENT_TIMESTAMP,100000096,100005709,1,Party Supplies,000000096
CURRENT_TIMESTAMP,CURRENT_TIMESTAMP,100328061,100000096,1,Advice Cards,000328061
CURRENT_TIMESTAMP,CURRENT_TIMESTAMP,100006311,100000096,1,Balloon Kits,000006311
CURRENT_TIMESTAMP,CURRENT_TIMESTAMP,100002587,100000096,1,Balloons,000002587
CURRENT_TIMESTAMP,CURRENT_TIMESTAMP,100002531,100000096,1,Banners,000002531
CURRENT_TIMESTAMP,CURRENT_TIMESTAMP,100004730,100000096,1,Birthday Candles,000004730
CURRENT_TIMESTAMP,CURRENT_TIMESTAMP,100505763,100000096,1,Chair Sashes,000505763
CURRENT_TIMESTAMP,CURRENT_TIMESTAMP,100007007,100000096,1,Cocktail Decorations,000007007
CURRENT_TIMESTAMP,CURRENT_TIMESTAMP,100002781,100000096,1,Confetti,000002781
CURRENT_TIMESTAMP,CURRENT_TIMESTAMP,100008216,100000096,1,Decorative Pom-Poms,000008216
CURRENT_TIMESTAMP,CURRENT_TIMESTAMP,100003735,100000096,1,Drinking Games,000003735
CURRENT_TIMESTAMP,CURRENT_TIMESTAMP,100003361,100003735,1,Beer Pong,000003361
CURRENT_TIMESTAMP,CURRENT_TIMESTAMP,100003440,100003361,1,Beer Pong Tables,000003440
CURRENT_TIMESTAMP,CURRENT_TIMESTAMP,100005043,100000096,1,Drinking Straws & Stirrers,000005043
CURRENT_TIMESTAMP,CURRENT_TIMESTAMP,100001484,100000096,1,Envelope Seals,000001484
CURRENT_TIMESTAMP,CURRENT_TIMESTAMP,100008038,100000096,1,Event Programs,000008038
CURRENT_TIMESTAMP,CURRENT_TIMESTAMP,100004914,100000096,1,Fireworks & Firecrackers,000004914
CURRENT_TIMESTAMP,CURRENT_TIMESTAMP,100008110,100000096,1,Inflatable Party Decorations,000008110
CURRENT_TIMESTAMP,CURRENT_TIMESTAMP,100001371,100000096,1,Invitations,000001371
CURRENT_TIMESTAMP,CURRENT_TIMESTAMP,100002783,100000096,1,Noisemakers & Party Blowers,000002783
CURRENT_TIMESTAMP,CURRENT_TIMESTAMP,100005452,100000096,1,Party Favors,000005452
CURRENT_TIMESTAMP,CURRENT_TIMESTAMP,100005453,100005452,1,Wedding Favors,000005453
CURRENT_TIMESTAMP,CURRENT_TIMESTAMP,100007160,100000096,1,Party Games,000007160
CURRENT_TIMESTAMP,CURRENT_TIMESTAMP,100006906,100000096,1,Party Hats,000006906
CURRENT_TIMESTAMP,CURRENT_TIMESTAMP,100502981,100000096,1,Party Streamers & Curtains,000502981
CURRENT_TIMESTAMP,CURRENT_TIMESTAMP,100502972,100000096,1,Party Supply Kits,000502972
CURRENT_TIMESTAMP,CURRENT_TIMESTAMP,100003994,100000096,1,Piñatas,000003994
CURRENT_TIMESTAMP,CURRENT_TIMESTAMP,100005472,100000096,1,Place Card Holders,000005472
CURRENT_TIMESTAMP,CURRENT_TIMESTAMP,100002104,100000096,1,Place Cards,000002104
CURRENT_TIMESTAMP,CURRENT_TIMESTAMP,100001887,100000096,1,Response Cards,000001887
CURRENT_TIMESTAMP,CURRENT_TIMESTAMP,100004915,100000096,1,Sparklers,000004915
CURRENT_TIMESTAMP,CURRENT_TIMESTAMP,100007097,100000096,1,Special Occasion Card Boxes & Holders,000007097
CURRENT_TIMESTAMP,CURRENT_TIMESTAMP,100004351,100000096,1,Spray String,000004351
CURRENT_TIMESTAMP,CURRENT_TIMESTAMP,100000408,100005709,1,Special Effects,000000408
CURRENT_TIMESTAMP,CURRENT_TIMESTAMP,100005711,100000408,1,Disco Balls,000005711
CURRENT_TIMESTAMP,CURRENT_TIMESTAMP,100000409,100000408,1,Fog Machines,000000409
CURRENT_TIMESTAMP,CURRENT_TIMESTAMP,100005967,100000408,1,Special Effects Controllers,000005967
CURRENT_TIMESTAMP,CURRENT_TIMESTAMP,100503028,100000408,1,Special Effects Light Stands,000503028
CURRENT_TIMESTAMP,CURRENT_TIMESTAMP,100000410,100000408,1,Special Effects Lighting,000000410
CURRENT_TIMESTAMP,CURRENT_TIMESTAMP,100005868,100005709,1,Trophies & Awards,000005868
CURRENT_TIMESTAMP,CURRENT_TIMESTAMP,100543656,100005868,1,Award Certificates,000543656
CURRENT_TIMESTAMP,CURRENT_TIMESTAMP,100543655,100005868,1,Award Pins & Medals,000543655
CURRENT_TIMESTAMP,CURRENT_TIMESTAMP,100543657,100005868,1,Award Plaques,000543657
CURRENT_TIMESTAMP,CURRENT_TIMESTAMP,100543654,100005868,1,Award Ribbons,000543654
CURRENT_TIMESTAMP,CURRENT_TIMESTAMP,100543653,100005868,1,Trophies,000543653
CURRENT_TIMESTAMP,CURRENT_TIMESTAMP,100000537,null,1,Baby & Toddler,000000537
CURRENT_TIMESTAMP,CURRENT_TIMESTAMP,100004678,100000537,1,Baby Bathing,000004678
CURRENT_TIMESTAMP,CURRENT_TIMESTAMP,100004679,100004678,1,Baby Bathtubs & Bath Seats,000004679
CURRENT_TIMESTAMP,CURRENT_TIMESTAMP,100007082,100004678,1,Shower Visors,000007082
CURRENT_TIMESTAMP,CURRENT_TIMESTAMP,100005859,100000537,1,Baby Gift Sets,000005859
CURRENT_TIMESTAMP,CURRENT_TIMESTAMP,100005252,100000537,1,Baby Health,000005252
CURRENT_TIMESTAMP,CURRENT_TIMESTAMP,100006290,100005252,1,Baby Health & Grooming Kits,000006290
CURRENT_TIMESTAMP,CURRENT_TIMESTAMP,100005253,100005252,1,Nasal Aspirators,000005253
CURRENT_TIMESTAMP,CURRENT_TIMESTAMP,100007016,100005252,1,Pacifier Clips & Holders,000007016
CURRENT_TIMESTAMP,CURRENT_TIMESTAMP,100007309,100005252,1,Pacifier Wipes,000007309
CURRENT_TIMESTAMP,CURRENT_TIMESTAMP,100000566,100005252,1,Pacifiers & Teethers,000000566
CURRENT_TIMESTAMP,CURRENT_TIMESTAMP,100000540,100000537,1,Baby Safety,000000540
CURRENT_TIMESTAMP,CURRENT_TIMESTAMP,100006869,100000540,1,Baby & Pet Gate Accessories,000006869
CURRENT_TIMESTAMP,CURRENT_TIMESTAMP,100000542,100000540,1,Baby & Pet Gates,000000542
CURRENT_TIMESTAMP,CURRENT_TIMESTAMP,100000541,100000540,1,Baby Monitors,000000541
CURRENT_TIMESTAMP,CURRENT_TIMESTAMP,100005049,100000540,1,Baby Safety Harnesses & Leashes,000005049
CURRENT_TIMESTAMP,CURRENT_TIMESTAMP,100000543,100000540,1,Baby Safety Locks & Guards,000000543
CURRENT_TIMESTAMP,CURRENT_TIMESTAMP,100000544,100000540,1,Baby Safety Rails,000000544
CURRENT_TIMESTAMP,CURRENT_TIMESTAMP,100002847,100000537,1,Baby Toys & Activity Equipment,000002847
CURRENT_TIMESTAMP,CURRENT_TIMESTAMP,100003661,100002847,1,Alphabet Toys,000003661
CURRENT_TIMESTAMP,CURRENT_TIMESTAMP,100007198,100002847,1,Baby Activity Toys,000007198
CURRENT_TIMESTAMP,CURRENT_TIMESTAMP,100000555,100002847,1,Baby Bouncers & Rockers,000000555
CURRENT_TIMESTAMP,CURRENT_TIMESTAMP,100000560,100002847,1,Baby Jumpers & Swings,000000560
CURRENT_TIMESTAMP,CURRENT_TIMESTAMP,100007191,100002847,1,Baby Mobile Accessories,000007191
CURRENT_TIMESTAMP,CURRENT_TIMESTAMP,100001242,100002847,1,Baby Mobiles,000001242
CURRENT_TIMESTAMP,CURRENT_TIMESTAMP,100007360,100002847,1,Baby Soothers,000007360
CURRENT_TIMESTAMP,CURRENT_TIMESTAMP,100001241,100002847,1,Baby Walkers & Entertainers,000001241
CURRENT_TIMESTAMP,CURRENT_TIMESTAMP,100001243,100002847,1,Play Mats & Gyms,000001243
CURRENT_TIMESTAMP,CURRENT_TIMESTAMP,100543613,100001243,1,Play Gyms,000543613
CURRENT_TIMESTAMP,CURRENT_TIMESTAMP,100543612,100001243,1,Play Mats,000543612
CURRENT_TIMESTAMP,CURRENT_TIMESTAMP,100000539,100002847,1,Play Yards,000000539
CURRENT_TIMESTAMP,CURRENT_TIMESTAMP,100003459,100002847,1,Push & Pull Toys,000003459
CURRENT_TIMESTAMP,CURRENT_TIMESTAMP,100001244,100002847,1,Rattles,000001244
CURRENT_TIMESTAMP,CURRENT_TIMESTAMP,100003860,100002847,1,Sorting & Stacking Toys,000003860
CURRENT_TIMESTAMP,CURRENT_TIMESTAMP,100002764,100000537,1,Baby Transport,000002764
CURRENT_TIMESTAMP,CURRENT_TIMESTAMP,100000547,100002764,1,Baby & Toddler Car Seats,000000547
CURRENT_TIMESTAMP,CURRENT_TIMESTAMP,100000538,100002764,1,Baby Carriers,000000538
CURRENT_TIMESTAMP,CURRENT_TIMESTAMP,100000568,100002764,1,Baby Strollers,000000568
CURRENT_TIMESTAMP,CURRENT_TIMESTAMP,100004386,100000537,1,Baby Transport Accessories,000004386
CURRENT_TIMESTAMP,CURRENT_TIMESTAMP,100004486,100004386,1,Baby & Toddler Car Seat Accessories,000004486
CURRENT_TIMESTAMP,CURRENT_TIMESTAMP,100004916,100004386,1,Baby Carrier Accessories,000004916
CURRENT_TIMESTAMP,CURRENT_TIMESTAMP,100004387,100004386,1,Baby Stroller Accessories,000004387
CURRENT_TIMESTAMP,CURRENT_TIMESTAMP,100008537,100004386,1,Baby Transport Liners & Sacks,000008537
CURRENT_TIMESTAMP,CURRENT_TIMESTAMP,100005845,100004386,1,Shopping Cart & High Chair Covers,000005845
CURRENT_TIMESTAMP,CURRENT_TIMESTAMP,100000548,100000537,1,Diapering,000000548
CURRENT_TIMESTAMP,CURRENT_TIMESTAMP,100007200,100000548,1,Baby Wipe Dispensers & Warmers,000007200
CURRENT_TIMESTAMP,CURRENT_TIMESTAMP,100000553,100000548,1,Baby Wipes,000000553
CURRENT_TIMESTAMP,CURRENT_TIMESTAMP,100502999,100000548,1,Changing Mat & Tray Covers,000502999
CURRENT_TIMESTAMP,CURRENT_TIMESTAMP,100005628,100000548,1,Changing Mats & Trays,000005628
CURRENT_TIMESTAMP,CURRENT_TIMESTAMP,100007014,100000548,1,Diaper Kits,000007014
CURRENT_TIMESTAMP,CURRENT_TIMESTAMP,100006949,100000548,1,Diaper Liners,000006949
CURRENT_TIMESTAMP,CURRENT_TIMESTAMP,100006883,100000548,1,Diaper Organizers,000006883
CURRENT_TIMESTAMP,CURRENT_TIMESTAMP,100007001,100000548,1,Diaper Pail Accessories,000007001
CURRENT_TIMESTAMP,CURRENT_TIMESTAMP,100000550,100000548,1,Diaper Pails,000000550
CURRENT_TIMESTAMP,CURRENT_TIMESTAMP,100002949,100000548,1,Diaper Rash Treatments,000002949
CURRENT_TIMESTAMP,CURRENT_TIMESTAMP,100006971,100000548,1,Diaper Wet Bags,000006971
CURRENT_TIMESTAMP,CURRENT_TIMESTAMP,100000551,100000548,1,Diapers,000000551
CURRENT_TIMESTAMP,CURRENT_TIMESTAMP,100000561,100000537,1,Nursing & Feeding,000000561
CURRENT_TIMESTAMP,CURRENT_TIMESTAMP,100000562,100000561,1,Baby & Toddler Food,000000562
CURRENT_TIMESTAMP,CURRENT_TIMESTAMP,100005721,100000562,1,Baby Cereal,000005721
CURRENT_TIMESTAMP,CURRENT_TIMESTAMP,100005718,100000562,1,Baby Drinks,000005718
CURRENT_TIMESTAMP,CURRENT_TIMESTAMP,100005719,100000562,1,Baby Food,000005719
CURRENT_TIMESTAMP,CURRENT_TIMESTAMP,100000563,100000562,1,Baby Formula,000000563
CURRENT_TIMESTAMP,CURRENT_TIMESTAMP,100005720,100000562,1,Baby Snacks,000005720
CURRENT_TIMESTAMP,CURRENT_TIMESTAMP,100008436,100000562,1,Toddler Nutrition Drinks & Shakes,000008436
CURRENT_TIMESTAMP,CURRENT_TIMESTAMP,100005630,100000561,1,Baby Bottle Nipples & Liners,000005630
CURRENT_TIMESTAMP,CURRENT_TIMESTAMP,100543637,100005630,1,Baby Bottle Liners,000543637
CURRENT_TIMESTAMP,CURRENT_TIMESTAMP,100543636,100005630,1,Baby Bottle Nipples,000543636
CURRENT_TIMESTAMP,CURRENT_TIMESTAMP,100000564,100000561,1,Baby Bottles,000000564
CURRENT_TIMESTAMP,CURRENT_TIMESTAMP,100004768,100000561,1,Baby Care Timers,000004768
CURRENT_TIMESTAMP,CURRENT_TIMESTAMP,100002125,100000561,1,Bibs,000002125
CURRENT_TIMESTAMP,CURRENT_TIMESTAMP,100005296,100000561,1,Bottle Warmers & Sterilizers,000005296
CURRENT_TIMESTAMP,CURRENT_TIMESTAMP,100007234,100000561,1,Breast Milk Storage Containers,000007234
CURRENT_TIMESTAMP,CURRENT_TIMESTAMP,100505366,100000561,1,Breast Pump Accessories,000505366
CURRENT_TIMESTAMP,CURRENT_TIMESTAMP,100000565,100000561,1,Breast Pumps,000000565
CURRENT_TIMESTAMP,CURRENT_TIMESTAMP,100005629,100000561,1,Burp Cloths,000005629
CURRENT_TIMESTAMP,CURRENT_TIMESTAMP,100005843,100000561,1,Nursing Covers,000005843
CURRENT_TIMESTAMP,CURRENT_TIMESTAMP,100503762,100000561,1,Nursing Pads & Shields,000503762
CURRENT_TIMESTAMP,CURRENT_TIMESTAMP,100008075,100000561,1,Nursing Pillow Covers,000008075
CURRENT_TIMESTAMP,CURRENT_TIMESTAMP,100005298,100000561,1,Nursing Pillows,000005298
CURRENT_TIMESTAMP,CURRENT_TIMESTAMP,100006950,100000561,1,Sippy Cups,000006950
CURRENT_TIMESTAMP,CURRENT_TIMESTAMP,100006952,100000537,1,Potty Training,000006952
CURRENT_TIMESTAMP,CURRENT_TIMESTAMP,100000552,100006952,1,Potty Seats,000000552
CURRENT_TIMESTAMP,CURRENT_TIMESTAMP,100006953,100006952,1,Potty Training Kits,000006953
CURRENT_TIMESTAMP,CURRENT_TIMESTAMP,100006899,100000537,1,Swaddling & Receiving Blankets,000006899
CURRENT_TIMESTAMP,CURRENT_TIMESTAMP,100543664,100006899,1,Receiving Blankets,000543664
CURRENT_TIMESTAMP,CURRENT_TIMESTAMP,100543665,100006899,1,Swaddling Blankets,000543665
CURRENT_TIMESTAMP,CURRENT_TIMESTAMP,100000111,null,1,Business & Industrial,000000111
CURRENT_TIMESTAMP,CURRENT_TIMESTAMP,100005863,100000111,1,Advertising & Marketing,000005863
CURRENT_TIMESTAMP,CURRENT_TIMESTAMP,100005884,100005863,1,Brochures,000005884
CURRENT_TIMESTAMP,CURRENT_TIMESTAMP,100005864,100005863,1,Trade Show Counters,000005864
CURRENT_TIMESTAMP,CURRENT_TIMESTAMP,100005865,100005863,1,Trade Show Displays,000005865
CURRENT_TIMESTAMP,CURRENT_TIMESTAMP,100000112,100000111,1,Agriculture,000000112
CURRENT_TIMESTAMP,CURRENT_TIMESTAMP,100006991,100000112,1,Animal Husbandry,000006991
CURRENT_TIMESTAMP,CURRENT_TIMESTAMP,100499997,100006991,1,Egg Incubators,000499997
CURRENT_TIMESTAMP,CURRENT_TIMESTAMP,100505821,100006991,1,Livestock Feed,000505821
CURRENT_TIMESTAMP,CURRENT_TIMESTAMP,100543545,100505821,1,Cattle Feed,000543545
CURRENT_TIMESTAMP,CURRENT_TIMESTAMP,100543544,100505821,1,Chicken Feed,000543544
CURRENT_TIMESTAMP,CURRENT_TIMESTAMP,100543547,100505821,1,Goat & Sheep Feed,000543547
CURRENT_TIMESTAMP,CURRENT_TIMESTAMP,100543548,100505821,1,Mixed Herd Feed,000543548
CURRENT_TIMESTAMP,CURRENT_TIMESTAMP,100543546,100505821,1,Pig Feed,000543546
CURRENT_TIMESTAMP,CURRENT_TIMESTAMP,100006990,100006991,1,Livestock Feeders & Waterers,000006990
CURRENT_TIMESTAMP,CURRENT_TIMESTAMP,100499946,100006991,1,Livestock Halters,000499946
CURRENT_TIMESTAMP,CURRENT_TIMESTAMP,100007261,100000111,1,Automation Control Components,000007261
CURRENT_TIMESTAMP,CURRENT_TIMESTAMP,100007263,100007261,1,Programmable Logic Controllers,000007263
CURRENT_TIMESTAMP,CURRENT_TIMESTAMP,100007262,100007261,1,Variable Frequency & Adjustable Speed Drives,000007262
CURRENT_TIMESTAMP,CURRENT_TIMESTAMP,100000114,100000111,1,Construction,000000114
CURRENT_TIMESTAMP,CURRENT_TIMESTAMP,100000134,100000114,1,Surveying,000000134
CURRENT_TIMESTAMP,CURRENT_TIMESTAMP,100008278,100000114,1,Traffic Cones & Barrels,000008278
CURRENT_TIMESTAMP,CURRENT_TIMESTAMP,100007497,100000111,1,Dentistry,000007497
CURRENT_TIMESTAMP,CURRENT_TIMESTAMP,100007500,100007497,1,Dental Cement,000007500
CURRENT_TIMESTAMP,CURRENT_TIMESTAMP,100007499,100007497,1,Dental Tools,000007499
CURRENT_TIMESTAMP,CURRENT_TIMESTAMP,100008490,100007499,1,Dappen Dishes,000008490
CURRENT_TIMESTAMP,CURRENT_TIMESTAMP,100007498,100007499,1,Dental Mirrors,000007498
CURRENT_TIMESTAMP,CURRENT_TIMESTAMP,100007531,100007499,1,Dental Tool Sets,000007531
CURRENT_TIMESTAMP,CURRENT_TIMESTAMP,100008121,100007499,1,Prophy Cups,000008121
CURRENT_TIMESTAMP,CURRENT_TIMESTAMP,100008120,100007499,1,Prophy Heads,000008120
CURRENT_TIMESTAMP,CURRENT_TIMESTAMP,100008130,100007497,1,Prophy Paste,000008130
CURRENT_TIMESTAMP,CURRENT_TIMESTAMP,100002155,100000111,1,Film & Television,000002155
CURRENT_TIMESTAMP,CURRENT_TIMESTAMP,100001813,100000111,1,Finance & Insurance,000001813
CURRENT_TIMESTAMP,CURRENT_TIMESTAMP,100007565,100001813,1,Bullion,000007565
CURRENT_TIMESTAMP,CURRENT_TIMESTAMP,100000135,100000111,1,Food Service,000000135
CURRENT_TIMESTAMP,CURRENT_TIMESTAMP,100007303,100000135,1,Bakery Boxes,000007303
CURRENT_TIMESTAMP,CURRENT_TIMESTAMP,100004217,100000135,1,Bus Tubs,000004217
CURRENT_TIMESTAMP,CURRENT_TIMESTAMP,100008532,100000135,1,Check Presenters,000008532
CURRENT_TIMESTAMP,CURRENT_TIMESTAMP,100005102,100000135,1,Concession Food Containers,000005102
CURRENT_TIMESTAMP,CURRENT_TIMESTAMP,100008059,100000135,1,Disposable Lids,000008059
CURRENT_TIMESTAMP,CURRENT_TIMESTAMP,100007088,100000135,1,Disposable Serveware,000007088
CURRENT_TIMESTAMP,CURRENT_TIMESTAMP,100007089,100007088,1,Disposable Serving Trays,000007089
CURRENT_TIMESTAMP,CURRENT_TIMESTAMP,100004632,100000135,1,Disposable Tableware,000004632
CURRENT_TIMESTAMP,CURRENT_TIMESTAMP,100005098,100004632,1,Disposable Bowls,000005098
CURRENT_TIMESTAMP,CURRENT_TIMESTAMP,100005099,100004632,1,Disposable Cups,000005099
CURRENT_TIMESTAMP,CURRENT_TIMESTAMP,100005100,100004632,1,Disposable Cutlery,000005100
CURRENT_TIMESTAMP,CURRENT_TIMESTAMP,100005101,100004632,1,Disposable Plates,000005101
CURRENT_TIMESTAMP,CURRENT_TIMESTAMP,100004096,100000135,1,Food Service Baskets,000004096
CURRENT_TIMESTAMP,CURRENT_TIMESTAMP,100004742,100000135,1,Food Service Carts,000004742
CURRENT_TIMESTAMP,CURRENT_TIMESTAMP,100006786,100000135,1,Food Washers & Dryers,000006786
CURRENT_TIMESTAMP,CURRENT_TIMESTAMP,100006517,100000135,1,Hot Dog Rollers,000006517
CURRENT_TIMESTAMP,CURRENT_TIMESTAMP,100007353,100000135,1,Ice Bins,000007353
CURRENT_TIMESTAMP,CURRENT_TIMESTAMP,100005104,100000135,1,Plate & Dish Warmers,000005104
CURRENT_TIMESTAMP,CURRENT_TIMESTAMP,100008533,100000135,1,Sneeze Guards,000008533
CURRENT_TIMESTAMP,CURRENT_TIMESTAMP,100005097,100000135,1,Take-Out Containers,000005097
CURRENT_TIMESTAMP,CURRENT_TIMESTAMP,100007553,100000135,1,Tilt Skillets,000007553
CURRENT_TIMESTAMP,CURRENT_TIMESTAMP,100000137,100000135,1,Vending Machines,000000137
CURRENT_TIMESTAMP,CURRENT_TIMESTAMP,100001827,100000111,1,Forestry & Logging,000001827
CURRENT_TIMESTAMP,CURRENT_TIMESTAMP,100007240,100000111,1,Hairdressing & Cosmetology,000007240
CURRENT_TIMESTAMP,CURRENT_TIMESTAMP,100505670,100007240,1,Hairdressing Capes & Neck Covers,000505670
CURRENT_TIMESTAMP,CURRENT_TIMESTAMP,100007242,100007240,1,Pedicure Chairs,000007242
CURRENT_TIMESTAMP,CURRENT_TIMESTAMP,100007241,100007240,1,Salon Chairs,000007241
CURRENT_TIMESTAMP,CURRENT_TIMESTAMP,100001795,100000111,1,Heavy Machinery,000001795
CURRENT_TIMESTAMP,CURRENT_TIMESTAMP,100002072,100001795,1,Chippers,000002072
CURRENT_TIMESTAMP,CURRENT_TIMESTAMP,100001475,100000111,1,Hotel & Hospitality,000001475
CURRENT_TIMESTAMP,CURRENT_TIMESTAMP,100005830,100000111,1,Industrial Storage,000005830
CURRENT_TIMESTAMP,CURRENT_TIMESTAMP,100005832,100005830,1,Industrial Cabinets,000005832
CURRENT_TIMESTAMP,CURRENT_TIMESTAMP,100005833,100005830,1,Industrial Shelving,000005833
CURRENT_TIMESTAMP,CURRENT_TIMESTAMP,100005831,100005830,1,Shipping Containers,000005831
CURRENT_TIMESTAMP,CURRENT_TIMESTAMP,100008274,100005830,1,Wire Partitions,000008274
CURRENT_TIMESTAMP,CURRENT_TIMESTAMP,100008025,100000111,1,Industrial Storage Accessories,000008025
CURRENT_TIMESTAMP,CURRENT_TIMESTAMP,100500086,100000111,1,Janitorial Carts & Caddies,000500086
CURRENT_TIMESTAMP,CURRENT_TIMESTAMP,100001556,100000111,1,Law Enforcement,000001556
CURRENT_TIMESTAMP,CURRENT_TIMESTAMP,100001906,100001556,1,Cuffs,000001906
CURRENT_TIMESTAMP,CURRENT_TIMESTAMP,100000361,100001556,1,Metal Detectors,000000361
CURRENT_TIMESTAMP,CURRENT_TIMESTAMP,100001470,100000111,1,Manufacturing,000001470
CURRENT_TIMESTAMP,CURRENT_TIMESTAMP,100006987,100000111,1,Material Handling,000006987
CURRENT_TIMESTAMP,CURRENT_TIMESTAMP,100006988,100006987,1,Conveyors,000006988
CURRENT_TIMESTAMP,CURRENT_TIMESTAMP,100000131,100006987,1,Lifts & Hoists,000000131
CURRENT_TIMESTAMP,CURRENT_TIMESTAMP,100503768,100000131,1,Hoists,000503768
CURRENT_TIMESTAMP,CURRENT_TIMESTAMP,100503771,100000131,1,Jacks & Lift Trucks,000503771
CURRENT_TIMESTAMP,CURRENT_TIMESTAMP,100503767,100000131,1,Personnel Lifts,000503767
CURRENT_TIMESTAMP,CURRENT_TIMESTAMP,100503769,100000131,1,Pulleys,000503769
CURRENT_TIMESTAMP,CURRENT_TIMESTAMP,100503772,100000131,1,Winches,000503772
CURRENT_TIMESTAMP,CURRENT_TIMESTAMP,100503011,100006987,1,Pallets & Loading Platforms,000503011
CURRENT_TIMESTAMP,CURRENT_TIMESTAMP,100002496,100000111,1,Medical,000002496
CURRENT_TIMESTAMP,CURRENT_TIMESTAMP,100006275,100002496,1,Hospital Curtains,000006275
CURRENT_TIMESTAMP,CURRENT_TIMESTAMP,100001898,100002496,1,Hospital Gowns,000001898
CURRENT_TIMESTAMP,CURRENT_TIMESTAMP,100006303,100002496,1,Medical Bedding,000006303
CURRENT_TIMESTAMP,CURRENT_TIMESTAMP,100003477,100002496,1,Medical Equipment,000003477
CURRENT_TIMESTAMP,CURRENT_TIMESTAMP,100003230,100003477,1,Automated External Defibrillators,000003230
CURRENT_TIMESTAMP,CURRENT_TIMESTAMP,100503006,100003477,1,Gait Belts,000503006
CURRENT_TIMESTAMP,CURRENT_TIMESTAMP,100006972,100003477,1,Medical Reflex Hammers & Tuning Forks,000006972
CURRENT_TIMESTAMP,CURRENT_TIMESTAMP,100499858,100003477,1,Medical Stretchers & Gurneys,000499858
CURRENT_TIMESTAMP,CURRENT_TIMESTAMP,100004245,100003477,1,Otoscopes & Ophthalmoscopes,000004245
CURRENT_TIMESTAMP,CURRENT_TIMESTAMP,100007522,100003477,1,Patient Lifts,000007522
CURRENT_TIMESTAMP,CURRENT_TIMESTAMP,100004364,100003477,1,Stethoscopes,000004364
CURRENT_TIMESTAMP,CURRENT_TIMESTAMP,100006714,100003477,1,Vital Signs Monitor Accessories,000006714
CURRENT_TIMESTAMP,CURRENT_TIMESTAMP,100006280,100003477,1,Vital Signs Monitors,000006280
CURRENT_TIMESTAMP,CURRENT_TIMESTAMP,100005167,100002496,1,Medical Furniture,000005167
CURRENT_TIMESTAMP,CURRENT_TIMESTAMP,100005168,100005167,1,Chiropractic Tables,000005168
CURRENT_TIMESTAMP,CURRENT_TIMESTAMP,100005169,100005167,1,Examination Chairs & Tables,000005169
CURRENT_TIMESTAMP,CURRENT_TIMESTAMP,100004435,100005167,1,Homecare & Hospital Beds,000004435
CURRENT_TIMESTAMP,CURRENT_TIMESTAMP,100005170,100005167,1,Medical Cabinets,000005170
CURRENT_TIMESTAMP,CURRENT_TIMESTAMP,100005171,100005167,1,Medical Carts,000005171
CURRENT_TIMESTAMP,CURRENT_TIMESTAMP,100005173,100005171,1,Crash Carts,000005173
CURRENT_TIMESTAMP,CURRENT_TIMESTAMP,100005174,100005171,1,IV Poles & Carts,000005174
CURRENT_TIMESTAMP,CURRENT_TIMESTAMP,100005172,100005167,1,Surgical Tables,000005172
CURRENT_TIMESTAMP,CURRENT_TIMESTAMP,100230913,100002496,1,Medical Instruments,000230913
CURRENT_TIMESTAMP,CURRENT_TIMESTAMP,100006281,100230913,1,Medical Forceps,000006281
CURRENT_TIMESTAMP,CURRENT_TIMESTAMP,100232166,100230913,1,Scalpel Blades,000232166
CURRENT_TIMESTAMP,CURRENT_TIMESTAMP,100008026,100230913,1,Scalpels,000008026
CURRENT_TIMESTAMP,CURRENT_TIMESTAMP,100499935,100230913,1,Surgical Needles & Sutures,000499935
CURRENT_TIMESTAMP,CURRENT_TIMESTAMP,100002907,100002496,1,Medical Supplies,000002907
CURRENT_TIMESTAMP,CURRENT_TIMESTAMP,100000511,100002907,1,Disposable Gloves,000000511
CURRENT_TIMESTAMP,CURRENT_TIMESTAMP,100007063,100002907,1,Finger Cots,000007063
CURRENT_TIMESTAMP,CURRENT_TIMESTAMP,100499696,100002907,1,Medical Needles & Syringes,000499696
CURRENT_TIMESTAMP,CURRENT_TIMESTAMP,100543672,100499696,1,Medical Needle & Syringe Sets,000543672
CURRENT_TIMESTAMP,CURRENT_TIMESTAMP,100543670,100499696,1,Medical Needles,000543670
CURRENT_TIMESTAMP,CURRENT_TIMESTAMP,100543671,100499696,1,Medical Syringes,000543671
CURRENT_TIMESTAMP,CURRENT_TIMESTAMP,100505828,100002907,1,Ostomy Supplies,000505828
CURRENT_TIMESTAMP,CURRENT_TIMESTAMP,100007324,100002907,1,Tongue Depressors,000007324
CURRENT_TIMESTAMP,CURRENT_TIMESTAMP,100006490,100002496,1,Medical Teaching Equipment,000006490
CURRENT_TIMESTAMP,CURRENT_TIMESTAMP,100006491,100006490,1,Medical & Emergency Response Training Mannequins,000006491
CURRENT_TIMESTAMP,CURRENT_TIMESTAMP,100005602,100002496,1,Scrub Caps,000005602
CURRENT_TIMESTAMP,CURRENT_TIMESTAMP,100002928,100002496,1,Scrubs,000002928
CURRENT_TIMESTAMP,CURRENT_TIMESTAMP,100001645,100002496,1,Surgical Gowns,000001645
CURRENT_TIMESTAMP,CURRENT_TIMESTAMP,100002187,100000111,1,Mining & Quarrying,000002187
CURRENT_TIMESTAMP,CURRENT_TIMESTAMP,100004285,100000111,1,Piercing & Tattooing,000004285
CURRENT_TIMESTAMP,CURRENT_TIMESTAMP,100004350,100004285,1,Piercing Supplies,000004350
CURRENT_TIMESTAMP,CURRENT_TIMESTAMP,100004122,100004350,1,Piercing Needles,000004122
CURRENT_TIMESTAMP,CURRENT_TIMESTAMP,100004326,100004285,1,Tattooing Supplies,000004326
CURRENT_TIMESTAMP,CURRENT_TIMESTAMP,100005853,100004326,1,Tattoo Cover-Ups,000005853
CURRENT_TIMESTAMP,CURRENT_TIMESTAMP,100004215,100004326,1,Tattooing Inks,000004215
CURRENT_TIMESTAMP,CURRENT_TIMESTAMP,100004379,100004326,1,Tattooing Machines,000004379
CURRENT_TIMESTAMP,CURRENT_TIMESTAMP,100004072,100004326,1,Tattooing Needles,000004072
CURRENT_TIMESTAMP,CURRENT_TIMESTAMP,100000138,100000111,1,Retail,000000138
CURRENT_TIMESTAMP,CURRENT_TIMESTAMP,100004244,100000138,1,Clothing Display Racks,000004244
CURRENT_TIMESTAMP,CURRENT_TIMESTAMP,100003803,100000138,1,Display Mannequins,000003803
CURRENT_TIMESTAMP,CURRENT_TIMESTAMP,100007128,100000138,1,Mannequin Parts,000007128
CURRENT_TIMESTAMP,CURRENT_TIMESTAMP,100004181,100000138,1,Money Handling,000004181
CURRENT_TIMESTAMP,CURRENT_TIMESTAMP,100004290,100004181,1,Banknote Verifiers,000004290
CURRENT_TIMESTAMP,CURRENT_TIMESTAMP,100505825,100004181,1,Cash Register & POS Terminal Accessories,000505825
CURRENT_TIMESTAMP,CURRENT_TIMESTAMP,100004283,100505825,1,Cash Drawers & Trays,000004283
CURRENT_TIMESTAMP,CURRENT_TIMESTAMP,100505808,100505825,1,Credit Card Terminals,000505808
CURRENT_TIMESTAMP,CURRENT_TIMESTAMP,100005310,100505825,1,Signature Capture Pads,000005310
CURRENT_TIMESTAMP,CURRENT_TIMESTAMP,100505824,100004181,1,Cash Registers & POS Terminals,000505824
CURRENT_TIMESTAMP,CURRENT_TIMESTAMP,100543647,100505824,1,Cash Registers,000543647
CURRENT_TIMESTAMP,CURRENT_TIMESTAMP,100543648,100505824,1,POS Terminals,000543648
CURRENT_TIMESTAMP,CURRENT_TIMESTAMP,100004151,100004181,1,Coin & Bill Counters,000004151
CURRENT_TIMESTAMP,CURRENT_TIMESTAMP,100003273,100004181,1,Money Changers,000003273
CURRENT_TIMESTAMP,CURRENT_TIMESTAMP,100004329,100004181,1,Money Deposit Bags,000004329
CURRENT_TIMESTAMP,CURRENT_TIMESTAMP,100004055,100004181,1,Paper Coin Wrappers & Bill Straps,000004055
CURRENT_TIMESTAMP,CURRENT_TIMESTAMP,100001837,100000138,1,Paper & Plastic Shopping Bags,000001837
CURRENT_TIMESTAMP,CURRENT_TIMESTAMP,100004127,100000138,1,Pricing Guns,000004127
CURRENT_TIMESTAMP,CURRENT_TIMESTAMP,100004160,100000138,1,Retail Display Cases,000004160
CURRENT_TIMESTAMP,CURRENT_TIMESTAMP,100499897,100000138,1,Retail Display Props & Models,000499897
CURRENT_TIMESTAMP,CURRENT_TIMESTAMP,100001624,100000111,1,Science & Laboratory,000001624
CURRENT_TIMESTAMP,CURRENT_TIMESTAMP,100006975,100001624,1,Biochemicals,000006975
CURRENT_TIMESTAMP,CURRENT_TIMESTAMP,100007325,100001624,1,Dissection Kits,000007325
CURRENT_TIMESTAMP,CURRENT_TIMESTAMP,100003002,100001624,1,Laboratory Chemicals,000003002
CURRENT_TIMESTAMP,CURRENT_TIMESTAMP,100004335,100001624,1,Laboratory Equipment,000004335
CURRENT_TIMESTAMP,CURRENT_TIMESTAMP,100004116,100004335,1,Autoclaves,000004116
CURRENT_TIMESTAMP,CURRENT_TIMESTAMP,100004336,100004335,1,Centrifuges,000004336
CURRENT_TIMESTAMP,CURRENT_TIMESTAMP,100007218,100004335,1,Dry Ice Makers,000007218
CURRENT_TIMESTAMP,CURRENT_TIMESTAMP,100500057,100004335,1,Freeze-Drying Machines,000500057
CURRENT_TIMESTAMP,CURRENT_TIMESTAMP,100004474,100004335,1,Laboratory Blenders,000004474
CURRENT_TIMESTAMP,CURRENT_TIMESTAMP,100500114,100004335,1,Laboratory Freezers,000500114
CURRENT_TIMESTAMP,CURRENT_TIMESTAMP,100503722,100004335,1,Laboratory Funnels,000503722
CURRENT_TIMESTAMP,CURRENT_TIMESTAMP,100004133,100004335,1,Laboratory Hot Plates,000004133
CURRENT_TIMESTAMP,CURRENT_TIMESTAMP,100004231,100004335,1,Laboratory Ovens,000004231
CURRENT_TIMESTAMP,CURRENT_TIMESTAMP,100004555,100004335,1,Microscope Accessories,000004555
CURRENT_TIMESTAMP,CURRENT_TIMESTAMP,100004557,100004555,1,Microscope Cameras,000004557
CURRENT_TIMESTAMP,CURRENT_TIMESTAMP,100004556,100004555,1,Microscope Eyepieces & Adapters,000004556
CURRENT_TIMESTAMP,CURRENT_TIMESTAMP,100004665,100004555,1,Microscope Objective Lenses,000004665
CURRENT_TIMESTAMP,CURRENT_TIMESTAMP,100004664,100004555,1,Microscope Replacement Bulbs,000004664
CURRENT_TIMESTAMP,CURRENT_TIMESTAMP,100004558,100004555,1,Microscope Slides,000004558
CURRENT_TIMESTAMP,CURRENT_TIMESTAMP,100000158,100004335,1,Microscopes,000000158
CURRENT_TIMESTAMP,CURRENT_TIMESTAMP,100007437,100004335,1,Microtomes,000007437
CURRENT_TIMESTAMP,CURRENT_TIMESTAMP,100007468,100004335,1,Spectrometer Accessories,000007468
CURRENT_TIMESTAMP,CURRENT_TIMESTAMP,100007393,100004335,1,Spectrometers,000007393
CURRENT_TIMESTAMP,CURRENT_TIMESTAMP,100008119,100001624,1,Laboratory Specimens,000008119
CURRENT_TIMESTAMP,CURRENT_TIMESTAMP,100004255,100001624,1,Laboratory Supplies,000004255
CURRENT_TIMESTAMP,CURRENT_TIMESTAMP,100004310,100004255,1,Beakers,000004310
CURRENT_TIMESTAMP,CURRENT_TIMESTAMP,100004061,100004255,1,Graduated Cylinders,000004061
CURRENT_TIMESTAMP,CURRENT_TIMESTAMP,100004036,100004255,1,Laboratory Flasks,000004036
CURRENT_TIMESTAMP,CURRENT_TIMESTAMP,100004276,100004255,1,Petri Dishes,000004276
CURRENT_TIMESTAMP,CURRENT_TIMESTAMP,100004075,100004255,1,Pipettes,000004075
CURRENT_TIMESTAMP,CURRENT_TIMESTAMP,100004155,100004255,1,Test Tube Racks,000004155
CURRENT_TIMESTAMP,CURRENT_TIMESTAMP,100004306,100004255,1,Test Tubes,000004306
CURRENT_TIMESTAMP,CURRENT_TIMESTAMP,100004140,100004255,1,Wash Bottles,000004140
CURRENT_TIMESTAMP,CURRENT_TIMESTAMP,100000976,100000111,1,Signage,000000976
CURRENT_TIMESTAMP,CURRENT_TIMESTAMP,100007322,100000976,1,Business Hour Signs,000007322
CURRENT_TIMESTAMP,CURRENT_TIMESTAMP,100008155,100000976,1,Digital Signs,000008155
CURRENT_TIMESTAMP,CURRENT_TIMESTAMP,100004297,100000976,1,Electric Signs,000004297
CURRENT_TIMESTAMP,CURRENT_TIMESTAMP,100004131,100004297,1,LED Signs,000004131
CURRENT_TIMESTAMP,CURRENT_TIMESTAMP,100004070,100004297,1,Neon Signs,000004070
CURRENT_TIMESTAMP,CURRENT_TIMESTAMP,100005894,100000976,1,Emergency & Exit Signs,000005894
CURRENT_TIMESTAMP,CURRENT_TIMESTAMP,100005897,100000976,1,Facility Identification Signs,000005897
CURRENT_TIMESTAMP,CURRENT_TIMESTAMP,100007323,100000976,1,Open & Closed Signs,000007323
CURRENT_TIMESTAMP,CURRENT_TIMESTAMP,100005896,100000976,1,Parking Signs & Permits,000005896
CURRENT_TIMESTAMP,CURRENT_TIMESTAMP,100005900,100000976,1,Policy Signs,000005900
CURRENT_TIMESTAMP,CURRENT_TIMESTAMP,100005898,100000976,1,Retail & Sale Signs,000005898
CURRENT_TIMESTAMP,CURRENT_TIMESTAMP,100005895,100000976,1,Road & Traffic Signs,000005895
CURRENT_TIMESTAMP,CURRENT_TIMESTAMP,100005892,100000976,1,Safety & Warning Signs,000005892
CURRENT_TIMESTAMP,CURRENT_TIMESTAMP,100005893,100000976,1,Security Signs,000005893
CURRENT_TIMESTAMP,CURRENT_TIMESTAMP,100005899,100000976,1,Sidewalk & Yard Signs,000005899
CURRENT_TIMESTAMP,CURRENT_TIMESTAMP,100002047,100000111,1,Work Safety Protective Gear,000002047
CURRENT_TIMESTAMP,CURRENT_TIMESTAMP,100002389,100002047,1,Bullet Proof Vests,000002389
CURRENT_TIMESTAMP,CURRENT_TIMESTAMP,100008269,100002047,1,Gas Mask & Respirator Accessories,000008269
CURRENT_TIMESTAMP,CURRENT_TIMESTAMP,100002723,100002047,1,Hardhats,000002723
CURRENT_TIMESTAMP,CURRENT_TIMESTAMP,100002808,100002047,1,Hazardous Material Suits,000002808
CURRENT_TIMESTAMP,CURRENT_TIMESTAMP,100006764,100002047,1,Protective Aprons,000006764
CURRENT_TIMESTAMP,CURRENT_TIMESTAMP,100002227,100002047,1,Protective Eyewear,000002227
CURRENT_TIMESTAMP,CURRENT_TIMESTAMP,100503724,100002047,1,Protective Masks,000503724
CURRENT_TIMESTAMP,CURRENT_TIMESTAMP,100007407,100503724,1,Dust Masks,000007407
CURRENT_TIMESTAMP,CURRENT_TIMESTAMP,100002349,100503724,1,Fireman's Masks,000002349
CURRENT_TIMESTAMP,CURRENT_TIMESTAMP,100002473,100503724,1,Gas Masks & Respirators,000002473
CURRENT_TIMESTAMP,CURRENT_TIMESTAMP,100000513,100503724,1,Medical Masks,000000513
CURRENT_TIMESTAMP,CURRENT_TIMESTAMP,100005591,100002047,1,Safety Gloves,000005591
CURRENT_TIMESTAMP,CURRENT_TIMESTAMP,100499961,100002047,1,Safety Knee Pads,000499961
CURRENT_TIMESTAMP,CURRENT_TIMESTAMP,100499927,100002047,1,Welding Helmets,000499927
CURRENT_TIMESTAMP,CURRENT_TIMESTAMP,100499708,100002047,1,Work Safety Harnesses,000499708
CURRENT_TIMESTAMP,CURRENT_TIMESTAMP,100007085,100002047,1,Work Safety Tethers,000007085
CURRENT_TIMESTAMP,CURRENT_TIMESTAMP,100000141,null,1,Cameras & Optics,000000141
CURRENT_TIMESTAMP,CURRENT_TIMESTAMP,100002096,100000141,1,Camera & Optic Accessories,000002096
CURRENT_TIMESTAMP,CURRENT_TIMESTAMP,100463625,100002096,1,Camera & Optic Replacement Cables,000463625
CURRENT_TIMESTAMP,CURRENT_TIMESTAMP,100000149,100002096,1,Camera & Video Camera Lenses,000000149
CURRENT_TIMESTAMP,CURRENT_TIMESTAMP,100004432,100000149,1,Camera Lenses,000004432
CURRENT_TIMESTAMP,CURRENT_TIMESTAMP,100005346,100000149,1,Surveillance Camera Lenses,000005346
CURRENT_TIMESTAMP,CURRENT_TIMESTAMP,100005280,100000149,1,Video Camera Lenses,000005280
CURRENT_TIMESTAMP,CURRENT_TIMESTAMP,100002911,100002096,1,Camera Lens Accessories,000002911
CURRENT_TIMESTAMP,CURRENT_TIMESTAMP,100005588,100002911,1,Lens & Filter Adapter Rings,000005588
CURRENT_TIMESTAMP,CURRENT_TIMESTAMP,100004441,100002911,1,Lens Bags,000004441
CURRENT_TIMESTAMP,CURRENT_TIMESTAMP,100002829,100002911,1,Lens Caps,000002829
CURRENT_TIMESTAMP,CURRENT_TIMESTAMP,100004416,100002911,1,Lens Converters,000004416
CURRENT_TIMESTAMP,CURRENT_TIMESTAMP,100000147,100002911,1,Lens Filters,000000147
CURRENT_TIMESTAMP,CURRENT_TIMESTAMP,100002627,100002911,1,Lens Hoods,000002627
CURRENT_TIMESTAMP,CURRENT_TIMESTAMP,100000143,100002096,1,Camera Parts & Accessories,000000143
CURRENT_TIMESTAMP,CURRENT_TIMESTAMP,100008174,100000143,1,Camera Accessory Sets,000008174
CURRENT_TIMESTAMP,CURRENT_TIMESTAMP,100006308,100000143,1,Camera Bags & Cases,000006308
CURRENT_TIMESTAMP,CURRENT_TIMESTAMP,100296246,100000143,1,Camera Body Replacement Panels & Doors,000296246
CURRENT_TIMESTAMP,CURRENT_TIMESTAMP,100298420,100000143,1,Camera Digital Backs,000298420
CURRENT_TIMESTAMP,CURRENT_TIMESTAMP,100000153,100000143,1,Camera Film,000000153
CURRENT_TIMESTAMP,CURRENT_TIMESTAMP,100005479,100000143,1,Camera Flash Accessories,000005479
CURRENT_TIMESTAMP,CURRENT_TIMESTAMP,100000148,100000143,1,Camera Flashes,000000148
CURRENT_TIMESTAMP,CURRENT_TIMESTAMP,100500104,100000143,1,Camera Focus Devices,000500104
CURRENT_TIMESTAMP,CURRENT_TIMESTAMP,100461567,100000143,1,Camera Gears,000461567
CURRENT_TIMESTAMP,CURRENT_TIMESTAMP,100500037,100000143,1,Camera Grips,000500037
CURRENT_TIMESTAMP,CURRENT_TIMESTAMP,100296248,100000143,1,Camera Image Sensors,000296248
CURRENT_TIMESTAMP,CURRENT_TIMESTAMP,100461568,100000143,1,Camera Lens Zoom Units,000461568
CURRENT_TIMESTAMP,CURRENT_TIMESTAMP,100005532,100000143,1,Camera Remote Controls,000005532
CURRENT_TIMESTAMP,CURRENT_TIMESTAMP,100296247,100000143,1,Camera Replacement Buttons & Knobs,000296247
CURRENT_TIMESTAMP,CURRENT_TIMESTAMP,100296249,100000143,1,Camera Replacement Screens & Displays,000296249
CURRENT_TIMESTAMP,CURRENT_TIMESTAMP,100503020,100000143,1,Camera Silencers & Sound Blimps,000503020
CURRENT_TIMESTAMP,CURRENT_TIMESTAMP,100499998,100000143,1,Camera Stabilizers & Supports,000499998
CURRENT_TIMESTAMP,CURRENT_TIMESTAMP,100005429,100000143,1,Camera Straps,000005429
CURRENT_TIMESTAMP,CURRENT_TIMESTAMP,100503019,100000143,1,Camera Sun Hoods & Viewfinder Attachments,000503019
CURRENT_TIMESTAMP,CURRENT_TIMESTAMP,100002987,100000143,1,Flash Brackets,000002987
CURRENT_TIMESTAMP,CURRENT_TIMESTAMP,100500107,100000143,1,On-Camera Monitors,000500107
CURRENT_TIMESTAMP,CURRENT_TIMESTAMP,100005937,100000143,1,Surveillance Camera Accessories,000005937
CURRENT_TIMESTAMP,CURRENT_TIMESTAMP,100008535,100000143,1,Underwater Camera Housing Accessories,000008535
CURRENT_TIMESTAMP,CURRENT_TIMESTAMP,100006307,100000143,1,Underwater Camera Housings,000006307
CURRENT_TIMESTAMP,CURRENT_TIMESTAMP,100002394,100000143,1,Video Camera Lights,000002394
CURRENT_TIMESTAMP,CURRENT_TIMESTAMP,100000160,100002096,1,Optic Accessories,000000160
CURRENT_TIMESTAMP,CURRENT_TIMESTAMP,100005282,100000160,1,Binocular & Monocular Accessories,000005282
CURRENT_TIMESTAMP,CURRENT_TIMESTAMP,100005545,100000160,1,Optics Bags & Cases,000005545
CURRENT_TIMESTAMP,CURRENT_TIMESTAMP,100005283,100000160,1,Rangefinder Accessories,000005283
CURRENT_TIMESTAMP,CURRENT_TIMESTAMP,100005542,100000160,1,Spotting Scope Accessories,000005542
CURRENT_TIMESTAMP,CURRENT_TIMESTAMP,100005284,100000160,1,Telescope Accessories,000005284
CURRENT_TIMESTAMP,CURRENT_TIMESTAMP,100004274,100000160,1,Thermal Optic Accessories,000004274
CURRENT_TIMESTAMP,CURRENT_TIMESTAMP,100005543,100000160,1,Weapon Scope & Sight Accessories,000005543
CURRENT_TIMESTAMP,CURRENT_TIMESTAMP,100004638,100002096,1,Tripod & Monopod Accessories,000004638
CURRENT_TIMESTAMP,CURRENT_TIMESTAMP,100004640,100004638,1,Tripod & Monopod Cases,000004640
CURRENT_TIMESTAMP,CURRENT_TIMESTAMP,100004639,100004638,1,Tripod & Monopod Heads,000004639
CURRENT_TIMESTAMP,CURRENT_TIMESTAMP,100003035,100004638,1,Tripod Collars & Mounts,000003035
CURRENT_TIMESTAMP,CURRENT_TIMESTAMP,100503726,100004638,1,Tripod Handles,000503726
CURRENT_TIMESTAMP,CURRENT_TIMESTAMP,100503016,100004638,1,Tripod Spreaders,000503016
CURRENT_TIMESTAMP,CURRENT_TIMESTAMP,100000150,100002096,1,Tripods & Monopods,000000150
CURRENT_TIMESTAMP,CURRENT_TIMESTAMP,100000142,100000141,1,Cameras,000000142
CURRENT_TIMESTAMP,CURRENT_TIMESTAMP,100499976,100000142,1,Borescopes,000499976
CURRENT_TIMESTAMP,CURRENT_TIMESTAMP,100000152,100000142,1,Digital Cameras,000000152
CURRENT_TIMESTAMP,CURRENT_TIMESTAMP,100004024,100000142,1,Disposable Cameras,000004024
CURRENT_TIMESTAMP,CURRENT_TIMESTAMP,100000154,100000142,1,Film Cameras,000000154
CURRENT_TIMESTAMP,CURRENT_TIMESTAMP,100000362,100000142,1,Surveillance Cameras,000000362
CURRENT_TIMESTAMP,CURRENT_TIMESTAMP,100005402,100000142,1,Trail Cameras,000005402
CURRENT_TIMESTAMP,CURRENT_TIMESTAMP,100000155,100000142,1,Video Cameras,000000155
CURRENT_TIMESTAMP,CURRENT_TIMESTAMP,100000312,100000142,1,Webcams,000000312
CURRENT_TIMESTAMP,CURRENT_TIMESTAMP,100000156,100000141,1,Optics,000000156
CURRENT_TIMESTAMP,CURRENT_TIMESTAMP,100000157,100000156,1,Binoculars,000000157
CURRENT_TIMESTAMP,CURRENT_TIMESTAMP,100004164,100000156,1,Monoculars,000004164
CURRENT_TIMESTAMP,CURRENT_TIMESTAMP,100000161,100000156,1,Rangefinders,000000161
CURRENT_TIMESTAMP,CURRENT_TIMESTAMP,100004040,100000156,1,Scopes,000004040
CURRENT_TIMESTAMP,CURRENT_TIMESTAMP,100004136,100004040,1,Spotting Scopes,000004136
CURRENT_TIMESTAMP,CURRENT_TIMESTAMP,100000165,100004040,1,Telescopes,000000165
CURRENT_TIMESTAMP,CURRENT_TIMESTAMP,100001695,100004040,1,Weapon Scopes & Sights,000001695
CURRENT_TIMESTAMP,CURRENT_TIMESTAMP,100000039,100000141,1,Photography,000000039
CURRENT_TIMESTAMP,CURRENT_TIMESTAMP,100000041,100000039,1,Darkroom,000000041
CURRENT_TIMESTAMP,CURRENT_TIMESTAMP,100002234,100000041,1,Developing & Processing Equipment,000002234
CURRENT_TIMESTAMP,CURRENT_TIMESTAMP,100002625,100002234,1,Copystands,000002625
CURRENT_TIMESTAMP,CURRENT_TIMESTAMP,100002999,100002234,1,Darkroom Sinks,000002999
CURRENT_TIMESTAMP,CURRENT_TIMESTAMP,100002650,100002234,1,Developing Tanks & Reels,000002650
CURRENT_TIMESTAMP,CURRENT_TIMESTAMP,100002728,100002234,1,Print Trays,000002728
CURRENT_TIMESTAMP,CURRENT_TIMESTAMP,100002516,100002234,1,Retouching Equipment & Supplies,000002516
CURRENT_TIMESTAMP,CURRENT_TIMESTAMP,100002520,100000041,1,Enlarging Equipment,000002520
CURRENT_TIMESTAMP,CURRENT_TIMESTAMP,100002969,100002520,1,Darkroom Easels,000002969
CURRENT_TIMESTAMP,CURRENT_TIMESTAMP,100002543,100002520,1,Darkroom Timers,000002543
CURRENT_TIMESTAMP,CURRENT_TIMESTAMP,100003029,100002520,1,Focusing Aids,000003029
CURRENT_TIMESTAMP,CURRENT_TIMESTAMP,100002815,100002520,1,Photographic Analyzers,000002815
CURRENT_TIMESTAMP,CURRENT_TIMESTAMP,100002698,100002520,1,Photographic Enlargers,000002698
CURRENT_TIMESTAMP,CURRENT_TIMESTAMP,100001622,100000041,1,Photographic Chemicals,000001622
CURRENT_TIMESTAMP,CURRENT_TIMESTAMP,100002804,100000041,1,Photographic Paper,000002804
CURRENT_TIMESTAMP,CURRENT_TIMESTAMP,100002600,100000041,1,Safelights,000002600
CURRENT_TIMESTAMP,CURRENT_TIMESTAMP,100000042,100000039,1,Lighting & Studio,000000042
CURRENT_TIMESTAMP,CURRENT_TIMESTAMP,100005499,100000042,1,Light Meter Accessories,000005499
CURRENT_TIMESTAMP,CURRENT_TIMESTAMP,100001548,100000042,1,Light Meters,000001548
CURRENT_TIMESTAMP,CURRENT_TIMESTAMP,100001611,100000042,1,Studio Backgrounds,000001611
CURRENT_TIMESTAMP,CURRENT_TIMESTAMP,100503018,100000042,1,Studio Light & Flash Accessories,000503018
CURRENT_TIMESTAMP,CURRENT_TIMESTAMP,100002475,100000042,1,Studio Lighting Controls,000002475
CURRENT_TIMESTAMP,CURRENT_TIMESTAMP,100003056,100002475,1,Flash Diffusers,000003056
CURRENT_TIMESTAMP,CURRENT_TIMESTAMP,100005431,100002475,1,Flash Reflectors,000005431
CURRENT_TIMESTAMP,CURRENT_TIMESTAMP,100002490,100002475,1,Lighting Filters & Gobos,000002490
CURRENT_TIMESTAMP,CURRENT_TIMESTAMP,100005432,100002475,1,Softboxes,000005432
CURRENT_TIMESTAMP,CURRENT_TIMESTAMP,100002926,100000042,1,Studio Lights & Flashes,000002926
CURRENT_TIMESTAMP,CURRENT_TIMESTAMP,100503017,100000042,1,Studio Stand & Mount Accessories,000503017
CURRENT_TIMESTAMP,CURRENT_TIMESTAMP,100002007,100000042,1,Studio Stands & Mounts,000002007
CURRENT_TIMESTAMP,CURRENT_TIMESTAMP,100503735,100000039,1,Photo Mounting Supplies,000503735
CURRENT_TIMESTAMP,CURRENT_TIMESTAMP,100004368,100000039,1,Photo Negative & Slide Storage,000004368
CURRENT_TIMESTAMP,CURRENT_TIMESTAMP,100000222,null,1,Electronics,000000222
CURRENT_TIMESTAMP,CURRENT_TIMESTAMP,100003356,100000222,1,Arcade Equipment,000003356
CURRENT_TIMESTAMP,CURRENT_TIMESTAMP,100008085,100003356,1,Basketball Arcade Games,000008085
CURRENT_TIMESTAMP,CURRENT_TIMESTAMP,100003946,100003356,1,Pinball Machine Accessories,000003946
CURRENT_TIMESTAMP,CURRENT_TIMESTAMP,100003140,100003356,1,Pinball Machines,000003140
CURRENT_TIMESTAMP,CURRENT_TIMESTAMP,100003681,100003356,1,Skee-Ball Machines,000003681
CURRENT_TIMESTAMP,CURRENT_TIMESTAMP,100003676,100003356,1,Video Game Arcade Cabinet Accessories,000003676
CURRENT_TIMESTAMP,CURRENT_TIMESTAMP,100003117,100003356,1,Video Game Arcade Cabinets,000003117
CURRENT_TIMESTAMP,CURRENT_TIMESTAMP,100000223,100000222,1,Audio,000000223
CURRENT_TIMESTAMP,CURRENT_TIMESTAMP,100001420,100000223,1,Audio Accessories,000001420
CURRENT_TIMESTAMP,CURRENT_TIMESTAMP,100503008,100001420,1,Audio & Video Receiver Accessories,000503008
CURRENT_TIMESTAMP,CURRENT_TIMESTAMP,100505797,100001420,1,Headphone & Headset Accessories,000505797
CURRENT_TIMESTAMP,CURRENT_TIMESTAMP,100503004,100505797,1,Headphone Cushions & Tips,000503004
CURRENT_TIMESTAMP,CURRENT_TIMESTAMP,100005395,100001420,1,Karaoke System Accessories,000005395
CURRENT_TIMESTAMP,CURRENT_TIMESTAMP,100005396,100005395,1,Karaoke Chips,000005396
CURRENT_TIMESTAMP,CURRENT_TIMESTAMP,100000232,100001420,1,MP3 Player Accessories,000000232
CURRENT_TIMESTAMP,CURRENT_TIMESTAMP,100007566,100000232,1,MP3 Player & Mobile Phone Accessory Sets,000007566
CURRENT_TIMESTAMP,CURRENT_TIMESTAMP,100003055,100000232,1,MP3 Player Cases,000003055
CURRENT_TIMESTAMP,CURRENT_TIMESTAMP,100003306,100001420,1,Microphone Accessories,000003306
CURRENT_TIMESTAMP,CURRENT_TIMESTAMP,100003912,100001420,1,Microphone Stands,000003912
CURRENT_TIMESTAMP,CURRENT_TIMESTAMP,100000239,100001420,1,Satellite Radio Accessories,000000239
CURRENT_TIMESTAMP,CURRENT_TIMESTAMP,100007163,100001420,1,Speaker Accessories,000007163
CURRENT_TIMESTAMP,CURRENT_TIMESTAMP,100500112,100007163,1,Speaker Bags,000500112
CURRENT_TIMESTAMP,CURRENT_TIMESTAMP,100500120,100007163,1,Speaker Components & Kits,000500120
CURRENT_TIMESTAMP,CURRENT_TIMESTAMP,100008047,100007163,1,Speaker Stand Bags,000008047
CURRENT_TIMESTAMP,CURRENT_TIMESTAMP,100008049,100007163,1,Speaker Stands & Mounts,000008049
CURRENT_TIMESTAMP,CURRENT_TIMESTAMP,100500119,100007163,1,Tactile Transducers,000500119
CURRENT_TIMESTAMP,CURRENT_TIMESTAMP,100002372,100001420,1,Turntable Accessories,000002372
CURRENT_TIMESTAMP,CURRENT_TIMESTAMP,100002165,100000223,1,Audio Components,000002165
CURRENT_TIMESTAMP,CURRENT_TIMESTAMP,100000241,100002165,1,Audio & Video Receivers,000000241
CURRENT_TIMESTAMP,CURRENT_TIMESTAMP,100000224,100002165,1,Audio Amplifiers,000000224
CURRENT_TIMESTAMP,CURRENT_TIMESTAMP,100004493,100000224,1,Headphone Amplifiers,000004493
CURRENT_TIMESTAMP,CURRENT_TIMESTAMP,100005381,100000224,1,Power Amplifiers,000005381
CURRENT_TIMESTAMP,CURRENT_TIMESTAMP,100000236,100002165,1,Audio Mixers,000000236
CURRENT_TIMESTAMP,CURRENT_TIMESTAMP,100005129,100002165,1,Audio Transmitters,000005129
CURRENT_TIMESTAMP,CURRENT_TIMESTAMP,100005130,100005129,1,Bluetooth Transmitters,000005130
CURRENT_TIMESTAMP,CURRENT_TIMESTAMP,100004035,100005129,1,FM Transmitters,000004035
CURRENT_TIMESTAMP,CURRENT_TIMESTAMP,100006545,100002165,1,Channel Strips,000006545
CURRENT_TIMESTAMP,CURRENT_TIMESTAMP,100006546,100002165,1,Direct Boxes,000006546
CURRENT_TIMESTAMP,CURRENT_TIMESTAMP,100505771,100002165,1,Headphones & Headsets,000505771
CURRENT_TIMESTAMP,CURRENT_TIMESTAMP,100543626,100505771,1,Headphones,000543626
CURRENT_TIMESTAMP,CURRENT_TIMESTAMP,100543627,100505771,1,Headsets,000543627
CURRENT_TIMESTAMP,CURRENT_TIMESTAMP,100000234,100002165,1,Microphones,000000234
CURRENT_TIMESTAMP,CURRENT_TIMESTAMP,100000246,100002165,1,Signal Processors,000000246
CURRENT_TIMESTAMP,CURRENT_TIMESTAMP,100005435,100000246,1,Crossovers,000005435
CURRENT_TIMESTAMP,CURRENT_TIMESTAMP,100000247,100000246,1,Effects Processors,000000247
CURRENT_TIMESTAMP,CURRENT_TIMESTAMP,100000248,100000246,1,Equalizers,000000248
CURRENT_TIMESTAMP,CURRENT_TIMESTAMP,100005597,100000246,1,Loudspeaker Management Systems,000005597
CURRENT_TIMESTAMP,CURRENT_TIMESTAMP,100003945,100000246,1,Microphone Preamps,000003945
CURRENT_TIMESTAMP,CURRENT_TIMESTAMP,100005596,100000246,1,Noise Gates & Compressors,000005596
CURRENT_TIMESTAMP,CURRENT_TIMESTAMP,100005369,100000246,1,Phono Preamps,000005369
CURRENT_TIMESTAMP,CURRENT_TIMESTAMP,100000249,100002165,1,Speakers,000000249
CURRENT_TIMESTAMP,CURRENT_TIMESTAMP,100505298,100002165,1,Studio Recording Bundles,000505298
CURRENT_TIMESTAMP,CURRENT_TIMESTAMP,100000242,100000223,1,Audio Players & Recorders,000000242
CURRENT_TIMESTAMP,CURRENT_TIMESTAMP,100000225,100000242,1,Boomboxes,000000225
CURRENT_TIMESTAMP,CURRENT_TIMESTAMP,100000226,100000242,1,CD Players & Recorders,000000226
CURRENT_TIMESTAMP,CURRENT_TIMESTAMP,100000243,100000242,1,Cassette Players & Recorders,000000243
CURRENT_TIMESTAMP,CURRENT_TIMESTAMP,100000252,100000242,1,Home Theater Systems,000000252
CURRENT_TIMESTAMP,CURRENT_TIMESTAMP,100004652,100000242,1,Jukeboxes,000004652
CURRENT_TIMESTAMP,CURRENT_TIMESTAMP,100000230,100000242,1,Karaoke Systems,000000230
CURRENT_TIMESTAMP,CURRENT_TIMESTAMP,100000233,100000242,1,MP3 Players,000000233
CURRENT_TIMESTAMP,CURRENT_TIMESTAMP,100000235,100000242,1,MiniDisc Players & Recorders,000000235
CURRENT_TIMESTAMP,CURRENT_TIMESTAMP,100005434,100000242,1,Multitrack Recorders,000005434
CURRENT_TIMESTAMP,CURRENT_TIMESTAMP,100006886,100000242,1,Radios,000006886
CURRENT_TIMESTAMP,CURRENT_TIMESTAMP,100008271,100000242,1,Reel-to-Reel Tape Players & Recorders,000008271
CURRENT_TIMESTAMP,CURRENT_TIMESTAMP,100000251,100000242,1,Stereo Systems,000000251
CURRENT_TIMESTAMP,CURRENT_TIMESTAMP,100000256,100000242,1,Turntables & Record Players,000000256
CURRENT_TIMESTAMP,CURRENT_TIMESTAMP,100000244,100000242,1,Voice Recorders,000000244
CURRENT_TIMESTAMP,CURRENT_TIMESTAMP,100008159,100000223,1,Bullhorns,000008159
CURRENT_TIMESTAMP,CURRENT_TIMESTAMP,100004921,100000223,1,DJ & Specialty Audio,000004921
CURRENT_TIMESTAMP,CURRENT_TIMESTAMP,100004922,100004921,1,DJ CD Players,000004922
CURRENT_TIMESTAMP,CURRENT_TIMESTAMP,100004923,100004921,1,DJ Systems,000004923
CURRENT_TIMESTAMP,CURRENT_TIMESTAMP,100002154,100000223,1,Public Address Systems,000002154
CURRENT_TIMESTAMP,CURRENT_TIMESTAMP,100003727,100000223,1,Stage Equipment,000003727
CURRENT_TIMESTAMP,CURRENT_TIMESTAMP,100003242,100003727,1,Wireless Transmitters,000003242
CURRENT_TIMESTAMP,CURRENT_TIMESTAMP,100003702,100000222,1,Circuit Boards & Components,000003702
CURRENT_TIMESTAMP,CURRENT_TIMESTAMP,100500027,100003702,1,Circuit Board Accessories,000500027
CURRENT_TIMESTAMP,CURRENT_TIMESTAMP,100007259,100003702,1,Circuit Decoders & Encoders,000007259
CURRENT_TIMESTAMP,CURRENT_TIMESTAMP,100003889,100003702,1,Circuit Prototyping,000003889
CURRENT_TIMESTAMP,CURRENT_TIMESTAMP,100004010,100003889,1,Breadboards,000004010
CURRENT_TIMESTAMP,CURRENT_TIMESTAMP,100007258,100003702,1,Electronic Filters,000007258
CURRENT_TIMESTAMP,CURRENT_TIMESTAMP,100003635,100003702,1,Passive Circuit Components,000003635
CURRENT_TIMESTAMP,CURRENT_TIMESTAMP,100003220,100003635,1,Capacitors,000003220
CURRENT_TIMESTAMP,CURRENT_TIMESTAMP,100007260,100003635,1,Electronic Oscillators,000007260
CURRENT_TIMESTAMP,CURRENT_TIMESTAMP,100003121,100003635,1,Inductors,000003121
CURRENT_TIMESTAMP,CURRENT_TIMESTAMP,100003424,100003635,1,Resistors,000003424
CURRENT_TIMESTAMP,CURRENT_TIMESTAMP,100007264,100003702,1,Printed Circuit Boards,000007264
CURRENT_TIMESTAMP,CURRENT_TIMESTAMP,100298419,100007264,1,Camera Circuit Boards,000298419
CURRENT_TIMESTAMP,CURRENT_TIMESTAMP,100499898,100007264,1,Computer Circuit Boards,000499898
CURRENT_TIMESTAMP,CURRENT_TIMESTAMP,100499899,100499898,1,Computer Inverter Boards,000499899
CURRENT_TIMESTAMP,CURRENT_TIMESTAMP,100008546,100499898,1,Hard Drive Circuit Boards,000008546
CURRENT_TIMESTAMP,CURRENT_TIMESTAMP,100000289,100499898,1,Motherboards,000000289
CURRENT_TIMESTAMP,CURRENT_TIMESTAMP,100003416,100007264,1,Development Boards,000003416
CURRENT_TIMESTAMP,CURRENT_TIMESTAMP,100499889,100007264,1,Exercise Machine Circuit Boards,000499889
CURRENT_TIMESTAMP,CURRENT_TIMESTAMP,100008545,100007264,1,Household Appliance Circuit Boards,000008545
CURRENT_TIMESTAMP,CURRENT_TIMESTAMP,100008549,100007264,1,Pool & Spa Circuit Boards,000008549
CURRENT_TIMESTAMP,CURRENT_TIMESTAMP,100008544,100007264,1,Printer,000008544
CURRENT_TIMESTAMP,CURRENT_TIMESTAMP,100499675,100007264,1,Scanner Circuit Boards,000499675
CURRENT_TIMESTAMP,CURRENT_TIMESTAMP,100008516,100007264,1,Television Circuit Boards,000008516
CURRENT_TIMESTAMP,CURRENT_TIMESTAMP,100003991,100003702,1,Semiconductors,000003991
CURRENT_TIMESTAMP,CURRENT_TIMESTAMP,100003632,100003991,1,Diodes,000003632
CURRENT_TIMESTAMP,CURRENT_TIMESTAMP,100007257,100003991,1,Integrated Circuits & Chips,000007257
CURRENT_TIMESTAMP,CURRENT_TIMESTAMP,100003949,100003991,1,Microcontrollers,000003949
CURRENT_TIMESTAMP,CURRENT_TIMESTAMP,100003094,100003991,1,Transistors,000003094
CURRENT_TIMESTAMP,CURRENT_TIMESTAMP,100000262,100000222,1,Communications,000000262
CURRENT_TIMESTAMP,CURRENT_TIMESTAMP,100000266,100000262,1,Answering Machines,000000266
CURRENT_TIMESTAMP,CURRENT_TIMESTAMP,100005275,100000262,1,Caller IDs,000005275
CURRENT_TIMESTAMP,CURRENT_TIMESTAMP,100000263,100000262,1,Communication Radio Accessories,000000263
CURRENT_TIMESTAMP,CURRENT_TIMESTAMP,100002471,100000262,1,Communication Radios,000002471
CURRENT_TIMESTAMP,CURRENT_TIMESTAMP,100002106,100002471,1,CB Radios,000002106
CURRENT_TIMESTAMP,CURRENT_TIMESTAMP,100004415,100002471,1,Radio Scanners,000004415
CURRENT_TIMESTAMP,CURRENT_TIMESTAMP,100000273,100002471,1,Two-Way Radios,000000273
CURRENT_TIMESTAMP,CURRENT_TIMESTAMP,100005404,100000262,1,Intercom Accessories,000005404
CURRENT_TIMESTAMP,CURRENT_TIMESTAMP,100000360,100000262,1,Intercoms,000000360
CURRENT_TIMESTAMP,CURRENT_TIMESTAMP,100000268,100000262,1,Pagers,000000268
CURRENT_TIMESTAMP,CURRENT_TIMESTAMP,100000270,100000262,1,Telephony,000000270
CURRENT_TIMESTAMP,CURRENT_TIMESTAMP,100004666,100000270,1,Conference Phones,000004666
CURRENT_TIMESTAMP,CURRENT_TIMESTAMP,100000271,100000270,1,Corded Phones,000000271
CURRENT_TIMESTAMP,CURRENT_TIMESTAMP,100000272,100000270,1,Cordless Phones,000000272
CURRENT_TIMESTAMP,CURRENT_TIMESTAMP,100000264,100000270,1,Mobile Phone Accessories,000000264
CURRENT_TIMESTAMP,CURRENT_TIMESTAMP,100008111,100000264,1,Mobile Phone Camera Accessories,000008111
CURRENT_TIMESTAMP,CURRENT_TIMESTAMP,100002353,100000264,1,Mobile Phone Cases,000002353
CURRENT_TIMESTAMP,CURRENT_TIMESTAMP,100004550,100000264,1,Mobile Phone Charms & Straps,000004550
CURRENT_TIMESTAMP,CURRENT_TIMESTAMP,100006030,100000264,1,Mobile Phone Pre-Paid Cards & SIM Cards,000006030
CURRENT_TIMESTAMP,CURRENT_TIMESTAMP,100543515,100006030,1,Mobile Phone Pre-Paid Cards,000543515
CURRENT_TIMESTAMP,CURRENT_TIMESTAMP,100543516,100006030,1,SIM Cards,000543516
CURRENT_TIMESTAMP,CURRENT_TIMESTAMP,100007347,100000264,1,Mobile Phone Replacement Parts,000007347
CURRENT_TIMESTAMP,CURRENT_TIMESTAMP,100005566,100000264,1,Mobile Phone Stands,000005566
CURRENT_TIMESTAMP,CURRENT_TIMESTAMP,100499916,100000264,1,SIM Card Ejection Tools,000499916
CURRENT_TIMESTAMP,CURRENT_TIMESTAMP,100000267,100000270,1,Mobile Phones,000000267
CURRENT_TIMESTAMP,CURRENT_TIMESTAMP,100543513,100000267,1,Contract Mobile Phones,000543513
CURRENT_TIMESTAMP,CURRENT_TIMESTAMP,100543512,100000267,1,Pre-paid Mobile Phones,000543512
CURRENT_TIMESTAMP,CURRENT_TIMESTAMP,100543514,100000267,1,Unlocked Mobile Phones,000543514
CURRENT_TIMESTAMP,CURRENT_TIMESTAMP,100001924,100000270,1,Satellite Phones,000001924
CURRENT_TIMESTAMP,CURRENT_TIMESTAMP,100000265,100000270,1,Telephone Accessories,000000265
CURRENT_TIMESTAMP,CURRENT_TIMESTAMP,100000269,100000265,1,Phone Cards,000000269
CURRENT_TIMESTAMP,CURRENT_TIMESTAMP,100000274,100000262,1,Video Conferencing,000000274
CURRENT_TIMESTAMP,CURRENT_TIMESTAMP,100001801,100000222,1,Components,000001801
CURRENT_TIMESTAMP,CURRENT_TIMESTAMP,100007395,100001801,1,Accelerometers,000007395
CURRENT_TIMESTAMP,CURRENT_TIMESTAMP,100002182,100001801,1,Converters,000002182
CURRENT_TIMESTAMP,CURRENT_TIMESTAMP,100503001,100002182,1,Audio Converters,000503001
CURRENT_TIMESTAMP,CURRENT_TIMESTAMP,100002205,100002182,1,Scan Converters,000002205
CURRENT_TIMESTAMP,CURRENT_TIMESTAMP,100001977,100001801,1,Electronics Component Connectors,000001977
CURRENT_TIMESTAMP,CURRENT_TIMESTAMP,100001337,100001801,1,Modulators,000001337
CURRENT_TIMESTAMP,CURRENT_TIMESTAMP,100001544,100001801,1,Splitters,000001544
CURRENT_TIMESTAMP,CURRENT_TIMESTAMP,100000278,100000222,1,Computers,000000278
CURRENT_TIMESTAMP,CURRENT_TIMESTAMP,100005254,100000278,1,Barebone Computers,000005254
CURRENT_TIMESTAMP,CURRENT_TIMESTAMP,100000331,100000278,1,Computer Servers,000000331
CURRENT_TIMESTAMP,CURRENT_TIMESTAMP,100000325,100000278,1,Desktop Computers,000000325
CURRENT_TIMESTAMP,CURRENT_TIMESTAMP,100000298,100000278,1,Handheld Devices,000000298
CURRENT_TIMESTAMP,CURRENT_TIMESTAMP,100005256,100000298,1,Data Collectors,000005256
CURRENT_TIMESTAMP,CURRENT_TIMESTAMP,100003539,100000298,1,E-Book Readers,000003539
CURRENT_TIMESTAMP,CURRENT_TIMESTAMP,100003769,100000298,1,PDAs,000003769
CURRENT_TIMESTAMP,CURRENT_TIMESTAMP,100005255,100000278,1,Interactive Kiosks,000005255
CURRENT_TIMESTAMP,CURRENT_TIMESTAMP,100000328,100000278,1,Laptops,000000328
CURRENT_TIMESTAMP,CURRENT_TIMESTAMP,100500002,100000278,1,Smart Glasses,000500002
CURRENT_TIMESTAMP,CURRENT_TIMESTAMP,100004745,100000278,1,Tablet Computers,000004745
CURRENT_TIMESTAMP,CURRENT_TIMESTAMP,100008539,100000278,1,Thin & Zero Clients,000008539
CURRENT_TIMESTAMP,CURRENT_TIMESTAMP,100543668,100008539,1,Thin Client Computers,000543668
CURRENT_TIMESTAMP,CURRENT_TIMESTAMP,100543669,100008539,1,Zero Client Computers,000543669
CURRENT_TIMESTAMP,CURRENT_TIMESTAMP,100502995,100000278,1,Touch Table Computers,000502995
CURRENT_TIMESTAMP,CURRENT_TIMESTAMP,100002082,100000222,1,Electronics Accessories,000002082
CURRENT_TIMESTAMP,CURRENT_TIMESTAMP,100000258,100002082,1,Adapters,000000258
CURRENT_TIMESTAMP,CURRENT_TIMESTAMP,100004463,100000258,1,Audio & Video Cable Adapters & Couplers,000004463
CURRENT_TIMESTAMP,CURRENT_TIMESTAMP,100000146,100000258,1,Memory Card Adapters,000000146
CURRENT_TIMESTAMP,CURRENT_TIMESTAMP,100007182,100000258,1,USB Adapters,000007182
CURRENT_TIMESTAMP,CURRENT_TIMESTAMP,100005476,100002082,1,Antenna Accessories,000005476
CURRENT_TIMESTAMP,CURRENT_TIMESTAMP,100005477,100005476,1,Antenna Mounts & Brackets,000005477
CURRENT_TIMESTAMP,CURRENT_TIMESTAMP,100005478,100005476,1,Antenna Rotators,000005478
CURRENT_TIMESTAMP,CURRENT_TIMESTAMP,100006016,100005476,1,Satellite LNBs,000006016
CURRENT_TIMESTAMP,CURRENT_TIMESTAMP,100001718,100002082,1,Antennas,000001718
CURRENT_TIMESTAMP,CURRENT_TIMESTAMP,100008156,100002082,1,Audio & Video Splitters & Switches,000008156
CURRENT_TIMESTAMP,CURRENT_TIMESTAMP,100499944,100008156,1,DVI Splitters & Switches,000499944
CURRENT_TIMESTAMP,CURRENT_TIMESTAMP,100008164,100008156,1,HDMI Splitters & Switches,000008164
CURRENT_TIMESTAMP,CURRENT_TIMESTAMP,100499945,100008156,1,VGA Splitters & Switches,000499945
CURRENT_TIMESTAMP,CURRENT_TIMESTAMP,100000367,100002082,1,Blank Media,000000367
CURRENT_TIMESTAMP,CURRENT_TIMESTAMP,100003328,100002082,1,Cable Management,000003328
CURRENT_TIMESTAMP,CURRENT_TIMESTAMP,100003764,100003328,1,Cable Clips,000003764
CURRENT_TIMESTAMP,CURRENT_TIMESTAMP,100500036,100003328,1,Cable Tie Guns,000500036
CURRENT_TIMESTAMP,CURRENT_TIMESTAMP,100006402,100003328,1,Cable Trays,000006402
CURRENT_TIMESTAMP,CURRENT_TIMESTAMP,100005273,100003328,1,Patch Panels,000005273
CURRENT_TIMESTAMP,CURRENT_TIMESTAMP,100499686,100003328,1,Wire & Cable Identification Markers,000499686
CURRENT_TIMESTAMP,CURRENT_TIMESTAMP,100006780,100003328,1,Wire & Cable Sleeves,000006780
CURRENT_TIMESTAMP,CURRENT_TIMESTAMP,100004016,100003328,1,Wire & Cable Ties,000004016
CURRENT_TIMESTAMP,CURRENT_TIMESTAMP,100000259,100002082,1,Cables,000000259
CURRENT_TIMESTAMP,CURRENT_TIMESTAMP,100001867,100000259,1,Audio & Video Cables,000001867
CURRENT_TIMESTAMP,CURRENT_TIMESTAMP,100003461,100000259,1,KVM Cables,000003461
CURRENT_TIMESTAMP,CURRENT_TIMESTAMP,100001480,100000259,1,Network Cables,000001480
CURRENT_TIMESTAMP,CURRENT_TIMESTAMP,100500035,100000259,1,Storage & Data Transfer Cables,000500035
CURRENT_TIMESTAMP,CURRENT_TIMESTAMP,100001763,100000259,1,System & Power Cables,000001763
CURRENT_TIMESTAMP,CURRENT_TIMESTAMP,100003541,100000259,1,Telephone Cables,000003541
CURRENT_TIMESTAMP,CURRENT_TIMESTAMP,100000279,100002082,1,Computer Accessories,000000279
CURRENT_TIMESTAMP,CURRENT_TIMESTAMP,100500040,100000279,1,Computer Accessory Sets,000500040
CURRENT_TIMESTAMP,CURRENT_TIMESTAMP,100007530,100000279,1,Computer Covers & Skins,000007530
CURRENT_TIMESTAMP,CURRENT_TIMESTAMP,100005489,100000279,1,Computer Risers & Stands,000005489
CURRENT_TIMESTAMP,CURRENT_TIMESTAMP,100000280,100000279,1,Handheld Device Accessories,000000280
CURRENT_TIMESTAMP,CURRENT_TIMESTAMP,100004736,100000280,1,E-Book Reader Accessories,000004736
CURRENT_TIMESTAMP,CURRENT_TIMESTAMP,100004738,100004736,1,E-Book Reader Cases,000004738
CURRENT_TIMESTAMP,CURRENT_TIMESTAMP,100004737,100000280,1,PDA Accessories,000004737
CURRENT_TIMESTAMP,CURRENT_TIMESTAMP,100004739,100004737,1,PDA Cases,000004739
CURRENT_TIMESTAMP,CURRENT_TIMESTAMP,100006291,100000279,1,Keyboard & Mouse Wrist Rests,000006291
CURRENT_TIMESTAMP,CURRENT_TIMESTAMP,100006979,100000279,1,Keyboard Trays & Platforms,000006979
CURRENT_TIMESTAMP,CURRENT_TIMESTAMP,100000300,100000279,1,Laptop Docking Stations,000000300
CURRENT_TIMESTAMP,CURRENT_TIMESTAMP,100001993,100000279,1,Mouse Pads,000001993
CURRENT_TIMESTAMP,CURRENT_TIMESTAMP,100005669,100000279,1,Stylus Pen Nibs & Refills,000005669
CURRENT_TIMESTAMP,CURRENT_TIMESTAMP,100005308,100000279,1,Stylus Pens,000005308
CURRENT_TIMESTAMP,CURRENT_TIMESTAMP,100499956,100000279,1,Tablet Computer Docks & Stands,000499956
CURRENT_TIMESTAMP,CURRENT_TIMESTAMP,100000285,100002082,1,Computer Components,000000285
CURRENT_TIMESTAMP,CURRENT_TIMESTAMP,100006932,100000285,1,Blade Server Enclosures,000006932
CURRENT_TIMESTAMP,CURRENT_TIMESTAMP,100008158,100000285,1,Computer Backplates & I/O Shields,000008158
CURRENT_TIMESTAMP,CURRENT_TIMESTAMP,100000291,100000285,1,Computer Power Supplies,000000291
CURRENT_TIMESTAMP,CURRENT_TIMESTAMP,100000292,100000285,1,Computer Processors,000000292
CURRENT_TIMESTAMP,CURRENT_TIMESTAMP,100000293,100000285,1,Computer Racks & Mounts,000000293
CURRENT_TIMESTAMP,CURRENT_TIMESTAMP,100000294,100000285,1,Computer Starter Kits,000000294
CURRENT_TIMESTAMP,CURRENT_TIMESTAMP,100000295,100000285,1,Computer System Cooling Parts,000000295
CURRENT_TIMESTAMP,CURRENT_TIMESTAMP,100000296,100000285,1,Desktop Computer & Server Cases,000000296
CURRENT_TIMESTAMP,CURRENT_TIMESTAMP,100008162,100000285,1,E-Book Reader Parts,000008162
CURRENT_TIMESTAMP,CURRENT_TIMESTAMP,100008163,100008162,1,E-Book Reader Screens & Screen Digitizers,000008163
CURRENT_TIMESTAMP,CURRENT_TIMESTAMP,100000287,100000285,1,I/O Cards & Adapters,000000287
CURRENT_TIMESTAMP,CURRENT_TIMESTAMP,100000286,100000287,1,Audio Cards & Adapters,000000286
CURRENT_TIMESTAMP,CURRENT_TIMESTAMP,100505299,100000287,1,Computer Interface Cards & Adapters,000505299
CURRENT_TIMESTAMP,CURRENT_TIMESTAMP,100503755,100000287,1,Riser Cards,000503755
CURRENT_TIMESTAMP,CURRENT_TIMESTAMP,100001487,100000287,1,TV Tuner Cards & Adapters,000001487
CURRENT_TIMESTAMP,CURRENT_TIMESTAMP,100000297,100000287,1,Video Cards & Adapters,000000297
CURRENT_TIMESTAMP,CURRENT_TIMESTAMP,100006475,100000285,1,Input Device Accessories,000006475
CURRENT_TIMESTAMP,CURRENT_TIMESTAMP,100006476,100006475,1,Barcode Scanner Stands,000006476
CURRENT_TIMESTAMP,CURRENT_TIMESTAMP,100008008,100006475,1,Game Controller Accessories,000008008
CURRENT_TIMESTAMP,CURRENT_TIMESTAMP,100503003,100006475,1,Keyboard Keys & Caps,000503003
CURRENT_TIMESTAMP,CURRENT_TIMESTAMP,100500052,100006475,1,Mice & Trackball Accessories,000500052
CURRENT_TIMESTAMP,CURRENT_TIMESTAMP,100001928,100000285,1,Input Devices,000001928
CURRENT_TIMESTAMP,CURRENT_TIMESTAMP,100000139,100001928,1,Barcode Scanners,000000139
CURRENT_TIMESTAMP,CURRENT_TIMESTAMP,100005309,100001928,1,Digital Note Taking Pens,000005309
CURRENT_TIMESTAMP,CURRENT_TIMESTAMP,100505801,100001928,1,Electronic Card Readers,000505801
CURRENT_TIMESTAMP,CURRENT_TIMESTAMP,100005366,100001928,1,Fingerprint Readers,000005366
CURRENT_TIMESTAMP,CURRENT_TIMESTAMP,100000301,100001928,1,Game Controllers,000000301
CURRENT_TIMESTAMP,CURRENT_TIMESTAMP,100543591,100000301,1,Game Racing Wheels,000543591
CURRENT_TIMESTAMP,CURRENT_TIMESTAMP,100543590,100000301,1,Game Remotes,000543590
CURRENT_TIMESTAMP,CURRENT_TIMESTAMP,100543589,100000301,1,Gaming Pads,000543589
CURRENT_TIMESTAMP,CURRENT_TIMESTAMP,100543588,100000301,1,Joystick Controllers,000543588
CURRENT_TIMESTAMP,CURRENT_TIMESTAMP,100543593,100000301,1,Musical Instrument Game Controllers,000543593
CURRENT_TIMESTAMP,CURRENT_TIMESTAMP,100499950,100001928,1,Gesture Control Input Devices,000499950
CURRENT_TIMESTAMP,CURRENT_TIMESTAMP,100000302,100001928,1,Graphics Tablets,000000302
CURRENT_TIMESTAMP,CURRENT_TIMESTAMP,100001562,100001928,1,KVM Switches,000001562
CURRENT_TIMESTAMP,CURRENT_TIMESTAMP,100000303,100001928,1,Keyboards,000000303
CURRENT_TIMESTAMP,CURRENT_TIMESTAMP,100003580,100001928,1,Memory Card Readers,000003580
CURRENT_TIMESTAMP,CURRENT_TIMESTAMP,100000304,100001928,1,Mice & Trackballs,000000304
CURRENT_TIMESTAMP,CURRENT_TIMESTAMP,100004512,100001928,1,Numeric Keypads,000004512
CURRENT_TIMESTAMP,CURRENT_TIMESTAMP,100000308,100001928,1,Touchpads,000000308
CURRENT_TIMESTAMP,CURRENT_TIMESTAMP,100004224,100000285,1,Laptop Parts,000004224
CURRENT_TIMESTAMP,CURRENT_TIMESTAMP,100006416,100004224,1,Laptop Hinges,000006416
CURRENT_TIMESTAMP,CURRENT_TIMESTAMP,100004270,100004224,1,Laptop Housings & Trim,000004270
CURRENT_TIMESTAMP,CURRENT_TIMESTAMP,100007501,100004224,1,Laptop Replacement Cables,000007501
CURRENT_TIMESTAMP,CURRENT_TIMESTAMP,100004301,100004224,1,Laptop Replacement Keyboards,000004301
CURRENT_TIMESTAMP,CURRENT_TIMESTAMP,100004102,100004224,1,Laptop Replacement Screens,000004102
CURRENT_TIMESTAMP,CURRENT_TIMESTAMP,100043617,100004224,1,Laptop Replacement Speakers,000043617
CURRENT_TIMESTAMP,CURRENT_TIMESTAMP,100008160,100004224,1,Laptop Screen Digitizers,000008160
CURRENT_TIMESTAMP,CURRENT_TIMESTAMP,100002414,100000285,1,Storage Devices,000002414
CURRENT_TIMESTAMP,CURRENT_TIMESTAMP,100005268,100002414,1,Disk Duplicators,000005268
CURRENT_TIMESTAMP,CURRENT_TIMESTAMP,100000376,100005268,1,CD/DVD Duplicators,000000376
CURRENT_TIMESTAMP,CURRENT_TIMESTAMP,100005271,100005268,1,Hard Drive Duplicators,000005271
CURRENT_TIMESTAMP,CURRENT_TIMESTAMP,100005112,100005268,1,USB Drive Duplicators,000005112
CURRENT_TIMESTAMP,CURRENT_TIMESTAMP,100001301,100002414,1,Floppy Drives,000001301
CURRENT_TIMESTAMP,CURRENT_TIMESTAMP,100001623,100002414,1,Hard Drive Accessories,000001623
CURRENT_TIMESTAMP,CURRENT_TIMESTAMP,100000381,100001623,1,Hard Drive Carrying Cases,000000381
CURRENT_TIMESTAMP,CURRENT_TIMESTAMP,100004417,100001623,1,Hard Drive Docks,000004417
CURRENT_TIMESTAMP,CURRENT_TIMESTAMP,100505767,100001623,1,Hard Drive Enclosures & Mounts,000505767
CURRENT_TIMESTAMP,CURRENT_TIMESTAMP,100005272,100002414,1,Hard Drive Arrays,000005272
CURRENT_TIMESTAMP,CURRENT_TIMESTAMP,100000380,100002414,1,Hard Drives,000000380
CURRENT_TIMESTAMP,CURRENT_TIMESTAMP,100005269,100002414,1,Network Storage Systems,000005269
CURRENT_TIMESTAMP,CURRENT_TIMESTAMP,100000377,100002414,1,Optical Drives,000000377
CURRENT_TIMESTAMP,CURRENT_TIMESTAMP,100000385,100002414,1,Tape Drives,000000385
CURRENT_TIMESTAMP,CURRENT_TIMESTAMP,100003712,100002414,1,USB Flash Drives,000003712
CURRENT_TIMESTAMP,CURRENT_TIMESTAMP,100007349,100000285,1,Tablet Computer Parts,000007349
CURRENT_TIMESTAMP,CURRENT_TIMESTAMP,100503002,100007349,1,Tablet Computer Housings & Trim,000503002
CURRENT_TIMESTAMP,CURRENT_TIMESTAMP,100045262,100007349,1,Tablet Computer Replacement Speakers,000045262
CURRENT_TIMESTAMP,CURRENT_TIMESTAMP,100500013,100007349,1,Tablet Computer Screens & Screen Digitizers,000500013
CURRENT_TIMESTAMP,CURRENT_TIMESTAMP,100000311,100000285,1,USB & FireWire Hubs,000000311
CURRENT_TIMESTAMP,CURRENT_TIMESTAMP,100004617,100002082,1,Electronics Cleaners,000004617
CURRENT_TIMESTAMP,CURRENT_TIMESTAMP,100005466,100002082,1,Electronics Films & Shields,000005466
CURRENT_TIMESTAMP,CURRENT_TIMESTAMP,100005523,100005466,1,Electronics Stickers & Decals,000005523
CURRENT_TIMESTAMP,CURRENT_TIMESTAMP,100005469,100005466,1,Keyboard Protectors,000005469
CURRENT_TIMESTAMP,CURRENT_TIMESTAMP,100005467,100005466,1,Privacy Filters,000005467
CURRENT_TIMESTAMP,CURRENT_TIMESTAMP,100005468,100005466,1,Screen Protectors,000005468
CURRENT_TIMESTAMP,CURRENT_TIMESTAMP,100000288,100002082,1,Memory,000000288
CURRENT_TIMESTAMP,CURRENT_TIMESTAMP,100001665,100000288,1,Cache Memory,000001665
CURRENT_TIMESTAMP,CURRENT_TIMESTAMP,100000384,100000288,1,Flash Memory,000000384
CURRENT_TIMESTAMP,CURRENT_TIMESTAMP,100003387,100000384,1,Flash Memory Cards,000003387
CURRENT_TIMESTAMP,CURRENT_TIMESTAMP,100001733,100000288,1,RAM,000001733
CURRENT_TIMESTAMP,CURRENT_TIMESTAMP,100002130,100000288,1,ROM,000002130
CURRENT_TIMESTAMP,CURRENT_TIMESTAMP,100001767,100000288,1,Video Memory,000001767
CURRENT_TIMESTAMP,CURRENT_TIMESTAMP,100003422,100002082,1,Memory Accessories,000003422
CURRENT_TIMESTAMP,CURRENT_TIMESTAMP,100003672,100003422,1,Memory Cases,000003672
CURRENT_TIMESTAMP,CURRENT_TIMESTAMP,100499878,100002082,1,Mobile Phone & Tablet Tripods & Monopods,000499878
CURRENT_TIMESTAMP,CURRENT_TIMESTAMP,100000275,100002082,1,Power,000000275
CURRENT_TIMESTAMP,CURRENT_TIMESTAMP,100000276,100000275,1,Batteries,000000276
CURRENT_TIMESTAMP,CURRENT_TIMESTAMP,100001722,100000276,1,Camera Batteries,000001722
CURRENT_TIMESTAMP,CURRENT_TIMESTAMP,100001880,100000276,1,Cordless Phone Batteries,000001880
CURRENT_TIMESTAMP,CURRENT_TIMESTAMP,100007551,100000276,1,E-Book Reader Batteries,000007551
CURRENT_TIMESTAMP,CURRENT_TIMESTAMP,100004928,100000276,1,General Purpose Batteries,000004928
CURRENT_TIMESTAMP,CURRENT_TIMESTAMP,100001564,100000276,1,Laptop Batteries,000001564
CURRENT_TIMESTAMP,CURRENT_TIMESTAMP,100499810,100000276,1,MP3 Player Batteries,000499810
CURRENT_TIMESTAMP,CURRENT_TIMESTAMP,100001745,100000276,1,Mobile Phone Batteries,000001745
CURRENT_TIMESTAMP,CURRENT_TIMESTAMP,100005133,100000276,1,PDA Batteries,000005133
CURRENT_TIMESTAMP,CURRENT_TIMESTAMP,100007438,100000276,1,Tablet Computer Batteries,000007438
CURRENT_TIMESTAMP,CURRENT_TIMESTAMP,100006289,100000276,1,UPS Batteries,000006289
CURRENT_TIMESTAMP,CURRENT_TIMESTAMP,100002222,100000276,1,Video Camera Batteries,000002222
CURRENT_TIMESTAMP,CURRENT_TIMESTAMP,100500117,100000276,1,Video Game Console & Controller Batteries,000500117
CURRENT_TIMESTAMP,CURRENT_TIMESTAMP,100007166,100000275,1,Battery Accessories,000007166
CURRENT_TIMESTAMP,CURRENT_TIMESTAMP,100006817,100007166,1,Battery Charge Controllers,000006817
CURRENT_TIMESTAMP,CURRENT_TIMESTAMP,100008243,100007166,1,Battery Holders,000008243
CURRENT_TIMESTAMP,CURRENT_TIMESTAMP,100003130,100007166,1,Camera Battery Chargers,000003130
CURRENT_TIMESTAMP,CURRENT_TIMESTAMP,100007167,100007166,1,General Purpose Battery Chargers,000007167
CURRENT_TIMESTAMP,CURRENT_TIMESTAMP,100499928,100007166,1,General Purpose Battery Testers,000499928
CURRENT_TIMESTAMP,CURRENT_TIMESTAMP,100002978,100000275,1,Fuel Cells,000002978
CURRENT_TIMESTAMP,CURRENT_TIMESTAMP,100006933,100000275,1,Power Adapter & Charger Accessories,000006933
CURRENT_TIMESTAMP,CURRENT_TIMESTAMP,100505295,100000275,1,Power Adapters & Chargers,000505295
CURRENT_TIMESTAMP,CURRENT_TIMESTAMP,100006790,100000275,1,Power Control Units,000006790
CURRENT_TIMESTAMP,CURRENT_TIMESTAMP,100003160,100000275,1,Power Strips & Surge Suppressors,000003160
CURRENT_TIMESTAMP,CURRENT_TIMESTAMP,100005274,100000275,1,Power Supply Enclosures,000005274
CURRENT_TIMESTAMP,CURRENT_TIMESTAMP,100005380,100000275,1,Surge Protection Devices,000005380
CURRENT_TIMESTAMP,CURRENT_TIMESTAMP,100007135,100000275,1,Travel Converters & Adapters,000007135
CURRENT_TIMESTAMP,CURRENT_TIMESTAMP,100001348,100000275,1,UPS,000001348
CURRENT_TIMESTAMP,CURRENT_TIMESTAMP,100001375,100000275,1,UPS Accessories,000001375
CURRENT_TIMESTAMP,CURRENT_TIMESTAMP,100000341,100002082,1,Remote Controls,000000341
CURRENT_TIMESTAMP,CURRENT_TIMESTAMP,100005473,100002082,1,Signal Boosters,000005473
CURRENT_TIMESTAMP,CURRENT_TIMESTAMP,100005695,100002082,1,Signal Jammers,000005695
CURRENT_TIMESTAMP,CURRENT_TIMESTAMP,100005612,100005695,1,GPS Jammers,000005612
CURRENT_TIMESTAMP,CURRENT_TIMESTAMP,100005696,100005695,1,Mobile Phone Jammers,000005696
CURRENT_TIMESTAMP,CURRENT_TIMESTAMP,100005589,100005695,1,Radar Jammers,000005589
CURRENT_TIMESTAMP,CURRENT_TIMESTAMP,100003895,100000222,1,GPS Accessories,000003895
CURRENT_TIMESTAMP,CURRENT_TIMESTAMP,100003781,100003895,1,GPS Cases,000003781
CURRENT_TIMESTAMP,CURRENT_TIMESTAMP,100003213,100003895,1,GPS Mounts,000003213
CURRENT_TIMESTAMP,CURRENT_TIMESTAMP,100000339,100000222,1,GPS Navigation Systems,000000339
CURRENT_TIMESTAMP,CURRENT_TIMESTAMP,100006544,100000222,1,GPS Tracking Devices,000006544
CURRENT_TIMESTAMP,CURRENT_TIMESTAMP,100000340,100000222,1,Marine Electronics,000000340
CURRENT_TIMESTAMP,CURRENT_TIMESTAMP,100001550,100000340,1,Fish Finders,000001550
CURRENT_TIMESTAMP,CURRENT_TIMESTAMP,100008134,100000340,1,Marine Audio & Video Receivers,000008134
CURRENT_TIMESTAMP,CURRENT_TIMESTAMP,100002178,100000340,1,Marine Chartplotters & GPS,000002178
CURRENT_TIMESTAMP,CURRENT_TIMESTAMP,100001552,100000340,1,Marine Radar,000001552
CURRENT_TIMESTAMP,CURRENT_TIMESTAMP,100004450,100000340,1,Marine Radios,000004450
CURRENT_TIMESTAMP,CURRENT_TIMESTAMP,100008473,100000340,1,Marine Speakers,000008473
CURRENT_TIMESTAMP,CURRENT_TIMESTAMP,100000342,100000222,1,Networking,000000342
CURRENT_TIMESTAMP,CURRENT_TIMESTAMP,100001350,100000342,1,Bridges & Routers,000001350
CURRENT_TIMESTAMP,CURRENT_TIMESTAMP,100005659,100001350,1,Network Bridges,000005659
CURRENT_TIMESTAMP,CURRENT_TIMESTAMP,100002358,100001350,1,VoIP Gateways & Routers,000002358
CURRENT_TIMESTAMP,CURRENT_TIMESTAMP,100005496,100001350,1,Wireless Access Points,000005496
CURRENT_TIMESTAMP,CURRENT_TIMESTAMP,100005497,100001350,1,Wireless Routers,000005497
CURRENT_TIMESTAMP,CURRENT_TIMESTAMP,100002479,100000342,1,Concentrators & Multiplexers,000002479
CURRENT_TIMESTAMP,CURRENT_TIMESTAMP,100002455,100000342,1,Hubs & Switches,000002455
CURRENT_TIMESTAMP,CURRENT_TIMESTAMP,100005576,100000342,1,Modem Accessories,000005576
CURRENT_TIMESTAMP,CURRENT_TIMESTAMP,100000343,100000342,1,Modems,000000343
CURRENT_TIMESTAMP,CURRENT_TIMESTAMP,100000290,100000342,1,Network Cards & Adapters,000000290
CURRENT_TIMESTAMP,CURRENT_TIMESTAMP,100003742,100000342,1,Network Security & Firewall Devices,000003742
CURRENT_TIMESTAMP,CURRENT_TIMESTAMP,100006508,100000342,1,Power Over Ethernet Adapters,000006508
CURRENT_TIMESTAMP,CURRENT_TIMESTAMP,100003425,100000342,1,Print Servers,000003425
CURRENT_TIMESTAMP,CURRENT_TIMESTAMP,100002121,100000342,1,Repeaters & Transceivers,000002121
CURRENT_TIMESTAMP,CURRENT_TIMESTAMP,100000345,100000222,1,Print,000000345
CURRENT_TIMESTAMP,CURRENT_TIMESTAMP,100499682,100000345,1,3D Printer Accessories,000499682
CURRENT_TIMESTAMP,CURRENT_TIMESTAMP,100006865,100000345,1,3D Printers,000006865
CURRENT_TIMESTAMP,CURRENT_TIMESTAMP,100502990,100000345,1,Printer,000502990
CURRENT_TIMESTAMP,CURRENT_TIMESTAMP,100005258,100502990,1,Printer Consumables,000005258
CURRENT_TIMESTAMP,CURRENT_TIMESTAMP,100005259,100005258,1,Printer Drums & Drum Kits,000005259
CURRENT_TIMESTAMP,CURRENT_TIMESTAMP,100005266,100005258,1,Printer Filters,000005266
CURRENT_TIMESTAMP,CURRENT_TIMESTAMP,100005262,100005258,1,Printer Maintenance Kits,000005262
CURRENT_TIMESTAMP,CURRENT_TIMESTAMP,100005260,100005258,1,Printer Ribbons,000005260
CURRENT_TIMESTAMP,CURRENT_TIMESTAMP,100005261,100005258,1,Printheads,000005261
CURRENT_TIMESTAMP,CURRENT_TIMESTAMP,100007362,100005258,1,Toner & Inkjet Cartridge Refills,000007362
CURRENT_TIMESTAMP,CURRENT_TIMESTAMP,100000356,100005258,1,Toner & Inkjet Cartridges,000000356
CURRENT_TIMESTAMP,CURRENT_TIMESTAMP,100005265,null,1,Printer Duplexers,000005265
CURRENT_TIMESTAMP,CURRENT_TIMESTAMP,100001683,null,1,Printer Memory,000001683
CURRENT_TIMESTAMP,CURRENT_TIMESTAMP,100005459,null,1,Printer Stands,000005459
CURRENT_TIMESTAMP,CURRENT_TIMESTAMP,100502991,null,1,Printer,000502991
CURRENT_TIMESTAMP,CURRENT_TIMESTAMP,100500106,null,1,Printers,000500106
CURRENT_TIMESTAMP,CURRENT_TIMESTAMP,100000284,null,1,Scanner Accessories,000000284
CURRENT_TIMESTAMP,CURRENT_TIMESTAMP,100000306,null,1,Scanners,000000306
CURRENT_TIMESTAMP,CURRENT_TIMESTAMP,100000912,100000222,1,Radar Detectors,000000912
CURRENT_TIMESTAMP,CURRENT_TIMESTAMP,100500091,100000222,1,Speed Radars,000500091
CURRENT_TIMESTAMP,CURRENT_TIMESTAMP,100004488,100000222,1,Toll Collection Devices,000004488
CURRENT_TIMESTAMP,CURRENT_TIMESTAMP,100000386,100000222,1,Video,000000386
CURRENT_TIMESTAMP,CURRENT_TIMESTAMP,100000305,100000386,1,Computer Monitors,000000305
CURRENT_TIMESTAMP,CURRENT_TIMESTAMP,100000396,100000386,1,Projectors,000000396
CURRENT_TIMESTAMP,CURRENT_TIMESTAMP,100000397,100000396,1,Multimedia Projectors,000000397
CURRENT_TIMESTAMP,CURRENT_TIMESTAMP,100000398,100000396,1,Overhead Projectors,000000398
CURRENT_TIMESTAMP,CURRENT_TIMESTAMP,100000399,100000396,1,Slide Projectors,000000399
CURRENT_TIMESTAMP,CURRENT_TIMESTAMP,100005561,100000386,1,Satellite & Cable TV,000005561
CURRENT_TIMESTAMP,CURRENT_TIMESTAMP,100005562,100005561,1,Cable TV Receivers,000005562
CURRENT_TIMESTAMP,CURRENT_TIMESTAMP,100000401,100005561,1,Satellite Receivers,000000401
CURRENT_TIMESTAMP,CURRENT_TIMESTAMP,100000404,100000386,1,Televisions,000000404
CURRENT_TIMESTAMP,CURRENT_TIMESTAMP,100002027,100000386,1,Video Accessories,000002027
CURRENT_TIMESTAMP,CURRENT_TIMESTAMP,100004760,100002027,1,3D Glasses,000004760
CURRENT_TIMESTAMP,CURRENT_TIMESTAMP,100000283,100002027,1,Computer Monitor Accessories,000000283
CURRENT_TIMESTAMP,CURRENT_TIMESTAMP,100005516,100000283,1,Color Calibrators,000005516
CURRENT_TIMESTAMP,CURRENT_TIMESTAMP,100000393,100002027,1,Projector Accessories,000000393
CURRENT_TIMESTAMP,CURRENT_TIMESTAMP,100005599,100000393,1,Projection & Tripod Skirts,000005599
CURRENT_TIMESTAMP,CURRENT_TIMESTAMP,100004570,100000393,1,Projection Screen Stands,000004570
CURRENT_TIMESTAMP,CURRENT_TIMESTAMP,100000395,100000393,1,Projection Screens,000000395
CURRENT_TIMESTAMP,CURRENT_TIMESTAMP,100005257,100000393,1,Projector Mounts,000005257
CURRENT_TIMESTAMP,CURRENT_TIMESTAMP,100000394,100000393,1,Projector Replacement Lamps,000000394
CURRENT_TIMESTAMP,CURRENT_TIMESTAMP,100002145,100002027,1,Rewinders,000002145
CURRENT_TIMESTAMP,CURRENT_TIMESTAMP,100000403,100002027,1,Television Parts & Accessories,000000403
CURRENT_TIMESTAMP,CURRENT_TIMESTAMP,100004458,100000403,1,TV & Monitor Mounts,000004458
CURRENT_TIMESTAMP,CURRENT_TIMESTAMP,100005503,100000403,1,TV Converter Boxes,000005503
CURRENT_TIMESTAMP,CURRENT_TIMESTAMP,100005471,100000403,1,TV Replacement Lamps,000005471
CURRENT_TIMESTAMP,CURRENT_TIMESTAMP,100043616,100000403,1,TV Replacement Speakers,000043616
CURRENT_TIMESTAMP,CURRENT_TIMESTAMP,100001368,100000386,1,Video Editing Hardware & Production Equipment,000001368
CURRENT_TIMESTAMP,CURRENT_TIMESTAMP,100001634,100000386,1,Video Multiplexers,000001634
CURRENT_TIMESTAMP,CURRENT_TIMESTAMP,100000387,100000386,1,Video Players & Recorders,000000387
CURRENT_TIMESTAMP,CURRENT_TIMESTAMP,100000388,100000387,1,DVD & Blu-ray Players,000000388
CURRENT_TIMESTAMP,CURRENT_TIMESTAMP,100000389,100000387,1,DVD Recorders,000000389
CURRENT_TIMESTAMP,CURRENT_TIMESTAMP,100000390,100000387,1,Digital Video Recorders,000000390
CURRENT_TIMESTAMP,CURRENT_TIMESTAMP,100005276,100000387,1,Streaming & Home Media Players,000005276
CURRENT_TIMESTAMP,CURRENT_TIMESTAMP,100000391,100000387,1,VCRs,000000391
CURRENT_TIMESTAMP,CURRENT_TIMESTAMP,100005278,100000386,1,Video Servers,000005278
CURRENT_TIMESTAMP,CURRENT_TIMESTAMP,100005450,100000386,1,Video Transmitters,000005450
CURRENT_TIMESTAMP,CURRENT_TIMESTAMP,100001270,100000222,1,Video Game Console Accessories,000001270
CURRENT_TIMESTAMP,CURRENT_TIMESTAMP,100001505,100001270,1,Home Game Console Accessories,000001505
CURRENT_TIMESTAMP,CURRENT_TIMESTAMP,100002070,100001270,1,Portable Game Console Accessories,000002070
CURRENT_TIMESTAMP,CURRENT_TIMESTAMP,100001294,100000222,1,Video Game Consoles,000001294
CURRENT_TIMESTAMP,CURRENT_TIMESTAMP,100000412,null,1,Food,000000412
CURRENT_TIMESTAMP,CURRENT_TIMESTAMP,100000413,100000412,1,Beverages,000000413
CURRENT_TIMESTAMP,CURRENT_TIMESTAMP,100499676,100000413,1,Alcoholic Beverages,000499676
CURRENT_TIMESTAMP,CURRENT_TIMESTAMP,100000414,100499676,1,Beer,000000414
CURRENT_TIMESTAMP,CURRENT_TIMESTAMP,100007486,100499676,1,Bitters,000007486
CURRENT_TIMESTAMP,CURRENT_TIMESTAMP,100005725,100499676,1,Cocktail Mixes,000005725
CURRENT_TIMESTAMP,CURRENT_TIMESTAMP,100543537,100005725,1,Frozen Cocktail Mixes,000543537
CURRENT_TIMESTAMP,CURRENT_TIMESTAMP,100543536,100005725,1,Shelf-stable Cocktail Mixes,000543536
CURRENT_TIMESTAMP,CURRENT_TIMESTAMP,100005887,100499676,1,Flavored Alcoholic Beverages,000005887
CURRENT_TIMESTAMP,CURRENT_TIMESTAMP,100006761,100499676,1,Hard Cider,000006761
CURRENT_TIMESTAMP,CURRENT_TIMESTAMP,100000417,100499676,1,Liquor & Spirits,000000417
CURRENT_TIMESTAMP,CURRENT_TIMESTAMP,100505761,100000417,1,Absinthe,000505761
CURRENT_TIMESTAMP,CURRENT_TIMESTAMP,100002364,100000417,1,Brandy,000002364
CURRENT_TIMESTAMP,CURRENT_TIMESTAMP,100001671,100000417,1,Gin,000001671
CURRENT_TIMESTAMP,CURRENT_TIMESTAMP,100002933,100000417,1,Liqueurs,000002933
CURRENT_TIMESTAMP,CURRENT_TIMESTAMP,100002605,100000417,1,Rum,000002605
CURRENT_TIMESTAMP,CURRENT_TIMESTAMP,100502976,100000417,1,Shochu & Soju,000502976
CURRENT_TIMESTAMP,CURRENT_TIMESTAMP,100543642,100502976,1,Shochu,000543642
CURRENT_TIMESTAMP,CURRENT_TIMESTAMP,100543643,100502976,1,Soju,000543643
CURRENT_TIMESTAMP,CURRENT_TIMESTAMP,100002220,100000417,1,Tequila,000002220
CURRENT_TIMESTAMP,CURRENT_TIMESTAMP,100002107,100000417,1,Vodka,000002107
CURRENT_TIMESTAMP,CURRENT_TIMESTAMP,100001926,100000417,1,Whiskey,000001926
CURRENT_TIMESTAMP,CURRENT_TIMESTAMP,100000421,100499676,1,Wine,000000421
CURRENT_TIMESTAMP,CURRENT_TIMESTAMP,100006797,100000413,1,Buttermilk,000006797
CURRENT_TIMESTAMP,CURRENT_TIMESTAMP,100001868,100000413,1,Coffee,000001868
CURRENT_TIMESTAMP,CURRENT_TIMESTAMP,100008030,100000413,1,Eggnog,000008030
CURRENT_TIMESTAMP,CURRENT_TIMESTAMP,100008036,100000413,1,Fruit Flavored Drinks,000008036
CURRENT_TIMESTAMP,CURRENT_TIMESTAMP,100000415,100000413,1,Hot Chocolate,000000415
CURRENT_TIMESTAMP,CURRENT_TIMESTAMP,100002887,100000413,1,Juice,000002887
CURRENT_TIMESTAMP,CURRENT_TIMESTAMP,100000418,100000413,1,Milk,000000418
CURRENT_TIMESTAMP,CURRENT_TIMESTAMP,100005724,100000413,1,Non-Dairy Milk,000005724
CURRENT_TIMESTAMP,CURRENT_TIMESTAMP,100006848,100000413,1,Powdered Beverage Mixes,000006848
CURRENT_TIMESTAMP,CURRENT_TIMESTAMP,100002628,100000413,1,Soda,000002628
CURRENT_TIMESTAMP,CURRENT_TIMESTAMP,100005723,100000413,1,Sports & Energy Drinks,000005723
CURRENT_TIMESTAMP,CURRENT_TIMESTAMP,100002073,100000413,1,Tea & Infusions,000002073
CURRENT_TIMESTAMP,CURRENT_TIMESTAMP,100007528,100000413,1,Vinegar Drinks,000007528
CURRENT_TIMESTAMP,CURRENT_TIMESTAMP,100000420,100000413,1,Water,000000420
CURRENT_TIMESTAMP,CURRENT_TIMESTAMP,100543531,100000420,1,Carbonated Water,000543531
CURRENT_TIMESTAMP,CURRENT_TIMESTAMP,100543534,100543531,1,Flavored Carbonated Water,000543534
CURRENT_TIMESTAMP,CURRENT_TIMESTAMP,100543535,100543531,1,Unflavored Carbonated Water,000543535
CURRENT_TIMESTAMP,CURRENT_TIMESTAMP,100543530,100000420,1,Distilled Water,000543530
CURRENT_TIMESTAMP,CURRENT_TIMESTAMP,100543533,100000420,1,Flat Mineral Water,000543533
CURRENT_TIMESTAMP,CURRENT_TIMESTAMP,100543532,100000420,1,Spring Water,000543532
CURRENT_TIMESTAMP,CURRENT_TIMESTAMP,100000422,null,1,Food Items,000000422
CURRENT_TIMESTAMP,CURRENT_TIMESTAMP,100001876,100000422,1,Bakery,000001876
CURRENT_TIMESTAMP,CURRENT_TIMESTAMP,100001573,100001876,1,Bagels,000001573
CURRENT_TIMESTAMP,CURRENT_TIMESTAMP,100005904,100001876,1,Bakery Assortments,000005904
CURRENT_TIMESTAMP,CURRENT_TIMESTAMP,100000424,100001876,1,Breads & Buns,000000424
CURRENT_TIMESTAMP,CURRENT_TIMESTAMP,100002194,100001876,1,Cakes & Dessert Bars,000002194
CURRENT_TIMESTAMP,CURRENT_TIMESTAMP,100006196,100001876,1,Coffee Cakes,000006196
CURRENT_TIMESTAMP,CURRENT_TIMESTAMP,100002229,100001876,1,Cookies,000002229
CURRENT_TIMESTAMP,CURRENT_TIMESTAMP,100006195,100001876,1,Cupcakes,000006195
CURRENT_TIMESTAMP,CURRENT_TIMESTAMP,100005751,100001876,1,Donuts,000005751
CURRENT_TIMESTAMP,CURRENT_TIMESTAMP,100005054,100001876,1,Fudge,000005054
CURRENT_TIMESTAMP,CURRENT_TIMESTAMP,100005790,100001876,1,Ice Cream Cones,000005790
CURRENT_TIMESTAMP,CURRENT_TIMESTAMP,100001895,100001876,1,Muffins,000001895
CURRENT_TIMESTAMP,CURRENT_TIMESTAMP,100005750,100001876,1,Pastries & Scones,000005750
CURRENT_TIMESTAMP,CURRENT_TIMESTAMP,100005749,100001876,1,Pies & Tarts,000005749
CURRENT_TIMESTAMP,CURRENT_TIMESTAMP,100006891,100001876,1,Taco Shells & Tostadas,000006891
CURRENT_TIMESTAMP,CURRENT_TIMESTAMP,100005748,100001876,1,Tortillas & Wraps,000005748
CURRENT_TIMESTAMP,CURRENT_TIMESTAMP,100006219,100000422,1,Candied & Chocolate Covered Fruit,000006219
CURRENT_TIMESTAMP,CURRENT_TIMESTAMP,100004748,100000422,1,Candy & Chocolate,000004748
CURRENT_TIMESTAMP,CURRENT_TIMESTAMP,100000427,100000422,1,Condiments & Sauces,000000427
CURRENT_TIMESTAMP,CURRENT_TIMESTAMP,100006772,100000427,1,Cocktail Sauce,000006772
CURRENT_TIMESTAMP,CURRENT_TIMESTAMP,100006905,100000427,1,Curry Sauce,000006905
CURRENT_TIMESTAMP,CURRENT_TIMESTAMP,100006845,100000427,1,Dessert Toppings,000006845
CURRENT_TIMESTAMP,CURRENT_TIMESTAMP,100006854,100006845,1,Fruit Toppings,000006854
CURRENT_TIMESTAMP,CURRENT_TIMESTAMP,100006844,100006845,1,Ice Cream Syrup,000006844
CURRENT_TIMESTAMP,CURRENT_TIMESTAMP,100005763,100000427,1,Fish Sauce,000005763
CURRENT_TIMESTAMP,CURRENT_TIMESTAMP,100005762,100000427,1,Gravy,000005762
CURRENT_TIMESTAMP,CURRENT_TIMESTAMP,100004947,100000427,1,Honey,000004947
CURRENT_TIMESTAMP,CURRENT_TIMESTAMP,100006782,100000427,1,Horseradish Sauce,000006782
CURRENT_TIMESTAMP,CURRENT_TIMESTAMP,100004614,100000427,1,Hot Sauce,000004614
CURRENT_TIMESTAMP,CURRENT_TIMESTAMP,100002018,100000427,1,Ketchup,000002018
CURRENT_TIMESTAMP,CURRENT_TIMESTAMP,100500074,100000427,1,Marinades & Grilling Sauces,000500074
CURRENT_TIMESTAMP,CURRENT_TIMESTAMP,100001568,100000427,1,Mayonnaise,000001568
CURRENT_TIMESTAMP,CURRENT_TIMESTAMP,100001387,100000427,1,Mustard,000001387
CURRENT_TIMESTAMP,CURRENT_TIMESTAMP,100005760,100000427,1,Olives & Capers,000005760
CURRENT_TIMESTAMP,CURRENT_TIMESTAMP,100005759,100000427,1,Pasta Sauce,000005759
CURRENT_TIMESTAMP,CURRENT_TIMESTAMP,100500076,100000427,1,Pickled Fruits & Vegetables,000500076
CURRENT_TIMESTAMP,CURRENT_TIMESTAMP,100006203,100000427,1,Pizza Sauce,000006203
CURRENT_TIMESTAMP,CURRENT_TIMESTAMP,100500075,100000427,1,Relish & Chutney,000500075
CURRENT_TIMESTAMP,CURRENT_TIMESTAMP,100001969,100000427,1,Salad Dressing,000001969
CURRENT_TIMESTAMP,CURRENT_TIMESTAMP,100004615,100000427,1,Satay Sauce,000004615
CURRENT_TIMESTAMP,CURRENT_TIMESTAMP,100004616,100000427,1,Soy Sauce,000004616
CURRENT_TIMESTAMP,CURRENT_TIMESTAMP,100500089,100000427,1,Sweet and Sour Sauces,000500089
CURRENT_TIMESTAMP,CURRENT_TIMESTAMP,100004943,100000427,1,Syrup,000004943
CURRENT_TIMESTAMP,CURRENT_TIMESTAMP,100004692,100000427,1,Tahini,000004692
CURRENT_TIMESTAMP,CURRENT_TIMESTAMP,100006783,100000427,1,Tartar Sauce,000006783
CURRENT_TIMESTAMP,CURRENT_TIMESTAMP,100500105,100000427,1,White & Cream Sauces,000500105
CURRENT_TIMESTAMP,CURRENT_TIMESTAMP,100006246,100000427,1,Worcestershire Sauce,000006246
CURRENT_TIMESTAMP,CURRENT_TIMESTAMP,100002660,100000422,1,Cooking & Baking Ingredients,000002660
CURRENT_TIMESTAMP,CURRENT_TIMESTAMP,100006754,100002660,1,Baking Chips,000006754
CURRENT_TIMESTAMP,CURRENT_TIMESTAMP,100005776,100002660,1,Baking Chocolate,000005776
CURRENT_TIMESTAMP,CURRENT_TIMESTAMP,100005775,100002660,1,Baking Flavors & Extracts,000005775
CURRENT_TIMESTAMP,CURRENT_TIMESTAMP,100002572,100002660,1,Baking Mixes,000002572
CURRENT_TIMESTAMP,CURRENT_TIMESTAMP,100002803,100002660,1,Baking Powder,000002803
CURRENT_TIMESTAMP,CURRENT_TIMESTAMP,100005774,100002660,1,Baking Soda,000005774
CURRENT_TIMESTAMP,CURRENT_TIMESTAMP,100006774,100002660,1,Batter & Coating Mixes,000006774
CURRENT_TIMESTAMP,CURRENT_TIMESTAMP,100004613,100002660,1,Bean Paste,000004613
CURRENT_TIMESTAMP,CURRENT_TIMESTAMP,100005773,100002660,1,Bread Crumbs,000005773
CURRENT_TIMESTAMP,CURRENT_TIMESTAMP,100500093,100002660,1,Canned & Dry Milk,000500093
CURRENT_TIMESTAMP,CURRENT_TIMESTAMP,100007506,100002660,1,Cookie Decorating Kits,000007506
CURRENT_TIMESTAMP,CURRENT_TIMESTAMP,100002126,100002660,1,Cooking Oils,000002126
CURRENT_TIMESTAMP,CURRENT_TIMESTAMP,100005771,100002660,1,Cooking Starch,000005771
CURRENT_TIMESTAMP,CURRENT_TIMESTAMP,100005777,100002660,1,Cooking Wine,000005777
CURRENT_TIMESTAMP,CURRENT_TIMESTAMP,100005770,100002660,1,Corn Syrup,000005770
CURRENT_TIMESTAMP,CURRENT_TIMESTAMP,100005752,100002660,1,Dough,000005752
CURRENT_TIMESTAMP,CURRENT_TIMESTAMP,100005755,100005752,1,Bread & Pastry Dough,000005755
CURRENT_TIMESTAMP,CURRENT_TIMESTAMP,100005756,100005752,1,Cookie & Brownie Dough,000005756
CURRENT_TIMESTAMP,CURRENT_TIMESTAMP,100005753,100005752,1,Pie Crusts,000005753
CURRENT_TIMESTAMP,CURRENT_TIMESTAMP,100006775,100002660,1,Edible Baking Decorations,000006775
CURRENT_TIMESTAMP,CURRENT_TIMESTAMP,100543549,100002660,1,Egg Replacers,000543549
CURRENT_TIMESTAMP,CURRENT_TIMESTAMP,100005105,100002660,1,Floss Sugar,000005105
CURRENT_TIMESTAMP,CURRENT_TIMESTAMP,100002775,100002660,1,Flour,000002775
CURRENT_TIMESTAMP,CURRENT_TIMESTAMP,100007127,100002660,1,Food Coloring,000007127
CURRENT_TIMESTAMP,CURRENT_TIMESTAMP,100005769,100002660,1,Frosting & Icing,000005769
CURRENT_TIMESTAMP,CURRENT_TIMESTAMP,100499986,100002660,1,Lemon & Lime Juice,000499986
CURRENT_TIMESTAMP,CURRENT_TIMESTAMP,100005767,100002660,1,Marshmallows,000005767
CURRENT_TIMESTAMP,CURRENT_TIMESTAMP,100008076,100002660,1,Meal,000008076
CURRENT_TIMESTAMP,CURRENT_TIMESTAMP,100005766,100002660,1,Molasses,000005766
CURRENT_TIMESTAMP,CURRENT_TIMESTAMP,100005800,100002660,1,Pie & Pastry Fillings,000005800
CURRENT_TIMESTAMP,CURRENT_TIMESTAMP,100005765,100002660,1,Shortening & Lard,000005765
CURRENT_TIMESTAMP,CURRENT_TIMESTAMP,100007354,100002660,1,Starter Cultures,000007354
CURRENT_TIMESTAMP,CURRENT_TIMESTAMP,100503734,100002660,1,Sugar & Sweeteners,000503734
CURRENT_TIMESTAMP,CURRENT_TIMESTAMP,100499707,100002660,1,Tapioca Pearls,000499707
CURRENT_TIMESTAMP,CURRENT_TIMESTAMP,100006922,100002660,1,Tomato Paste,000006922
CURRENT_TIMESTAMP,CURRENT_TIMESTAMP,100005768,100002660,1,Unflavored Gelatin,000005768
CURRENT_TIMESTAMP,CURRENT_TIMESTAMP,100002140,100002660,1,Vinegar,000002140
CURRENT_TIMESTAMP,CURRENT_TIMESTAMP,100005778,100002660,1,Waffle & Pancake Mixes,000005778
CURRENT_TIMESTAMP,CURRENT_TIMESTAMP,100002905,100002660,1,Yeast,000002905
CURRENT_TIMESTAMP,CURRENT_TIMESTAMP,100000428,100000422,1,Dairy Products,000000428
CURRENT_TIMESTAMP,CURRENT_TIMESTAMP,100005827,100000428,1,Butter & Margarine,000005827
CURRENT_TIMESTAMP,CURRENT_TIMESTAMP,100000429,100000428,1,Cheese,000000429
CURRENT_TIMESTAMP,CURRENT_TIMESTAMP,100004418,100000428,1,Coffee Creamer,000004418
CURRENT_TIMESTAMP,CURRENT_TIMESTAMP,100001855,100000428,1,Cottage Cheese,000001855
CURRENT_TIMESTAMP,CURRENT_TIMESTAMP,100005786,100000428,1,Cream,000005786
CURRENT_TIMESTAMP,CURRENT_TIMESTAMP,100005787,100000428,1,Sour Cream,000005787
CURRENT_TIMESTAMP,CURRENT_TIMESTAMP,100006821,100000428,1,Whipped Cream,000006821
CURRENT_TIMESTAMP,CURRENT_TIMESTAMP,100001954,100000428,1,Yogurt,000001954
CURRENT_TIMESTAMP,CURRENT_TIMESTAMP,100005740,100000422,1,Dips & Spreads,000005740
CURRENT_TIMESTAMP,CURRENT_TIMESTAMP,100006204,100005740,1,Apple Butter,000006204
CURRENT_TIMESTAMP,CURRENT_TIMESTAMP,100006831,100005740,1,Cheese Dips & Spreads,000006831
CURRENT_TIMESTAMP,CURRENT_TIMESTAMP,100005785,100005740,1,Cream Cheese,000005785
CURRENT_TIMESTAMP,CURRENT_TIMESTAMP,100005742,100005740,1,Guacamole,000005742
CURRENT_TIMESTAMP,CURRENT_TIMESTAMP,100005741,100005740,1,Hummus,000005741
CURRENT_TIMESTAMP,CURRENT_TIMESTAMP,100002188,100005740,1,Jams & Jellies,000002188
CURRENT_TIMESTAMP,CURRENT_TIMESTAMP,100003965,100005740,1,Nut Butters,000003965
CURRENT_TIMESTAMP,CURRENT_TIMESTAMP,100001702,100005740,1,Salsa,000001702
CURRENT_TIMESTAMP,CURRENT_TIMESTAMP,100006784,100005740,1,Tapenade,000006784
CURRENT_TIMESTAMP,CURRENT_TIMESTAMP,100006830,100005740,1,Vegetable Dip,000006830
CURRENT_TIMESTAMP,CURRENT_TIMESTAMP,100000136,100000422,1,Food Gift Baskets,000000136
CURRENT_TIMESTAMP,CURRENT_TIMESTAMP,100005788,100000422,1,Frozen Desserts & Novelties,000005788
CURRENT_TIMESTAMP,CURRENT_TIMESTAMP,100499991,100005788,1,Ice Cream & Frozen Yogurt,000499991
CURRENT_TIMESTAMP,CURRENT_TIMESTAMP,100006873,100005788,1,Ice Cream Novelties,000006873
CURRENT_TIMESTAMP,CURRENT_TIMESTAMP,100005789,100005788,1,Ice Pops,000005789
CURRENT_TIMESTAMP,CURRENT_TIMESTAMP,100000430,100000422,1,Fruits & Vegetables,000000430
CURRENT_TIMESTAMP,CURRENT_TIMESTAMP,100005799,100000430,1,Canned & Jarred Fruits,000005799
CURRENT_TIMESTAMP,CURRENT_TIMESTAMP,100005798,100000430,1,Canned & Jarred Vegetables,000005798
CURRENT_TIMESTAMP,CURRENT_TIMESTAMP,100005797,100000430,1,Canned & Prepared Beans,000005797
CURRENT_TIMESTAMP,CURRENT_TIMESTAMP,100001755,100000430,1,Dried Fruits,000001755
CURRENT_TIMESTAMP,CURRENT_TIMESTAMP,100007387,100000430,1,Dried Vegetables,000007387
CURRENT_TIMESTAMP,CURRENT_TIMESTAMP,100005796,100000430,1,Dry Beans,000005796
CURRENT_TIMESTAMP,CURRENT_TIMESTAMP,100005795,100000430,1,Fresh & Frozen Fruits,000005795
CURRENT_TIMESTAMP,CURRENT_TIMESTAMP,100006566,100005795,1,Apples,000006566
CURRENT_TIMESTAMP,CURRENT_TIMESTAMP,100006571,100005795,1,Atemoyas,000006571
CURRENT_TIMESTAMP,CURRENT_TIMESTAMP,100006572,100005795,1,Avocados,000006572
CURRENT_TIMESTAMP,CURRENT_TIMESTAMP,100006573,100005795,1,Babacos,000006573
CURRENT_TIMESTAMP,CURRENT_TIMESTAMP,100006574,100005795,1,Bananas,000006574
CURRENT_TIMESTAMP,CURRENT_TIMESTAMP,100006582,100005795,1,Berries,000006582
CURRENT_TIMESTAMP,CURRENT_TIMESTAMP,100006589,100005795,1,Breadfruit,000006589
CURRENT_TIMESTAMP,CURRENT_TIMESTAMP,100006593,100005795,1,Cactus Pears,000006593
CURRENT_TIMESTAMP,CURRENT_TIMESTAMP,100006602,100005795,1,Cherimoyas,000006602
CURRENT_TIMESTAMP,CURRENT_TIMESTAMP,100503759,100005795,1,Citrus Fruits,000503759
CURRENT_TIMESTAMP,CURRENT_TIMESTAMP,100006621,100503759,1,Grapefruits,000006621
CURRENT_TIMESTAMP,CURRENT_TIMESTAMP,100006632,100503759,1,Kumquats,000006632
CURRENT_TIMESTAMP,CURRENT_TIMESTAMP,100006636,100503759,1,Lemons,000006636
CURRENT_TIMESTAMP,CURRENT_TIMESTAMP,100006641,100503759,1,Limequats,000006641
CURRENT_TIMESTAMP,CURRENT_TIMESTAMP,100006642,100503759,1,Limes,000006642
CURRENT_TIMESTAMP,CURRENT_TIMESTAMP,100006658,100503759,1,Oranges,000006658
CURRENT_TIMESTAMP,CURRENT_TIMESTAMP,100006697,100503759,1,Tangelos,000006697
CURRENT_TIMESTAMP,CURRENT_TIMESTAMP,100006809,100005795,1,Coconuts,000006809
CURRENT_TIMESTAMP,CURRENT_TIMESTAMP,100006812,100005795,1,Dates,000006812
CURRENT_TIMESTAMP,CURRENT_TIMESTAMP,100006614,100005795,1,Feijoas,000006614
CURRENT_TIMESTAMP,CURRENT_TIMESTAMP,100006810,100005795,1,Figs,000006810
CURRENT_TIMESTAMP,CURRENT_TIMESTAMP,100499906,100005795,1,Fruit Mixes,000499906
CURRENT_TIMESTAMP,CURRENT_TIMESTAMP,100006626,100005795,1,Grapes,000006626
CURRENT_TIMESTAMP,CURRENT_TIMESTAMP,100006625,100005795,1,Guavas,000006625
CURRENT_TIMESTAMP,CURRENT_TIMESTAMP,100006624,100005795,1,Homely Fruits,000006624
CURRENT_TIMESTAMP,CURRENT_TIMESTAMP,100006633,100005795,1,Kiwis,000006633
CURRENT_TIMESTAMP,CURRENT_TIMESTAMP,100006640,100005795,1,Longan,000006640
CURRENT_TIMESTAMP,CURRENT_TIMESTAMP,100006639,100005795,1,Loquats,000006639
CURRENT_TIMESTAMP,CURRENT_TIMESTAMP,100006638,100005795,1,Lychees,000006638
CURRENT_TIMESTAMP,CURRENT_TIMESTAMP,100006813,100005795,1,Madroño,000006813
CURRENT_TIMESTAMP,CURRENT_TIMESTAMP,100006647,100005795,1,Mamey,000006647
CURRENT_TIMESTAMP,CURRENT_TIMESTAMP,100006645,100005795,1,Mangosteens,000006645
CURRENT_TIMESTAMP,CURRENT_TIMESTAMP,100006649,100005795,1,Melons,000006649
CURRENT_TIMESTAMP,CURRENT_TIMESTAMP,100006661,100005795,1,Papayas,000006661
CURRENT_TIMESTAMP,CURRENT_TIMESTAMP,100006667,100005795,1,Passion Fruit,000006667
CURRENT_TIMESTAMP,CURRENT_TIMESTAMP,100006665,100005795,1,Pears,000006665
CURRENT_TIMESTAMP,CURRENT_TIMESTAMP,100006672,100005795,1,Persimmons,000006672
CURRENT_TIMESTAMP,CURRENT_TIMESTAMP,100006671,100005795,1,Physalis,000006671
CURRENT_TIMESTAMP,CURRENT_TIMESTAMP,100006670,100005795,1,Pineapples,000006670
CURRENT_TIMESTAMP,CURRENT_TIMESTAMP,100006676,100005795,1,Pitahayas,000006676
CURRENT_TIMESTAMP,CURRENT_TIMESTAMP,100006673,100005795,1,Pomegranates,000006673
CURRENT_TIMESTAMP,CURRENT_TIMESTAMP,100006679,100005795,1,Quince,000006679
CURRENT_TIMESTAMP,CURRENT_TIMESTAMP,100006678,100005795,1,Rambutans,000006678
CURRENT_TIMESTAMP,CURRENT_TIMESTAMP,100006688,100005795,1,Sapodillo,000006688
CURRENT_TIMESTAMP,CURRENT_TIMESTAMP,100006687,100005795,1,Sapote,000006687
CURRENT_TIMESTAMP,CURRENT_TIMESTAMP,100006691,100005795,1,Soursops,000006691
CURRENT_TIMESTAMP,CURRENT_TIMESTAMP,100006594,100005795,1,Starfruits,000006594
CURRENT_TIMESTAMP,CURRENT_TIMESTAMP,100503760,100005795,1,Stone Fruits,000503760
CURRENT_TIMESTAMP,CURRENT_TIMESTAMP,100006567,100503760,1,Apricots,000006567
CURRENT_TIMESTAMP,CURRENT_TIMESTAMP,100006601,100503760,1,Cherries,000006601
CURRENT_TIMESTAMP,CURRENT_TIMESTAMP,100006646,100503760,1,Mangoes,000006646
CURRENT_TIMESTAMP,CURRENT_TIMESTAMP,100505301,100503760,1,Peaches & Nectarines,000505301
CURRENT_TIMESTAMP,CURRENT_TIMESTAMP,100006675,100503760,1,Plumcots,000006675
CURRENT_TIMESTAMP,CURRENT_TIMESTAMP,100006674,100503760,1,Plums,000006674
CURRENT_TIMESTAMP,CURRENT_TIMESTAMP,100006814,100005795,1,Sugar Apples,000006814
CURRENT_TIMESTAMP,CURRENT_TIMESTAMP,100006698,100005795,1,Tamarindo,000006698
CURRENT_TIMESTAMP,CURRENT_TIMESTAMP,100005793,100000430,1,Fresh & Frozen Vegetables,000005793
CURRENT_TIMESTAMP,CURRENT_TIMESTAMP,100006716,100005793,1,Arracachas,000006716
CURRENT_TIMESTAMP,CURRENT_TIMESTAMP,100006570,100005793,1,Artichokes,000006570
CURRENT_TIMESTAMP,CURRENT_TIMESTAMP,100006568,100005793,1,Asparagus,000006568
CURRENT_TIMESTAMP,CURRENT_TIMESTAMP,100006577,100005793,1,Beans,000006577
CURRENT_TIMESTAMP,CURRENT_TIMESTAMP,100006580,100005793,1,Beets,000006580
CURRENT_TIMESTAMP,CURRENT_TIMESTAMP,100006587,100005793,1,Borage,000006587
CURRENT_TIMESTAMP,CURRENT_TIMESTAMP,100006591,100005793,1,Broccoli,000006591
CURRENT_TIMESTAMP,CURRENT_TIMESTAMP,100006590,100005793,1,Brussel Sprouts,000006590
CURRENT_TIMESTAMP,CURRENT_TIMESTAMP,100006592,100005793,1,Cabbage,000006592
CURRENT_TIMESTAMP,CURRENT_TIMESTAMP,100006808,100005793,1,Cactus Leaves,000006808
CURRENT_TIMESTAMP,CURRENT_TIMESTAMP,100006596,100005793,1,Cardoon,000006596
CURRENT_TIMESTAMP,CURRENT_TIMESTAMP,100006595,100005793,1,Carrots,000006595
CURRENT_TIMESTAMP,CURRENT_TIMESTAMP,100006600,100005793,1,Cauliflower,000006600
CURRENT_TIMESTAMP,CURRENT_TIMESTAMP,100006599,100005793,1,Celery,000006599
CURRENT_TIMESTAMP,CURRENT_TIMESTAMP,100006598,100005793,1,Celery Roots,000006598
CURRENT_TIMESTAMP,CURRENT_TIMESTAMP,100006609,100005793,1,Corn,000006609
CURRENT_TIMESTAMP,CURRENT_TIMESTAMP,100006608,100005793,1,Cucumbers,000006608
CURRENT_TIMESTAMP,CURRENT_TIMESTAMP,100006613,100005793,1,Eggplants,000006613
CURRENT_TIMESTAMP,CURRENT_TIMESTAMP,100006816,100005793,1,Fennel Bulbs,000006816
CURRENT_TIMESTAMP,CURRENT_TIMESTAMP,100006615,100005793,1,Fiddlehead Ferns,000006615
CURRENT_TIMESTAMP,CURRENT_TIMESTAMP,100006616,100005793,1,Gai Choy,000006616
CURRENT_TIMESTAMP,CURRENT_TIMESTAMP,100006617,100005793,1,Gai Lan,000006617
CURRENT_TIMESTAMP,CURRENT_TIMESTAMP,100006620,100005793,1,Garlic,000006620
CURRENT_TIMESTAMP,CURRENT_TIMESTAMP,100006619,100005793,1,Ginger Root,000006619
CURRENT_TIMESTAMP,CURRENT_TIMESTAMP,100006618,100005793,1,Gobo Root,000006618
CURRENT_TIMESTAMP,CURRENT_TIMESTAMP,100006622,100005793,1,Greens,000006622
CURRENT_TIMESTAMP,CURRENT_TIMESTAMP,100006569,100006622,1,Arugula,000006569
CURRENT_TIMESTAMP,CURRENT_TIMESTAMP,100006581,100006622,1,Beet Greens,000006581
CURRENT_TIMESTAMP,CURRENT_TIMESTAMP,100006584,100006622,1,Bok Choy,000006584
CURRENT_TIMESTAMP,CURRENT_TIMESTAMP,100006597,100006622,1,Chard,000006597
CURRENT_TIMESTAMP,CURRENT_TIMESTAMP,100006717,100006622,1,Chicory,000006717
CURRENT_TIMESTAMP,CURRENT_TIMESTAMP,100006610,100006622,1,Choy Sum,000006610
CURRENT_TIMESTAMP,CURRENT_TIMESTAMP,100006629,100006622,1,Kale,000006629
CURRENT_TIMESTAMP,CURRENT_TIMESTAMP,100006637,100006622,1,Lettuce,000006637
CURRENT_TIMESTAMP,CURRENT_TIMESTAMP,100006656,100006622,1,On Choy,000006656
CURRENT_TIMESTAMP,CURRENT_TIMESTAMP,100005792,100006622,1,Salad Mixes,000005792
CURRENT_TIMESTAMP,CURRENT_TIMESTAMP,100006695,100006622,1,Spinach,000006695
CURRENT_TIMESTAMP,CURRENT_TIMESTAMP,100006706,100006622,1,Yu Choy,000006706
CURRENT_TIMESTAMP,CURRENT_TIMESTAMP,100006631,100005793,1,Horseradish Root,000006631
CURRENT_TIMESTAMP,CURRENT_TIMESTAMP,100006630,100005793,1,Jicama,000006630
CURRENT_TIMESTAMP,CURRENT_TIMESTAMP,100006628,100005793,1,Kohlrabi,000006628
CURRENT_TIMESTAMP,CURRENT_TIMESTAMP,100006627,100005793,1,Leeks,000006627
CURRENT_TIMESTAMP,CURRENT_TIMESTAMP,100006644,100005793,1,Lotus Roots,000006644
CURRENT_TIMESTAMP,CURRENT_TIMESTAMP,100006643,100005793,1,Malangas,000006643
CURRENT_TIMESTAMP,CURRENT_TIMESTAMP,100006653,100005793,1,Mushrooms,000006653
CURRENT_TIMESTAMP,CURRENT_TIMESTAMP,100006657,100005793,1,Okra,000006657
CURRENT_TIMESTAMP,CURRENT_TIMESTAMP,100006655,100005793,1,Onions,000006655
CURRENT_TIMESTAMP,CURRENT_TIMESTAMP,100006664,100005793,1,Parsley Roots,000006664
CURRENT_TIMESTAMP,CURRENT_TIMESTAMP,100006663,100005793,1,Parsnips,000006663
CURRENT_TIMESTAMP,CURRENT_TIMESTAMP,100006669,100005793,1,Peas,000006669
CURRENT_TIMESTAMP,CURRENT_TIMESTAMP,100006668,100005793,1,Peppers,000006668
CURRENT_TIMESTAMP,CURRENT_TIMESTAMP,100006586,100005793,1,Potatoes,000006586
CURRENT_TIMESTAMP,CURRENT_TIMESTAMP,100006682,100005793,1,Radishes,000006682
CURRENT_TIMESTAMP,CURRENT_TIMESTAMP,100006681,100005793,1,Rhubarb,000006681
CURRENT_TIMESTAMP,CURRENT_TIMESTAMP,100006818,100005793,1,Shallots,000006818
CURRENT_TIMESTAMP,CURRENT_TIMESTAMP,100503761,100005793,1,Sprouts,000503761
CURRENT_TIMESTAMP,CURRENT_TIMESTAMP,100505354,100005793,1,Squashes & Gourds,000505354
CURRENT_TIMESTAMP,CURRENT_TIMESTAMP,100006694,100005793,1,Sugar Cane,000006694
CURRENT_TIMESTAMP,CURRENT_TIMESTAMP,100006693,100005793,1,Sunchokes,000006693
CURRENT_TIMESTAMP,CURRENT_TIMESTAMP,100006585,100005793,1,Sweet Potatoes,000006585
CURRENT_TIMESTAMP,CURRENT_TIMESTAMP,100006692,100005793,1,Tamarillos,000006692
CURRENT_TIMESTAMP,CURRENT_TIMESTAMP,100006704,100005793,1,Taro Root,000006704
CURRENT_TIMESTAMP,CURRENT_TIMESTAMP,100006703,100005793,1,Tomatoes,000006703
CURRENT_TIMESTAMP,CURRENT_TIMESTAMP,100505329,100005793,1,Turnips & Rutabagas,000505329
CURRENT_TIMESTAMP,CURRENT_TIMESTAMP,100499905,100005793,1,Vegetable Mixes,000499905
CURRENT_TIMESTAMP,CURRENT_TIMESTAMP,100006701,100005793,1,Water Chestnuts,000006701
CURRENT_TIMESTAMP,CURRENT_TIMESTAMP,100006700,100005793,1,Watercress,000006700
CURRENT_TIMESTAMP,CURRENT_TIMESTAMP,100007193,100005793,1,Wheatgrass,000007193
CURRENT_TIMESTAMP,CURRENT_TIMESTAMP,100008515,100005793,1,Yams,000008515
CURRENT_TIMESTAMP,CURRENT_TIMESTAMP,100006705,100005793,1,Yuca Root,000006705
CURRENT_TIMESTAMP,CURRENT_TIMESTAMP,100005794,100000430,1,Fruit Sauces,000005794
CURRENT_TIMESTAMP,CURRENT_TIMESTAMP,100000431,100000422,1,Grains,000000431
CURRENT_TIMESTAMP,CURRENT_TIMESTAMP,100004683,100000431,1,Amaranth,000004683
CURRENT_TIMESTAMP,CURRENT_TIMESTAMP,100004687,100000431,1,Barley,000004687
CURRENT_TIMESTAMP,CURRENT_TIMESTAMP,100004684,100000431,1,Buckwheat,000004684
CURRENT_TIMESTAMP,CURRENT_TIMESTAMP,100004689,100000431,1,Cereal & Granola,000004689
CURRENT_TIMESTAMP,CURRENT_TIMESTAMP,100007196,100000431,1,Couscous,000007196
CURRENT_TIMESTAMP,CURRENT_TIMESTAMP,100004686,100000431,1,Millet,000004686
CURRENT_TIMESTAMP,CURRENT_TIMESTAMP,100004690,100000431,1,Oats,000004690
CURRENT_TIMESTAMP,CURRENT_TIMESTAMP,100006259,null,1,Quinoa,000006259
CURRENT_TIMESTAMP,CURRENT_TIMESTAMP,100004682,null,1,Rice,000004682
CURRENT_TIMESTAMP,CURRENT_TIMESTAMP,100007374,null,1,Rye,000007374
CURRENT_TIMESTAMP,CURRENT_TIMESTAMP,100004688,null,1,Wheat,000004688
CURRENT_TIMESTAMP,CURRENT_TIMESTAMP,100000432,100000422,1,Meat,000000432
CURRENT_TIMESTAMP,CURRENT_TIMESTAMP,100004627,100000432,1,Eggs,000004627
CURRENT_TIMESTAMP,CURRENT_TIMESTAMP,100543554,100004627,1,Egg Whites,000543554
CURRENT_TIMESTAMP,CURRENT_TIMESTAMP,100543555,100004627,1,Liquid & Frozen Eggs,000543555
CURRENT_TIMESTAMP,CURRENT_TIMESTAMP,100543556,100004627,1,Prepared Eggs,000543556
CURRENT_TIMESTAMP,CURRENT_TIMESTAMP,100543557,100004627,1,Whole Eggs,000543557
CURRENT_TIMESTAMP,CURRENT_TIMESTAMP,100004628,null,1,Meat,000004628
CURRENT_TIMESTAMP,CURRENT_TIMESTAMP,100005811,100004628,1,Canned Meats,000005811
CURRENT_TIMESTAMP,CURRENT_TIMESTAMP,100005805,100004628,1,Fresh & Frozen Meats,000005805
CURRENT_TIMESTAMP,CURRENT_TIMESTAMP,100005804,100004628,1,Lunch & Deli Meats,000005804
CURRENT_TIMESTAMP,CURRENT_TIMESTAMP,100004629,null,1,Seafood,000004629
CURRENT_TIMESTAMP,CURRENT_TIMESTAMP,100005813,100004629,1,Canned Seafood,000005813
CURRENT_TIMESTAMP,CURRENT_TIMESTAMP,100005812,100004629,1,Fresh & Frozen Seafood,000005812
CURRENT_TIMESTAMP,CURRENT_TIMESTAMP,100000433,100000422,1,Nuts & Seeds,000000433
CURRENT_TIMESTAMP,CURRENT_TIMESTAMP,100000434,100000422,1,Pasta & Noodles,000000434
CURRENT_TIMESTAMP,CURRENT_TIMESTAMP,100005814,100000422,1,Prepared Foods,000005814
CURRENT_TIMESTAMP,CURRENT_TIMESTAMP,100499989,100005814,1,Prepared Appetizers & Side Dishes,000499989
CURRENT_TIMESTAMP,CURRENT_TIMESTAMP,100499988,100005814,1,Prepared Meals & Entrées,000499988
CURRENT_TIMESTAMP,CURRENT_TIMESTAMP,100004608,100000422,1,Seasonings & Spices,000004608
CURRENT_TIMESTAMP,CURRENT_TIMESTAMP,100001529,100004608,1,Herbs & Spices,000001529
CURRENT_TIMESTAMP,CURRENT_TIMESTAMP,100004610,100004608,1,MSG,000004610
CURRENT_TIMESTAMP,CURRENT_TIMESTAMP,100006199,100004608,1,Pepper,000006199
CURRENT_TIMESTAMP,CURRENT_TIMESTAMP,100004611,100004608,1,Salt,000004611
CURRENT_TIMESTAMP,CURRENT_TIMESTAMP,100000423,100000422,1,Snack Foods,000000423
CURRENT_TIMESTAMP,CURRENT_TIMESTAMP,100007159,100000423,1,Breadsticks,000007159
CURRENT_TIMESTAMP,CURRENT_TIMESTAMP,100005747,100000423,1,Cereal & Granola Bars,000005747
CURRENT_TIMESTAMP,CURRENT_TIMESTAMP,100543651,100005747,1,Cereal Bars,000543651
CURRENT_TIMESTAMP,CURRENT_TIMESTAMP,100543652,100005747,1,Granola Bars,000543652
CURRENT_TIMESTAMP,CURRENT_TIMESTAMP,100006192,100000423,1,Cheese Puffs,000006192
CURRENT_TIMESTAMP,CURRENT_TIMESTAMP,100002392,100000423,1,Chips,000002392
CURRENT_TIMESTAMP,CURRENT_TIMESTAMP,100001445,100000423,1,Crackers,000001445
CURRENT_TIMESTAMP,CURRENT_TIMESTAMP,100005746,100000423,1,Croutons,000005746
CURRENT_TIMESTAMP,CURRENT_TIMESTAMP,100005744,100000423,1,Fruit Snacks,000005744
CURRENT_TIMESTAMP,CURRENT_TIMESTAMP,100003284,100000423,1,Jerky,000003284
CURRENT_TIMESTAMP,CURRENT_TIMESTAMP,100001534,100000423,1,Popcorn,000001534
CURRENT_TIMESTAMP,CURRENT_TIMESTAMP,100006194,100000423,1,Pork Rinds,000006194
CURRENT_TIMESTAMP,CURRENT_TIMESTAMP,100003446,100000423,1,Pretzels,000003446
CURRENT_TIMESTAMP,CURRENT_TIMESTAMP,100005743,100000423,1,Pudding & Gelatin Snacks,000005743
CURRENT_TIMESTAMP,CURRENT_TIMESTAMP,100002432,100000423,1,Puffed Rice Cakes,000002432
CURRENT_TIMESTAMP,CURRENT_TIMESTAMP,100006847,100000423,1,Salad Toppings,000006847
CURRENT_TIMESTAMP,CURRENT_TIMESTAMP,100007427,100000423,1,Sesame Sticks,000007427
CURRENT_TIMESTAMP,CURRENT_TIMESTAMP,100006785,100000423,1,Snack Cakes,000006785
CURRENT_TIMESTAMP,CURRENT_TIMESTAMP,100007327,100000423,1,Sticky Rice Cakes,000007327
CURRENT_TIMESTAMP,CURRENT_TIMESTAMP,100005745,100000423,1,Trail & Snack Mixes,000005745
CURRENT_TIMESTAMP,CURRENT_TIMESTAMP,100002423,100000422,1,Soups & Broths,000002423
CURRENT_TIMESTAMP,CURRENT_TIMESTAMP,100005807,100000422,1,Tofu,000005807
CURRENT_TIMESTAMP,CURRENT_TIMESTAMP,100006839,100005807,1,Cheese Alternatives,000006839
CURRENT_TIMESTAMP,CURRENT_TIMESTAMP,100006843,100005807,1,Meat Alternatives,000006843
CURRENT_TIMESTAMP,CURRENT_TIMESTAMP,100005808,100005807,1,Seitan,000005808
CURRENT_TIMESTAMP,CURRENT_TIMESTAMP,100005810,100005807,1,Tempeh,000005810
CURRENT_TIMESTAMP,CURRENT_TIMESTAMP,100005809,100005807,1,Tofu,000005809
CURRENT_TIMESTAMP,CURRENT_TIMESTAMP,100000435,null,1,Tobacco Products,000000435
CURRENT_TIMESTAMP,CURRENT_TIMESTAMP,100003916,100000435,1,Chewing Tobacco,000003916
CURRENT_TIMESTAMP,CURRENT_TIMESTAMP,100003151,100000435,1,Cigarettes,000003151
CURRENT_TIMESTAMP,CURRENT_TIMESTAMP,100003682,100000435,1,Cigars,000003682
CURRENT_TIMESTAMP,CURRENT_TIMESTAMP,100003741,100000435,1,Loose Tobacco,000003741
CURRENT_TIMESTAMP,CURRENT_TIMESTAMP,100499963,100000435,1,Smoking Pipes,000499963
CURRENT_TIMESTAMP,CURRENT_TIMESTAMP,100004091,100000435,1,Vaporizers & Electronic Cigarettes,000004091
CURRENT_TIMESTAMP,CURRENT_TIMESTAMP,100543635,100004091,1,Electronic Cigarettes,000543635
CURRENT_TIMESTAMP,CURRENT_TIMESTAMP,100543634,100004091,1,Vaporizers,000543634
CURRENT_TIMESTAMP,CURRENT_TIMESTAMP,100000436,null,1,Furniture,000000436
CURRENT_TIMESTAMP,CURRENT_TIMESTAMP,100000554,100000436,1,Baby & Toddler Furniture,000000554
CURRENT_TIMESTAMP,CURRENT_TIMESTAMP,100006349,100000554,1,Baby & Toddler Furniture Sets,000006349
CURRENT_TIMESTAMP,CURRENT_TIMESTAMP,100007068,100000554,1,Bassinet & Cradle Accessories,000007068
CURRENT_TIMESTAMP,CURRENT_TIMESTAMP,100006393,100000554,1,Bassinets & Cradles,000006393
CURRENT_TIMESTAMP,CURRENT_TIMESTAMP,100000558,100000554,1,Changing Tables,000000558
CURRENT_TIMESTAMP,CURRENT_TIMESTAMP,100007070,100000554,1,Crib & Toddler Bed Accessories,000007070
CURRENT_TIMESTAMP,CURRENT_TIMESTAMP,100007072,100007070,1,Crib Bumpers & Liners,000007072
CURRENT_TIMESTAMP,CURRENT_TIMESTAMP,100007071,100007070,1,Crib Conversion Kits,000007071
CURRENT_TIMESTAMP,CURRENT_TIMESTAMP,100006394,100000554,1,Cribs & Toddler Beds,000006394
CURRENT_TIMESTAMP,CURRENT_TIMESTAMP,100006969,100000554,1,High Chair & Booster Seat Accessories,000006969
CURRENT_TIMESTAMP,CURRENT_TIMESTAMP,100000559,100000554,1,High Chairs & Booster Seats,000000559
CURRENT_TIMESTAMP,CURRENT_TIMESTAMP,100006433,100000436,1,Beds & Accessories,000006433
CURRENT_TIMESTAMP,CURRENT_TIMESTAMP,100004437,100006433,1,Bed & Bed Frame Accessories,000004437
CURRENT_TIMESTAMP,CURRENT_TIMESTAMP,100505764,100006433,1,Beds & Bed Frames,000505764
CURRENT_TIMESTAMP,CURRENT_TIMESTAMP,100000451,100006433,1,Headboards & Footboards,000000451
CURRENT_TIMESTAMP,CURRENT_TIMESTAMP,100002720,100006433,1,Mattress Foundations,000002720
CURRENT_TIMESTAMP,CURRENT_TIMESTAMP,100002696,100006433,1,Mattresses,000002696
CURRENT_TIMESTAMP,CURRENT_TIMESTAMP,100000441,100000436,1,Benches,000000441
CURRENT_TIMESTAMP,CURRENT_TIMESTAMP,100006850,100000441,1,Kitchen & Dining Benches,000006850
CURRENT_TIMESTAMP,CURRENT_TIMESTAMP,100006851,100000441,1,Storage & Entryway Benches,000006851
CURRENT_TIMESTAMP,CURRENT_TIMESTAMP,100004241,100000441,1,Vanity Benches,000004241
CURRENT_TIMESTAMP,CURRENT_TIMESTAMP,100006356,100000436,1,Cabinets & Storage,000006356
CURRENT_TIMESTAMP,CURRENT_TIMESTAMP,100004063,100006356,1,Armoires & Wardrobes,000004063
CURRENT_TIMESTAMP,CURRENT_TIMESTAMP,100000447,100006356,1,Buffets & Sideboards,000000447
CURRENT_TIMESTAMP,CURRENT_TIMESTAMP,100000448,100006356,1,China Cabinets & Hutches,000000448
CURRENT_TIMESTAMP,CURRENT_TIMESTAMP,100004195,100006356,1,Dressers,000004195
CURRENT_TIMESTAMP,CURRENT_TIMESTAMP,100000463,100006356,1,File Cabinets,000000463
CURRENT_TIMESTAMP,CURRENT_TIMESTAMP,100465846,100006356,1,Ironing Centers,000465846
CURRENT_TIMESTAMP,CURRENT_TIMESTAMP,100006934,100006356,1,Kitchen Cabinets,000006934
CURRENT_TIMESTAMP,CURRENT_TIMESTAMP,100006539,100006356,1,Magazine Racks,000006539
CURRENT_TIMESTAMP,CURRENT_TIMESTAMP,100006358,100006356,1,Media Storage Cabinets & Racks,000006358
CURRENT_TIMESTAMP,CURRENT_TIMESTAMP,100005938,100006356,1,Storage Cabinets & Lockers,000005938
CURRENT_TIMESTAMP,CURRENT_TIMESTAMP,100004205,100006356,1,Storage Chests,000004205
CURRENT_TIMESTAMP,CURRENT_TIMESTAMP,100006947,100004205,1,Hope Chests,000006947
CURRENT_TIMESTAMP,CURRENT_TIMESTAMP,100004268,100004205,1,Toy Chests,000004268
CURRENT_TIMESTAMP,CURRENT_TIMESTAMP,100004148,100006356,1,Vanities,000004148
CURRENT_TIMESTAMP,CURRENT_TIMESTAMP,100002081,100004148,1,Bathroom Vanities,000002081
CURRENT_TIMESTAMP,CURRENT_TIMESTAMP,100006360,100004148,1,Bedroom Vanities,000006360
CURRENT_TIMESTAMP,CURRENT_TIMESTAMP,100006357,100006356,1,Wine & Liquor Cabinets,000006357
CURRENT_TIMESTAMP,CURRENT_TIMESTAMP,100005578,100006356,1,Wine Racks,000005578
CURRENT_TIMESTAMP,CURRENT_TIMESTAMP,100000442,100000436,1,Carts & Islands,000000442
CURRENT_TIMESTAMP,CURRENT_TIMESTAMP,100000453,100000442,1,Kitchen & Dining Carts,000000453
CURRENT_TIMESTAMP,CURRENT_TIMESTAMP,100006374,100000442,1,Kitchen Islands,000006374
CURRENT_TIMESTAMP,CURRENT_TIMESTAMP,100007248,100000436,1,Chair Accessories,000007248
CURRENT_TIMESTAMP,CURRENT_TIMESTAMP,100008206,100007248,1,Hanging Chair Replacement Parts,000008206
CURRENT_TIMESTAMP,CURRENT_TIMESTAMP,100000443,100000436,1,Chairs,000000443
CURRENT_TIMESTAMP,CURRENT_TIMESTAMP,100006499,100000443,1,Arm Chairs,000006499
CURRENT_TIMESTAMP,CURRENT_TIMESTAMP,100000438,100000443,1,Bean Bag Chairs,000000438
CURRENT_TIMESTAMP,CURRENT_TIMESTAMP,100000456,100000443,1,Chaises,000000456
CURRENT_TIMESTAMP,CURRENT_TIMESTAMP,100002919,100000443,1,Electric Massaging Chairs,000002919
CURRENT_TIMESTAMP,CURRENT_TIMESTAMP,100500051,100000443,1,Floor Chairs,000500051
CURRENT_TIMESTAMP,CURRENT_TIMESTAMP,100003358,100000443,1,Folding Chairs & Stools,000003358
CURRENT_TIMESTAMP,CURRENT_TIMESTAMP,100006800,100000443,1,Gaming Chairs,000006800
CURRENT_TIMESTAMP,CURRENT_TIMESTAMP,100007197,100000443,1,Hanging Chairs,000007197
CURRENT_TIMESTAMP,CURRENT_TIMESTAMP,100005886,100000443,1,Kitchen & Dining Room Chairs,000005886
CURRENT_TIMESTAMP,CURRENT_TIMESTAMP,100002002,100000443,1,Rocking Chairs,000002002
CURRENT_TIMESTAMP,CURRENT_TIMESTAMP,100006859,100000443,1,Slipper Chairs,000006859
CURRENT_TIMESTAMP,CURRENT_TIMESTAMP,100001463,100000443,1,Table & Bar Stools,000001463
CURRENT_TIMESTAMP,CURRENT_TIMESTAMP,100000457,100000436,1,Entertainment Centers & TV Stands,000000457
CURRENT_TIMESTAMP,CURRENT_TIMESTAMP,100006345,100000436,1,Furniture Sets,000006345
CURRENT_TIMESTAMP,CURRENT_TIMESTAMP,100500000,100006345,1,Bathroom Furniture Sets,000500000
CURRENT_TIMESTAMP,CURRENT_TIMESTAMP,100006346,100006345,1,Bedroom Furniture Sets,000006346
CURRENT_TIMESTAMP,CURRENT_TIMESTAMP,100006347,100006345,1,Kitchen & Dining Furniture Sets,000006347
CURRENT_TIMESTAMP,CURRENT_TIMESTAMP,100006348,100006345,1,Living Room Furniture Sets,000006348
CURRENT_TIMESTAMP,CURRENT_TIMESTAMP,100006860,100000436,1,Futon Frames,000006860
CURRENT_TIMESTAMP,CURRENT_TIMESTAMP,100002786,100000436,1,Futon Pads,000002786
CURRENT_TIMESTAMP,CURRENT_TIMESTAMP,100000450,100000436,1,Futons,000000450
CURRENT_TIMESTAMP,CURRENT_TIMESTAMP,100006362,100000436,1,Office Furniture,000006362
CURRENT_TIMESTAMP,CURRENT_TIMESTAMP,100004191,100006362,1,Desks,000004191
CURRENT_TIMESTAMP,CURRENT_TIMESTAMP,100002045,100006362,1,Office Chairs,000002045
CURRENT_TIMESTAMP,CURRENT_TIMESTAMP,100500061,100006362,1,Office Furniture Sets,000500061
CURRENT_TIMESTAMP,CURRENT_TIMESTAMP,100006363,100006362,1,Workspace Tables,000006363
CURRENT_TIMESTAMP,CURRENT_TIMESTAMP,100002242,100006363,1,Art & Drafting Tables,000002242
CURRENT_TIMESTAMP,CURRENT_TIMESTAMP,100004317,100006363,1,Conference Room Tables,000004317
CURRENT_TIMESTAMP,CURRENT_TIMESTAMP,100006908,100006362,1,Workstations & Cubicles,000006908
CURRENT_TIMESTAMP,CURRENT_TIMESTAMP,100503765,100000436,1,Office Furniture Accessories,000503765
CURRENT_TIMESTAMP,CURRENT_TIMESTAMP,100503766,100503765,1,Desk Parts & Accessories,000503766
CURRENT_TIMESTAMP,CURRENT_TIMESTAMP,100007559,100503765,1,Office Chair Accessories,000007559
CURRENT_TIMESTAMP,CURRENT_TIMESTAMP,100006909,100503765,1,Workstation & Cubicle Accessories,000006909
CURRENT_TIMESTAMP,CURRENT_TIMESTAMP,100000458,100000436,1,Ottomans,000000458
CURRENT_TIMESTAMP,CURRENT_TIMESTAMP,100004299,100000436,1,Outdoor Furniture,000004299
CURRENT_TIMESTAMP,CURRENT_TIMESTAMP,100006892,100004299,1,Outdoor Beds,000006892
CURRENT_TIMESTAMP,CURRENT_TIMESTAMP,100006367,100004299,1,Outdoor Furniture Sets,000006367
CURRENT_TIMESTAMP,CURRENT_TIMESTAMP,100006822,100004299,1,Outdoor Ottomans,000006822
CURRENT_TIMESTAMP,CURRENT_TIMESTAMP,100006368,100004299,1,Outdoor Seating,000006368
CURRENT_TIMESTAMP,CURRENT_TIMESTAMP,100005044,100006368,1,Outdoor Benches,000005044
CURRENT_TIMESTAMP,CURRENT_TIMESTAMP,100006828,100006368,1,Outdoor Chairs,000006828
CURRENT_TIMESTAMP,CURRENT_TIMESTAMP,100500111,100006368,1,Outdoor Sectional Sofa Units,000500111
CURRENT_TIMESTAMP,CURRENT_TIMESTAMP,100004513,100006368,1,Outdoor Sofas,000004513
CURRENT_TIMESTAMP,CURRENT_TIMESTAMP,100004105,100006368,1,Sunloungers,000004105
CURRENT_TIMESTAMP,CURRENT_TIMESTAMP,100007310,100004299,1,Outdoor Storage Boxes,000007310
CURRENT_TIMESTAMP,CURRENT_TIMESTAMP,100002684,100004299,1,Outdoor Tables,000002684
CURRENT_TIMESTAMP,CURRENT_TIMESTAMP,100006963,100000436,1,Outdoor Furniture Accessories,000006963
CURRENT_TIMESTAMP,CURRENT_TIMESTAMP,100006964,100006963,1,Outdoor Furniture Covers,000006964
CURRENT_TIMESTAMP,CURRENT_TIMESTAMP,100006915,100000436,1,Room Divider Accessories,000006915
CURRENT_TIMESTAMP,CURRENT_TIMESTAMP,100004163,100000436,1,Room Dividers,000004163
CURRENT_TIMESTAMP,CURRENT_TIMESTAMP,100000464,100000436,1,Shelving,000000464
CURRENT_TIMESTAMP,CURRENT_TIMESTAMP,100000465,100000464,1,Bookcases & Standing Shelves,000000465
CURRENT_TIMESTAMP,CURRENT_TIMESTAMP,100006372,100000464,1,Wall Shelves & Ledges,000006372
CURRENT_TIMESTAMP,CURRENT_TIMESTAMP,100008023,100000436,1,Shelving Accessories,000008023
CURRENT_TIMESTAMP,CURRENT_TIMESTAMP,100008024,100008023,1,Replacement Shelves,000008024
CURRENT_TIMESTAMP,CURRENT_TIMESTAMP,100007212,100000436,1,Sofa Accessories,000007212
CURRENT_TIMESTAMP,CURRENT_TIMESTAMP,100007213,100007212,1,Chair & Sofa Supports,000007213
CURRENT_TIMESTAMP,CURRENT_TIMESTAMP,100500064,100007212,1,Sectional Sofa Units,000500064
CURRENT_TIMESTAMP,CURRENT_TIMESTAMP,100000460,100000436,1,Sofas,000000460
CURRENT_TIMESTAMP,CURRENT_TIMESTAMP,100006913,100000436,1,Table Accessories,000006913
CURRENT_TIMESTAMP,CURRENT_TIMESTAMP,100006911,100006913,1,Table Legs,000006911
CURRENT_TIMESTAMP,CURRENT_TIMESTAMP,100006910,100006913,1,Table Tops,000006910
CURRENT_TIMESTAMP,CURRENT_TIMESTAMP,100006392,100000436,1,Tables,000006392
CURRENT_TIMESTAMP,CURRENT_TIMESTAMP,100006369,100006392,1,Accent Tables,000006369
CURRENT_TIMESTAMP,CURRENT_TIMESTAMP,100001395,100006369,1,Coffee Tables,000001395
CURRENT_TIMESTAMP,CURRENT_TIMESTAMP,100001549,100006369,1,End Tables,000001549
CURRENT_TIMESTAMP,CURRENT_TIMESTAMP,100001602,100006369,1,Sofa Tables,000001602
CURRENT_TIMESTAMP,CURRENT_TIMESTAMP,100006351,100006392,1,Activity Tables,000006351
CURRENT_TIMESTAMP,CURRENT_TIMESTAMP,100004080,100006392,1,Folding Tables,000004080
CURRENT_TIMESTAMP,CURRENT_TIMESTAMP,100004355,100006392,1,Kitchen & Dining Room Tables,000004355
CURRENT_TIMESTAMP,CURRENT_TIMESTAMP,100004484,100006392,1,Kotatsu,000004484
CURRENT_TIMESTAMP,CURRENT_TIMESTAMP,100000462,100006392,1,Nightstands,000000462
CURRENT_TIMESTAMP,CURRENT_TIMESTAMP,100002693,100006392,1,Poker & Game Tables,000002693
CURRENT_TIMESTAMP,CURRENT_TIMESTAMP,100005121,100006392,1,Sewing Machine Tables,000005121
CURRENT_TIMESTAMP,CURRENT_TIMESTAMP,100000632,null,1,Hardware,000000632
CURRENT_TIMESTAMP,CURRENT_TIMESTAMP,100503739,100000632,1,Building Consumables,000503739
CURRENT_TIMESTAMP,CURRENT_TIMESTAMP,100002277,100503739,1,Chemicals,000002277
CURRENT_TIMESTAMP,CURRENT_TIMESTAMP,100001735,100002277,1,Acid Neutralizers,000001735
CURRENT_TIMESTAMP,CURRENT_TIMESTAMP,100006795,100002277,1,Ammonia,000006795
CURRENT_TIMESTAMP,CURRENT_TIMESTAMP,100001479,100002277,1,Chimney Cleaners,000001479
CURRENT_TIMESTAMP,CURRENT_TIMESTAMP,100007504,100002277,1,Concrete & Masonry Cleaners,000007504
CURRENT_TIMESTAMP,CURRENT_TIMESTAMP,100006191,100002277,1,De-icers,000006191
CURRENT_TIMESTAMP,CURRENT_TIMESTAMP,100007503,100002277,1,Deck & Fence Cleaners,000007503
CURRENT_TIMESTAMP,CURRENT_TIMESTAMP,100001749,100002277,1,Drain Cleaners,000001749
CURRENT_TIMESTAMP,CURRENT_TIMESTAMP,100505319,100002277,1,Electrical Freeze Sprays,000505319
CURRENT_TIMESTAMP,CURRENT_TIMESTAMP,100500088,100002277,1,Lighter Fluid,000500088
CURRENT_TIMESTAMP,CURRENT_TIMESTAMP,100007470,100002277,1,Septic Tank & Cesspool Treatments,000007470
CURRENT_TIMESTAMP,CURRENT_TIMESTAMP,100503742,100503739,1,Hardware Glue & Adhesives,000503742
CURRENT_TIMESTAMP,CURRENT_TIMESTAMP,100002212,100503739,1,Hardware Tape,000002212
CURRENT_TIMESTAMP,CURRENT_TIMESTAMP,100001753,100503739,1,Lubricants,000001753
CURRENT_TIMESTAMP,CURRENT_TIMESTAMP,100503743,100503739,1,Masonry Consumables,000503743
CURRENT_TIMESTAMP,CURRENT_TIMESTAMP,100003031,100503743,1,Bricks & Concrete Blocks,000003031
CURRENT_TIMESTAMP,CURRENT_TIMESTAMP,100002282,100503743,1,Cement,000002282
CURRENT_TIMESTAMP,CURRENT_TIMESTAMP,100499876,100503743,1,Grout,000499876
CURRENT_TIMESTAMP,CURRENT_TIMESTAMP,100503740,100503739,1,Painting Consumables,000503740
CURRENT_TIMESTAMP,CURRENT_TIMESTAMP,100001361,100503740,1,Paint,000001361
CURRENT_TIMESTAMP,CURRENT_TIMESTAMP,100002474,100503740,1,Paint Binders,000002474
CURRENT_TIMESTAMP,CURRENT_TIMESTAMP,100002058,100503740,1,Primers,000002058
CURRENT_TIMESTAMP,CURRENT_TIMESTAMP,100001648,100503740,1,Stains,000001648
CURRENT_TIMESTAMP,CURRENT_TIMESTAMP,100503738,100503740,1,Varnishes & Finishes,000503738
CURRENT_TIMESTAMP,CURRENT_TIMESTAMP,100505305,100503739,1,Plumbing Primer,000505305
CURRENT_TIMESTAMP,CURRENT_TIMESTAMP,100503744,100503739,1,Protective Coatings & Sealants,000503744
CURRENT_TIMESTAMP,CURRENT_TIMESTAMP,100001995,100503739,1,Solder & Flux,000001995
CURRENT_TIMESTAMP,CURRENT_TIMESTAMP,100503741,100503739,1,Solvents,000503741
CURRENT_TIMESTAMP,CURRENT_TIMESTAMP,100505802,100503739,1,Wall Patching Compounds & Plaster,000505802
CURRENT_TIMESTAMP,CURRENT_TIMESTAMP,100000115,100000632,1,Building Materials,000000115
CURRENT_TIMESTAMP,CURRENT_TIMESTAMP,100002729,100000115,1,Countertops,000002729
CURRENT_TIMESTAMP,CURRENT_TIMESTAMP,100006343,100000115,1,Door Hardware,000006343
CURRENT_TIMESTAMP,CURRENT_TIMESTAMP,100002972,100006343,1,Door Bells & Chimes,000002972
CURRENT_TIMESTAMP,CURRENT_TIMESTAMP,100006446,100006343,1,Door Closers,000006446
CURRENT_TIMESTAMP,CURRENT_TIMESTAMP,100503727,100006343,1,Door Frames,000503727
CURRENT_TIMESTAMP,CURRENT_TIMESTAMP,100099338,100006343,1,Door Keyhole Escutcheons,000099338
CURRENT_TIMESTAMP,CURRENT_TIMESTAMP,100001356,100006343,1,Door Knobs & Handles,000001356
CURRENT_TIMESTAMP,CURRENT_TIMESTAMP,100002795,100006343,1,Door Knockers,000002795
CURRENT_TIMESTAMP,CURRENT_TIMESTAMP,100499970,100006343,1,Door Push Plates,000499970
CURRENT_TIMESTAMP,CURRENT_TIMESTAMP,100002665,100006343,1,Door Stops,000002665
CURRENT_TIMESTAMP,CURRENT_TIMESTAMP,100006458,100006343,1,Door Strikes,000006458
CURRENT_TIMESTAMP,CURRENT_TIMESTAMP,100000119,100000115,1,Doors,000000119
CURRENT_TIMESTAMP,CURRENT_TIMESTAMP,100004468,100000119,1,Garage Doors,000004468
CURRENT_TIMESTAMP,CURRENT_TIMESTAMP,100004634,100000119,1,Home Doors,000004634
CURRENT_TIMESTAMP,CURRENT_TIMESTAMP,100503776,100000115,1,Drywall,000503776
CURRENT_TIMESTAMP,CURRENT_TIMESTAMP,100002826,100000115,1,Flooring & Carpet,000002826
CURRENT_TIMESTAMP,CURRENT_TIMESTAMP,100000120,100000115,1,Glass,000000120
CURRENT_TIMESTAMP,CURRENT_TIMESTAMP,100499949,100000115,1,Handrails & Railing Systems,000499949
CURRENT_TIMESTAMP,CURRENT_TIMESTAMP,100002030,100000115,1,Hatches,000002030
CURRENT_TIMESTAMP,CURRENT_TIMESTAMP,100000122,100000115,1,Insulation,000000122
CURRENT_TIMESTAMP,CURRENT_TIMESTAMP,100000125,100000115,1,Lumber & Sheet Stock,000000125
CURRENT_TIMESTAMP,CURRENT_TIMESTAMP,100007112,100000115,1,Molding,000007112
CURRENT_TIMESTAMP,CURRENT_TIMESTAMP,100503777,100000115,1,Rebar & Remesh,000503777
CURRENT_TIMESTAMP,CURRENT_TIMESTAMP,100000123,100000115,1,Roofing,000000123
CURRENT_TIMESTAMP,CURRENT_TIMESTAMP,100004544,100000123,1,Gutter Accessories,000004544
CURRENT_TIMESTAMP,CURRENT_TIMESTAMP,100000121,100000123,1,Gutters,000000121
CURRENT_TIMESTAMP,CURRENT_TIMESTAMP,100002008,100000123,1,Roof Flashings,000002008
CURRENT_TIMESTAMP,CURRENT_TIMESTAMP,100008270,100000123,1,Roofing Shingles & Tiles,000008270
CURRENT_TIMESTAMP,CURRENT_TIMESTAMP,100006943,100000115,1,Shutters,000006943
CURRENT_TIMESTAMP,CURRENT_TIMESTAMP,100503775,100000115,1,Siding,000503775
CURRENT_TIMESTAMP,CURRENT_TIMESTAMP,100007439,100000115,1,Sound Dampening Panels & Foam,000007439
CURRENT_TIMESTAMP,CURRENT_TIMESTAMP,100007004,100000115,1,Staircases,000007004
CURRENT_TIMESTAMP,CURRENT_TIMESTAMP,100007136,100000115,1,Wall & Ceiling Tile,000007136
CURRENT_TIMESTAMP,CURRENT_TIMESTAMP,100007053,100000115,1,Wall Paneling,000007053
CURRENT_TIMESTAMP,CURRENT_TIMESTAMP,100505300,100000115,1,Weather Stripping & Weatherization Supplies,000505300
CURRENT_TIMESTAMP,CURRENT_TIMESTAMP,100499772,100000115,1,Window Hardware,000499772
CURRENT_TIMESTAMP,CURRENT_TIMESTAMP,100499773,100499772,1,Window Cranks,000499773
CURRENT_TIMESTAMP,CURRENT_TIMESTAMP,100503728,100499772,1,Window Frames,000503728
CURRENT_TIMESTAMP,CURRENT_TIMESTAMP,100000124,100000115,1,Windows,000000124
CURRENT_TIMESTAMP,CURRENT_TIMESTAMP,100000128,100000632,1,Fencing & Barriers,000000128
CURRENT_TIMESTAMP,CURRENT_TIMESTAMP,100502983,100000128,1,Fence & Gate Accessories,000502983
CURRENT_TIMESTAMP,CURRENT_TIMESTAMP,100502973,100000128,1,Fence Panels,000502973
CURRENT_TIMESTAMP,CURRENT_TIMESTAMP,100001352,100000128,1,Fence Pickets,000001352
CURRENT_TIMESTAMP,CURRENT_TIMESTAMP,100001919,100000128,1,Fence Posts & Rails,000001919
CURRENT_TIMESTAMP,CURRENT_TIMESTAMP,100502986,100000128,1,Garden Borders & Edging,000502986
CURRENT_TIMESTAMP,CURRENT_TIMESTAMP,100001788,100000128,1,Gates,000001788
CURRENT_TIMESTAMP,CURRENT_TIMESTAMP,100502984,100000128,1,Lattice,000502984
CURRENT_TIMESTAMP,CURRENT_TIMESTAMP,100499958,100000128,1,Safety & Crowd Control Barriers,000499958
CURRENT_TIMESTAMP,CURRENT_TIMESTAMP,100543575,100000632,1,Fuel,000543575
CURRENT_TIMESTAMP,CURRENT_TIMESTAMP,100543703,100543575,1,Home Heating Oil,000543703
CURRENT_TIMESTAMP,CURRENT_TIMESTAMP,100543576,100543575,1,Kerosene,000543576
CURRENT_TIMESTAMP,CURRENT_TIMESTAMP,100543579,100543576,1,Clear Kerosene,000543579
CURRENT_TIMESTAMP,CURRENT_TIMESTAMP,100543578,100543576,1,Dyed Kerosene,000543578
CURRENT_TIMESTAMP,CURRENT_TIMESTAMP,100543577,100543575,1,Propane,000543577
CURRENT_TIMESTAMP,CURRENT_TIMESTAMP,100502975,100000632,1,Fuel Containers & Tanks,000502975
CURRENT_TIMESTAMP,CURRENT_TIMESTAMP,100002878,100000632,1,Hardware Accessories,000002878
CURRENT_TIMESTAMP,CURRENT_TIMESTAMP,100007092,100002878,1,Brackets & Reinforcement Braces,000007092
CURRENT_TIMESTAMP,CURRENT_TIMESTAMP,100004696,100002878,1,Cabinet Hardware,000004696
CURRENT_TIMESTAMP,CURRENT_TIMESTAMP,100232167,100004696,1,Cabinet & Furniture Keyhole Escutcheons,000232167
CURRENT_TIMESTAMP,CURRENT_TIMESTAMP,100004697,100004696,1,Cabinet Backplates,000004697
CURRENT_TIMESTAMP,CURRENT_TIMESTAMP,100004698,100004696,1,Cabinet Catches,000004698
CURRENT_TIMESTAMP,CURRENT_TIMESTAMP,100004699,100004696,1,Cabinet Doors,000004699
CURRENT_TIMESTAMP,CURRENT_TIMESTAMP,100004700,100004696,1,Cabinet Knobs & Handles,000004700
CURRENT_TIMESTAMP,CURRENT_TIMESTAMP,100499981,100002878,1,Casters,000499981
CURRENT_TIMESTAMP,CURRENT_TIMESTAMP,100502977,100002878,1,Chain,000502977
CURRENT_TIMESTAMP,CURRENT_TIMESTAMP,100006298,100502977,1,Bungee Cords,000006298
CURRENT_TIMESTAMP,CURRENT_TIMESTAMP,100001492,100502977,1,Chains,000001492
CURRENT_TIMESTAMP,CURRENT_TIMESTAMP,100004469,100502977,1,Pull Chains,000004469
CURRENT_TIMESTAMP,CURRENT_TIMESTAMP,100003053,100502977,1,Ropes & Hardware Cable,000003053
CURRENT_TIMESTAMP,CURRENT_TIMESTAMP,100006297,100502977,1,Tie Down Straps,000006297
CURRENT_TIMESTAMP,CURRENT_TIMESTAMP,100005119,100502977,1,Twine,000005119
CURRENT_TIMESTAMP,CURRENT_TIMESTAMP,100006904,100502977,1,Utility Wire,000006904
CURRENT_TIMESTAMP,CURRENT_TIMESTAMP,100001318,100002878,1,Coils,000001318
CURRENT_TIMESTAMP,CURRENT_TIMESTAMP,100007086,100002878,1,Concrete Molds,000007086
CURRENT_TIMESTAMP,CURRENT_TIMESTAMP,100007270,100002878,1,Dowel Pins & Rods,000007270
CURRENT_TIMESTAMP,CURRENT_TIMESTAMP,100008470,100002878,1,Drawer Slides,000008470
CURRENT_TIMESTAMP,CURRENT_TIMESTAMP,100001979,100002878,1,Drop Cloths,000001979
CURRENT_TIMESTAMP,CURRENT_TIMESTAMP,100001816,100002878,1,Filters & Screens,000001816
CURRENT_TIMESTAMP,CURRENT_TIMESTAMP,100007557,100002878,1,Flagging & Caution Tape,000007557
CURRENT_TIMESTAMP,CURRENT_TIMESTAMP,100006841,100002878,1,Gas Hoses,000006841
CURRENT_TIMESTAMP,CURRENT_TIMESTAMP,100008112,100002878,1,Ground Spikes,000008112
CURRENT_TIMESTAMP,CURRENT_TIMESTAMP,100500054,100002878,1,Hardware Fasteners,000500054
CURRENT_TIMESTAMP,CURRENT_TIMESTAMP,100001508,100500054,1,Drywall Anchors,000001508
CURRENT_TIMESTAMP,CURRENT_TIMESTAMP,100002408,100500054,1,Nails,000002408
CURRENT_TIMESTAMP,CURRENT_TIMESTAMP,100001739,100500054,1,Nuts & Bolts,000001739
CURRENT_TIMESTAMP,CURRENT_TIMESTAMP,100007062,100500054,1,Rivets,000007062
CURRENT_TIMESTAMP,CURRENT_TIMESTAMP,100002230,100500054,1,Screw Posts,000002230
CURRENT_TIMESTAMP,CURRENT_TIMESTAMP,100002251,100500054,1,Screws,000002251
CURRENT_TIMESTAMP,CURRENT_TIMESTAMP,100500055,100500054,1,Threaded Rods,000500055
CURRENT_TIMESTAMP,CURRENT_TIMESTAMP,100002195,100500054,1,Washers,000002195
CURRENT_TIMESTAMP,CURRENT_TIMESTAMP,100001771,100002878,1,Hinges,000001771
CURRENT_TIMESTAMP,CURRENT_TIMESTAMP,100503773,100002878,1,Hooks,000503773
CURRENT_TIMESTAMP,CURRENT_TIMESTAMP,100503764,100503773,1,Chain Connectors & Links,000503764
CURRENT_TIMESTAMP,CURRENT_TIMESTAMP,100502978,100503773,1,Gear Ties,000502978
CURRENT_TIMESTAMP,CURRENT_TIMESTAMP,100503770,100503773,1,Lifting Hooks,000503770
CURRENT_TIMESTAMP,CURRENT_TIMESTAMP,100502992,null,1,Utility Buckles,000502992
CURRENT_TIMESTAMP,CURRENT_TIMESTAMP,100006770,100002878,1,Lubrication Hoses,000006770
CURRENT_TIMESTAMP,CURRENT_TIMESTAMP,100503731,100002878,1,Metal Casting Molds,000503731
CURRENT_TIMESTAMP,CURRENT_TIMESTAMP,100500030,100002878,1,Moving & Soundproofing Blankets & Covers,000500030
CURRENT_TIMESTAMP,CURRENT_TIMESTAMP,100006769,100002878,1,Pneumatic Hoses,000006769
CURRENT_TIMESTAMP,CURRENT_TIMESTAMP,100008113,100002878,1,Post Base Plates,000008113
CURRENT_TIMESTAMP,CURRENT_TIMESTAMP,100499933,100002878,1,Springs,000499933
CURRENT_TIMESTAMP,CURRENT_TIMESTAMP,100004988,100002878,1,Tarps,000004988
CURRENT_TIMESTAMP,CURRENT_TIMESTAMP,100003974,100002878,1,Tool Storage & Organization,000003974
CURRENT_TIMESTAMP,CURRENT_TIMESTAMP,100004199,100003974,1,Garden Hose Storage,000004199
CURRENT_TIMESTAMP,CURRENT_TIMESTAMP,100002485,100003974,1,Tool & Equipment Belts,000002485
CURRENT_TIMESTAMP,CURRENT_TIMESTAMP,100006876,100003974,1,Tool Bags,000006876
CURRENT_TIMESTAMP,CURRENT_TIMESTAMP,100003980,100003974,1,Tool Boxes,000003980
CURRENT_TIMESTAMP,CURRENT_TIMESTAMP,100003280,100003974,1,Tool Cabinets & Chests,000003280
CURRENT_TIMESTAMP,CURRENT_TIMESTAMP,100500103,100003974,1,Tool Organizer Liners & Inserts,000500103
CURRENT_TIMESTAMP,CURRENT_TIMESTAMP,100004031,100003974,1,Tool Sheaths,000004031
CURRENT_TIMESTAMP,CURRENT_TIMESTAMP,100003919,100003974,1,Work Benches,000003919
CURRENT_TIMESTAMP,CURRENT_TIMESTAMP,100505320,100002878,1,Wall Jacks & Braces,000505320
CURRENT_TIMESTAMP,CURRENT_TIMESTAMP,100500096,100000632,1,Hardware Pumps,000500096
CURRENT_TIMESTAMP,CURRENT_TIMESTAMP,100500099,100500096,1,Home Appliance Pumps,000500099
CURRENT_TIMESTAMP,CURRENT_TIMESTAMP,100500098,100500096,1,Pool,000500098
CURRENT_TIMESTAMP,CURRENT_TIMESTAMP,100500097,100500096,1,Sprinkler,000500097
CURRENT_TIMESTAMP,CURRENT_TIMESTAMP,100500102,100500096,1,Sump,000500102
CURRENT_TIMESTAMP,CURRENT_TIMESTAMP,100500101,100500096,1,Utility Pumps,000500101
CURRENT_TIMESTAMP,CURRENT_TIMESTAMP,100500100,100500096,1,Well Pumps & Systems,000500100
CURRENT_TIMESTAMP,CURRENT_TIMESTAMP,100499873,100000632,1,Heating,000499873
CURRENT_TIMESTAMP,CURRENT_TIMESTAMP,100500090,100499873,1,Air & Filter Dryers,000500090
CURRENT_TIMESTAMP,CURRENT_TIMESTAMP,100499874,100499873,1,Air Ducts,000499874
CURRENT_TIMESTAMP,CURRENT_TIMESTAMP,100001519,100499873,1,HVAC Controls,000001519
CURRENT_TIMESTAMP,CURRENT_TIMESTAMP,100002238,100001519,1,Control Panels,000002238
CURRENT_TIMESTAMP,CURRENT_TIMESTAMP,100500043,100001519,1,Humidistats,000500043
CURRENT_TIMESTAMP,CURRENT_TIMESTAMP,100001897,100001519,1,Thermostats,000001897
CURRENT_TIMESTAMP,CURRENT_TIMESTAMP,100002766,null,1,Vents & Flues,000002766
CURRENT_TIMESTAMP,CURRENT_TIMESTAMP,100001974,100000632,1,Locks & Keys,000001974
CURRENT_TIMESTAMP,CURRENT_TIMESTAMP,100006488,100001974,1,Key Blanks,000006488
CURRENT_TIMESTAMP,CURRENT_TIMESTAMP,100008067,100001974,1,Key Caps,000008067
CURRENT_TIMESTAMP,CURRENT_TIMESTAMP,100001870,100001974,1,Key Card Entry Systems,000001870
CURRENT_TIMESTAMP,CURRENT_TIMESTAMP,100503730,100001974,1,Locks & Latches,000503730
CURRENT_TIMESTAMP,CURRENT_TIMESTAMP,100000133,100000632,1,Plumbing,000000133
CURRENT_TIMESTAMP,CURRENT_TIMESTAMP,100001810,100000133,1,Plumbing Fittings & Supports,000001810
CURRENT_TIMESTAMP,CURRENT_TIMESTAMP,100006732,100001810,1,Gaskets & O-Rings,000006732
CURRENT_TIMESTAMP,CURRENT_TIMESTAMP,100499697,100001810,1,In-Wall Carriers & Mounting Frames,000499697
CURRENT_TIMESTAMP,CURRENT_TIMESTAMP,100002068,100001810,1,Nozzles,000002068
CURRENT_TIMESTAMP,CURRENT_TIMESTAMP,100002710,100001810,1,Pipe Adapters & Bushings,000002710
CURRENT_TIMESTAMP,CURRENT_TIMESTAMP,100002909,100001810,1,Pipe Caps & Plugs,000002909
CURRENT_TIMESTAMP,CURRENT_TIMESTAMP,100002359,100001810,1,Pipe Connectors,000002359
CURRENT_TIMESTAMP,CURRENT_TIMESTAMP,100001694,100001810,1,Plumbing Flanges,000001694
CURRENT_TIMESTAMP,CURRENT_TIMESTAMP,100002634,100001810,1,Plumbing Pipe Clamps,000002634
CURRENT_TIMESTAMP,CURRENT_TIMESTAMP,100002611,100001810,1,Plumbing Regulators,000002611
CURRENT_TIMESTAMP,CURRENT_TIMESTAMP,100002466,100001810,1,Plumbing Valves,000002466
CURRENT_TIMESTAMP,CURRENT_TIMESTAMP,100504635,100000133,1,Plumbing Fixture Hardware & Parts,000504635
CURRENT_TIMESTAMP,CURRENT_TIMESTAMP,100002996,100504635,1,Bathtub Accessories,000002996
CURRENT_TIMESTAMP,CURRENT_TIMESTAMP,100505368,100002996,1,Bathtub Bases & Feet,000505368
CURRENT_TIMESTAMP,CURRENT_TIMESTAMP,100005508,100002996,1,Bathtub Skirts,000005508
CURRENT_TIMESTAMP,CURRENT_TIMESTAMP,100002463,100002996,1,Bathtub Spouts,000002463
CURRENT_TIMESTAMP,CURRENT_TIMESTAMP,100504637,100504635,1,Drain Components,000504637
CURRENT_TIMESTAMP,CURRENT_TIMESTAMP,100002851,100504637,1,Drain Covers & Strainers,000002851
CURRENT_TIMESTAMP,CURRENT_TIMESTAMP,100001514,100504637,1,Drain Frames,000001514
CURRENT_TIMESTAMP,CURRENT_TIMESTAMP,100002257,100504637,1,Drain Liners,000002257
CURRENT_TIMESTAMP,CURRENT_TIMESTAMP,100001932,100504637,1,Drain Openers,000001932
CURRENT_TIMESTAMP,CURRENT_TIMESTAMP,100001407,100504637,1,Drain Rods,000001407
CURRENT_TIMESTAMP,CURRENT_TIMESTAMP,100001319,100504637,1,Plumbing Traps,000001319
CURRENT_TIMESTAMP,CURRENT_TIMESTAMP,100002170,100504637,1,Plumbing Wastes,000002170
CURRENT_TIMESTAMP,CURRENT_TIMESTAMP,100504636,100504635,1,Drains,000504636
CURRENT_TIMESTAMP,CURRENT_TIMESTAMP,100001489,100504635,1,Faucet Accessories,000001489
CURRENT_TIMESTAMP,CURRENT_TIMESTAMP,100008115,100001489,1,Faucet Aerators,000008115
CURRENT_TIMESTAMP,CURRENT_TIMESTAMP,100008116,100001489,1,Faucet Handles & Controls,000008116
CURRENT_TIMESTAMP,CURRENT_TIMESTAMP,100001458,100504635,1,Fixture Plates,000001458
CURRENT_TIMESTAMP,CURRENT_TIMESTAMP,100002206,100504635,1,Shower Parts,000002206
CURRENT_TIMESTAMP,CURRENT_TIMESTAMP,100008320,100002206,1,Bathtub & Shower Jets,000008320
CURRENT_TIMESTAMP,CURRENT_TIMESTAMP,100008277,100002206,1,Electric & Power Showers,000008277
CURRENT_TIMESTAMP,CURRENT_TIMESTAMP,100504638,100002206,1,Shower Arms & Connectors,000504638
CURRENT_TIMESTAMP,CURRENT_TIMESTAMP,100004728,100002206,1,Shower Bases,000004728
CURRENT_TIMESTAMP,CURRENT_TIMESTAMP,100002088,100002206,1,Shower Columns,000002088
CURRENT_TIMESTAMP,CURRENT_TIMESTAMP,100001779,100002206,1,Shower Doors & Enclosures,000001779
CURRENT_TIMESTAMP,CURRENT_TIMESTAMP,100000581,100002206,1,Shower Heads,000000581
CURRENT_TIMESTAMP,CURRENT_TIMESTAMP,100007130,100002206,1,Shower Walls & Surrounds,000007130
CURRENT_TIMESTAMP,CURRENT_TIMESTAMP,100005048,100002206,1,Shower Water Filters,000005048
CURRENT_TIMESTAMP,CURRENT_TIMESTAMP,100001963,100504635,1,Sink Accessories,000001963
CURRENT_TIMESTAMP,CURRENT_TIMESTAMP,100002410,100001963,1,Sink Legs,000002410
CURRENT_TIMESTAMP,CURRENT_TIMESTAMP,100002691,100504635,1,Toilet & Bidet Accessories,000002691
CURRENT_TIMESTAMP,CURRENT_TIMESTAMP,100001425,100002691,1,Ballcocks & Flappers,000001425
CURRENT_TIMESTAMP,CURRENT_TIMESTAMP,100504634,100002691,1,Bidet Faucets & Sprayers,000504634
CURRENT_TIMESTAMP,CURRENT_TIMESTAMP,100001865,100002691,1,Toilet & Bidet Seats,000001865
CURRENT_TIMESTAMP,CURRENT_TIMESTAMP,100007358,100002691,1,Toilet Seat Covers,000007358
CURRENT_TIMESTAMP,CURRENT_TIMESTAMP,100007446,100002691,1,Toilet Seat Lid Covers,000007446
CURRENT_TIMESTAMP,CURRENT_TIMESTAMP,100005666,100002691,1,Toilet Tank Covers,000005666
CURRENT_TIMESTAMP,CURRENT_TIMESTAMP,100002817,100002691,1,Toilet Tank Levers,000002817
CURRENT_TIMESTAMP,CURRENT_TIMESTAMP,100005665,100002691,1,Toilet Tanks,000005665
CURRENT_TIMESTAMP,CURRENT_TIMESTAMP,100002478,100002691,1,Toilet Trim,000002478
CURRENT_TIMESTAMP,CURRENT_TIMESTAMP,100001673,100000133,1,Plumbing Fixtures,000001673
CURRENT_TIMESTAMP,CURRENT_TIMESTAMP,100499999,100001673,1,Bathroom Suites,000499999
CURRENT_TIMESTAMP,CURRENT_TIMESTAMP,100001636,100001673,1,Bathtubs,000001636
CURRENT_TIMESTAMP,CURRENT_TIMESTAMP,100002032,100001673,1,Faucets,000002032
CURRENT_TIMESTAMP,CURRENT_TIMESTAMP,100007244,100001673,1,Shower Stalls & Kits,000007244
CURRENT_TIMESTAMP,CURRENT_TIMESTAMP,100001687,100001673,1,Sinks,000001687
CURRENT_TIMESTAMP,CURRENT_TIMESTAMP,100002886,100001687,1,Bathroom Sinks,000002886
CURRENT_TIMESTAMP,CURRENT_TIMESTAMP,100002757,100001687,1,Kitchen & Utility Sinks,000002757
CURRENT_TIMESTAMP,CURRENT_TIMESTAMP,100002062,100001673,1,Toilets & Bidets,000002062
CURRENT_TIMESTAMP,CURRENT_TIMESTAMP,100002376,100002062,1,Bidets,000002376
CURRENT_TIMESTAMP,CURRENT_TIMESTAMP,100001921,100002062,1,Toilets,000001921
CURRENT_TIMESTAMP,CURRENT_TIMESTAMP,100001746,100002062,1,Urinals,000001746
CURRENT_TIMESTAMP,CURRENT_TIMESTAMP,100002570,100000133,1,Plumbing Hoses & Supply Lines,000002570
CURRENT_TIMESTAMP,CURRENT_TIMESTAMP,100002216,100000133,1,Plumbing Pipes,000002216
CURRENT_TIMESTAMP,CURRENT_TIMESTAMP,100002203,100000133,1,Plumbing Repair Kits,000002203
CURRENT_TIMESTAMP,CURRENT_TIMESTAMP,100002273,100000133,1,Water Dispensing & Filtration,000002273
CURRENT_TIMESTAMP,CURRENT_TIMESTAMP,100002055,100002273,1,In-Line Water Filters,000002055
CURRENT_TIMESTAMP,CURRENT_TIMESTAMP,100002343,100002273,1,Water Dispensers,000002343
CURRENT_TIMESTAMP,CURRENT_TIMESTAMP,100001821,100002343,1,Drinking Fountains,000001821
CURRENT_TIMESTAMP,CURRENT_TIMESTAMP,100001354,100002343,1,Water Chillers,000001354
CURRENT_TIMESTAMP,CURRENT_TIMESTAMP,100001390,100002273,1,Water Distillers,000001390
CURRENT_TIMESTAMP,CURRENT_TIMESTAMP,100002171,100002273,1,Water Filtration Accessories,000002171
CURRENT_TIMESTAMP,CURRENT_TIMESTAMP,100002063,100002171,1,Water Filter Cartridges,000002063
CURRENT_TIMESTAMP,CURRENT_TIMESTAMP,100002406,100002171,1,Water Filter Housings,000002406
CURRENT_TIMESTAMP,CURRENT_TIMESTAMP,100005646,100002273,1,Water Softener Salt,000005646
CURRENT_TIMESTAMP,CURRENT_TIMESTAMP,100001952,100002273,1,Water Softeners,000001952
CURRENT_TIMESTAMP,CURRENT_TIMESTAMP,100002243,100000133,1,Water Levelers,000002243
CURRENT_TIMESTAMP,CURRENT_TIMESTAMP,100006832,100000133,1,Water Timers,000006832
CURRENT_TIMESTAMP,CURRENT_TIMESTAMP,100001723,100000133,1,Well Supplies,000001723
CURRENT_TIMESTAMP,CURRENT_TIMESTAMP,100000127,100000632,1,Power & Electrical Supplies,000000127
CURRENT_TIMESTAMP,CURRENT_TIMESTAMP,100500049,100000127,1,Armatures,000500049
CURRENT_TIMESTAMP,CURRENT_TIMESTAMP,100007183,100000127,1,Ballasts & Starters,000007183
CURRENT_TIMESTAMP,CURRENT_TIMESTAMP,100499893,100000127,1,Carbon Brushes,000499893
CURRENT_TIMESTAMP,CURRENT_TIMESTAMP,100006807,100000127,1,Circuit Breaker Panels,000006807
CURRENT_TIMESTAMP,CURRENT_TIMESTAMP,100499768,100000127,1,Conduit & Housings,000499768
CURRENT_TIMESTAMP,CURRENT_TIMESTAMP,100499770,100499768,1,Electrical Conduit,000499770
CURRENT_TIMESTAMP,CURRENT_TIMESTAMP,100003797,100499768,1,Heat-Shrink Tubing,000003797
CURRENT_TIMESTAMP,CURRENT_TIMESTAMP,100007275,100000127,1,Electrical Motors,000007275
CURRENT_TIMESTAMP,CURRENT_TIMESTAMP,100002006,100000127,1,Electrical Mount Boxes & Brackets,000002006
CURRENT_TIMESTAMP,CURRENT_TIMESTAMP,100005627,100000127,1,Electrical Plug Caps,000005627
CURRENT_TIMESTAMP,CURRENT_TIMESTAMP,100006459,100000127,1,Electrical Switches,000006459
CURRENT_TIMESTAMP,CURRENT_TIMESTAMP,100001935,100006459,1,Light Switches,000001935
CURRENT_TIMESTAMP,CURRENT_TIMESTAMP,100499932,100006459,1,Specialty Electrical Switches & Relays,000499932
CURRENT_TIMESTAMP,CURRENT_TIMESTAMP,100002345,100000127,1,Electrical Wires & Cable,000002345
CURRENT_TIMESTAMP,CURRENT_TIMESTAMP,100006375,100000127,1,Extension Cord Accessories,000006375
CURRENT_TIMESTAMP,CURRENT_TIMESTAMP,100004789,100000127,1,Extension Cords,000004789
CURRENT_TIMESTAMP,CURRENT_TIMESTAMP,100004709,100000127,1,Generator Accessories,000004709
CURRENT_TIMESTAMP,CURRENT_TIMESTAMP,100001218,100000127,1,Generators,000001218
CURRENT_TIMESTAMP,CURRENT_TIMESTAMP,100002413,100000127,1,Home Automation Kits,000002413
CURRENT_TIMESTAMP,CURRENT_TIMESTAMP,100002028,100000127,1,Phone & Data Jacks,000002028
CURRENT_TIMESTAMP,CURRENT_TIMESTAMP,100005533,100000127,1,Power Converters,000005533
CURRENT_TIMESTAMP,CURRENT_TIMESTAMP,100499966,100000127,1,Power Inlets,000499966
CURRENT_TIMESTAMP,CURRENT_TIMESTAMP,100005142,100000127,1,Power Inverters,000005142
CURRENT_TIMESTAMP,CURRENT_TIMESTAMP,100001869,100000127,1,Power Outlets & Sockets,000001869
CURRENT_TIMESTAMP,CURRENT_TIMESTAMP,100004715,100000127,1,Solar Energy Kits,000004715
CURRENT_TIMESTAMP,CURRENT_TIMESTAMP,100004714,100000127,1,Solar Panels,000004714
CURRENT_TIMESTAMP,CURRENT_TIMESTAMP,100505318,100000127,1,Voltage Transformers & Regulators,000505318
CURRENT_TIMESTAMP,CURRENT_TIMESTAMP,100002377,100000127,1,Wall Plates & Covers,000002377
CURRENT_TIMESTAMP,CURRENT_TIMESTAMP,100006833,100000127,1,Wall Socket Controls & Sensors,000006833
CURRENT_TIMESTAMP,CURRENT_TIMESTAMP,100002274,100000127,1,Wire Caps & Nuts,000002274
CURRENT_TIMESTAMP,CURRENT_TIMESTAMP,100503729,100000127,1,Wire Terminals & Connectors,000503729
CURRENT_TIMESTAMP,CURRENT_TIMESTAMP,100499982,100000632,1,Small Engines,000499982
CURRENT_TIMESTAMP,CURRENT_TIMESTAMP,100001910,100000632,1,Storage Tanks,000001910
CURRENT_TIMESTAMP,CURRENT_TIMESTAMP,100003650,100000632,1,Tool Accessories,000003650
CURRENT_TIMESTAMP,CURRENT_TIMESTAMP,100006939,100003650,1,Abrasive Blaster Accessories,000006939
CURRENT_TIMESTAMP,CURRENT_TIMESTAMP,100006940,100006939,1,Sandblasting Cabinets,000006940
CURRENT_TIMESTAMP,CURRENT_TIMESTAMP,100007326,100003650,1,Axe Accessories,000007326
CURRENT_TIMESTAMP,CURRENT_TIMESTAMP,100007370,100007326,1,Axe Handles,000007370
CURRENT_TIMESTAMP,CURRENT_TIMESTAMP,100007369,100007326,1,Axe Heads,000007369
CURRENT_TIMESTAMP,CURRENT_TIMESTAMP,100008117,100003650,1,Cutter Accessories,000008117
CURRENT_TIMESTAMP,CURRENT_TIMESTAMP,100008118,100008117,1,Nibbler Dies,000008118
CURRENT_TIMESTAMP,CURRENT_TIMESTAMP,100003944,100003650,1,Drill & Screwdriver Accessories,000003944
CURRENT_TIMESTAMP,CURRENT_TIMESTAMP,100001540,100003944,1,Drill & Screwdriver Bits,000001540
CURRENT_TIMESTAMP,CURRENT_TIMESTAMP,100007140,100003944,1,Drill Bit Extensions,000007140
CURRENT_TIMESTAMP,CURRENT_TIMESTAMP,100006378,100003944,1,Drill Bit Sharpeners,000006378
CURRENT_TIMESTAMP,CURRENT_TIMESTAMP,100008276,100003944,1,Drill Chucks,000008276
CURRENT_TIMESTAMP,CURRENT_TIMESTAMP,100008275,100003944,1,Drill Stands & Guides,000008275
CURRENT_TIMESTAMP,CURRENT_TIMESTAMP,100006806,100003944,1,Hole Saws,000006806
CURRENT_TIMESTAMP,CURRENT_TIMESTAMP,100006471,100003650,1,Driver Accessories,000006471
CURRENT_TIMESTAMP,CURRENT_TIMESTAMP,100002447,100003650,1,Flashlight Accessories,000002447
CURRENT_TIMESTAMP,CURRENT_TIMESTAMP,100499859,100003650,1,Grinder Accessories,000499859
CURRENT_TIMESTAMP,CURRENT_TIMESTAMP,100499860,100499859,1,Grinding Wheels & Points,000499860
CURRENT_TIMESTAMP,CURRENT_TIMESTAMP,100007056,100003650,1,Hammer Accessories,000007056
CURRENT_TIMESTAMP,CURRENT_TIMESTAMP,100007087,100007056,1,Air Hammer Accessories,000007087
CURRENT_TIMESTAMP,CURRENT_TIMESTAMP,100007055,100007056,1,Hammer Handles,000007055
CURRENT_TIMESTAMP,CURRENT_TIMESTAMP,100007057,100007056,1,Hammer Heads,000007057
CURRENT_TIMESTAMP,CURRENT_TIMESTAMP,100002380,100003650,1,Industrial Staples,000002380
CURRENT_TIMESTAMP,CURRENT_TIMESTAMP,100006907,100003650,1,Jigs,000006907
CURRENT_TIMESTAMP,CURRENT_TIMESTAMP,100007472,100003650,1,Magnetizers & Demagnetizers,000007472
CURRENT_TIMESTAMP,CURRENT_TIMESTAMP,100505323,100003650,1,Mattock & Pickaxe Accessories,000505323
CURRENT_TIMESTAMP,CURRENT_TIMESTAMP,100505324,100505323,1,Mattock & Pickaxe Handles,000505324
CURRENT_TIMESTAMP,CURRENT_TIMESTAMP,100005526,100003650,1,Measuring Tool & Sensor Accessories,000005526
CURRENT_TIMESTAMP,CURRENT_TIMESTAMP,100005557,100005526,1,Electrical Testing Tool Accessories,000005557
CURRENT_TIMESTAMP,CURRENT_TIMESTAMP,100005556,100005526,1,Gas Detector Accessories,000005556
CURRENT_TIMESTAMP,CURRENT_TIMESTAMP,100503007,100005526,1,Measuring Scale Accessories,000503007
CURRENT_TIMESTAMP,CURRENT_TIMESTAMP,100007415,100005526,1,Multimeter Accessories,000007415
CURRENT_TIMESTAMP,CURRENT_TIMESTAMP,100499886,100003650,1,Mixing Tool Paddles,000499886
CURRENT_TIMESTAMP,CURRENT_TIMESTAMP,100007019,100003650,1,Paint Tool Accessories,000007019
CURRENT_TIMESTAMP,CURRENT_TIMESTAMP,100006887,100007019,1,Airbrush Accessories,000006887
CURRENT_TIMESTAMP,CURRENT_TIMESTAMP,100328062,100007019,1,Paint Brush Cleaning Solutions,000328062
CURRENT_TIMESTAMP,CURRENT_TIMESTAMP,100007020,100007019,1,Paint Roller Accessories,000007020
CURRENT_TIMESTAMP,CURRENT_TIMESTAMP,100006295,100003650,1,Power Tool Batteries,000006295
CURRENT_TIMESTAMP,CURRENT_TIMESTAMP,100006292,100003650,1,Power Tool Chargers,000006292
CURRENT_TIMESTAMP,CURRENT_TIMESTAMP,100003744,100003650,1,Router Accessories,000003744
CURRENT_TIMESTAMP,CURRENT_TIMESTAMP,100003673,100003744,1,Router Bits,000003673
CURRENT_TIMESTAMP,CURRENT_TIMESTAMP,100003300,100003744,1,Router Tables,000003300
CURRENT_TIMESTAMP,CURRENT_TIMESTAMP,100004487,100003650,1,Sanding Accessories,000004487
CURRENT_TIMESTAMP,CURRENT_TIMESTAMP,100003240,100004487,1,Sandpaper & Sanding Sponges,000003240
CURRENT_TIMESTAMP,CURRENT_TIMESTAMP,100006549,100003650,1,Saw Accessories,000006549
CURRENT_TIMESTAMP,CURRENT_TIMESTAMP,100007515,100006549,1,Band Saw Accessories,000007515
CURRENT_TIMESTAMP,CURRENT_TIMESTAMP,100007345,100006549,1,Handheld Circular Saw Accessories,000007345
CURRENT_TIMESTAMP,CURRENT_TIMESTAMP,100007346,100006549,1,Jigsaw Accessories,000007346
CURRENT_TIMESTAMP,CURRENT_TIMESTAMP,100006503,100006549,1,Miter Saw Accessories,000006503
CURRENT_TIMESTAMP,CURRENT_TIMESTAMP,100006501,100006549,1,Table Saw Accessories,000006501
CURRENT_TIMESTAMP,CURRENT_TIMESTAMP,100003470,100003650,1,Shaper Accessories,000003470
CURRENT_TIMESTAMP,CURRENT_TIMESTAMP,100003210,100003470,1,Shaper Cutters,000003210
CURRENT_TIMESTAMP,CURRENT_TIMESTAMP,100003281,100003650,1,Soldering Iron Accessories,000003281
CURRENT_TIMESTAMP,CURRENT_TIMESTAMP,100003629,100003281,1,Soldering Iron Stands,000003629
CURRENT_TIMESTAMP,CURRENT_TIMESTAMP,100003609,100003281,1,Soldering Iron Tips,000003609
CURRENT_TIMESTAMP,CURRENT_TIMESTAMP,100002174,100003650,1,Tool Blades,000002174
CURRENT_TIMESTAMP,CURRENT_TIMESTAMP,100505831,100002174,1,Cutter & Scraper Blades,000505831
CURRENT_TIMESTAMP,CURRENT_TIMESTAMP,100002202,100002174,1,Saw Blades,000002202
CURRENT_TIMESTAMP,CURRENT_TIMESTAMP,100505810,100003650,1,Tool Handle Wedges,000505810
CURRENT_TIMESTAMP,CURRENT_TIMESTAMP,100008258,100003650,1,Tool Safety Tethers,000008258
CURRENT_TIMESTAMP,CURRENT_TIMESTAMP,100005571,100003650,1,Tool Sockets,000005571
CURRENT_TIMESTAMP,CURRENT_TIMESTAMP,100004658,100003650,1,Tool Stands,000004658
CURRENT_TIMESTAMP,CURRENT_TIMESTAMP,100004659,100004658,1,Saw Stands,000004659
CURRENT_TIMESTAMP,CURRENT_TIMESTAMP,100505812,100003650,1,Wedge Tools,000505812
CURRENT_TIMESTAMP,CURRENT_TIMESTAMP,100499947,100003650,1,Welding Accessories,000499947
CURRENT_TIMESTAMP,CURRENT_TIMESTAMP,100001167,100000632,1,Tools,000001167
CURRENT_TIMESTAMP,CURRENT_TIMESTAMP,100006938,100001167,1,Abrasive Blasters,000006938
CURRENT_TIMESTAMP,CURRENT_TIMESTAMP,100001169,100001167,1,Anvils,000001169
CURRENT_TIMESTAMP,CURRENT_TIMESTAMP,100001171,100001167,1,Axes,000001171
CURRENT_TIMESTAMP,CURRENT_TIMESTAMP,100007271,100001167,1,Carpentry Jointers,000007271
CURRENT_TIMESTAMP,CURRENT_TIMESTAMP,100001174,100001167,1,Carving Chisels & Gouges,000001174
CURRENT_TIMESTAMP,CURRENT_TIMESTAMP,100001215,100001167,1,Caulking Tools,000001215
CURRENT_TIMESTAMP,CURRENT_TIMESTAMP,100002792,100001167,1,Chimney Brushes,000002792
CURRENT_TIMESTAMP,CURRENT_TIMESTAMP,100004325,100001167,1,Compactors,000004325
CURRENT_TIMESTAMP,CURRENT_TIMESTAMP,100002015,100001167,1,Compressors,000002015
CURRENT_TIMESTAMP,CURRENT_TIMESTAMP,100004672,100001167,1,Concrete Brooms,000004672
CURRENT_TIMESTAMP,CURRENT_TIMESTAMP,100001180,100001167,1,Cutters,000001180
CURRENT_TIMESTAMP,CURRENT_TIMESTAMP,100001181,100001180,1,Bolt Cutters,000001181
CURRENT_TIMESTAMP,CURRENT_TIMESTAMP,100001182,100001180,1,Glass Cutters,000001182
CURRENT_TIMESTAMP,CURRENT_TIMESTAMP,100001454,100001180,1,Handheld Metal Shears & Nibblers,000001454
CURRENT_TIMESTAMP,CURRENT_TIMESTAMP,100007562,100001180,1,Nippers,000007562
CURRENT_TIMESTAMP,CURRENT_TIMESTAMP,100002080,100001180,1,Pipe Cutters,000002080
CURRENT_TIMESTAMP,CURRENT_TIMESTAMP,100001824,100001180,1,Rebar Cutters,000001824
CURRENT_TIMESTAMP,CURRENT_TIMESTAMP,100002726,100001180,1,Tile & Shingle Cutters,000002726
CURRENT_TIMESTAMP,CURRENT_TIMESTAMP,100002411,100001180,1,Utility Knives,000002411
CURRENT_TIMESTAMP,CURRENT_TIMESTAMP,100001391,100001167,1,Deburrers,000001391
CURRENT_TIMESTAMP,CURRENT_TIMESTAMP,100000126,100001167,1,Dollies & Hand Trucks,000000126
CURRENT_TIMESTAMP,CURRENT_TIMESTAMP,100001217,100001167,1,Drills,000001217
CURRENT_TIMESTAMP,CURRENT_TIMESTAMP,100001367,100001217,1,Augers,000001367
CURRENT_TIMESTAMP,CURRENT_TIMESTAMP,100001216,100001217,1,Drill Presses,000001216
CURRENT_TIMESTAMP,CURRENT_TIMESTAMP,100002629,100001217,1,Handheld Power Drills,000002629
CURRENT_TIMESTAMP,CURRENT_TIMESTAMP,100001465,100001217,1,Mortisers,000001465
CURRENT_TIMESTAMP,CURRENT_TIMESTAMP,100001994,100001217,1,Pneumatic Drills,000001994
CURRENT_TIMESTAMP,CURRENT_TIMESTAMP,100006461,100001167,1,Electrician Fish Tape,000006461
CURRENT_TIMESTAMP,CURRENT_TIMESTAMP,100000338,100001167,1,Flashlights & Headlamps,000000338
CURRENT_TIMESTAMP,CURRENT_TIMESTAMP,100543689,100000338,1,Flashlights,000543689
CURRENT_TIMESTAMP,CURRENT_TIMESTAMP,100002454,100000338,1,Headlamps,000002454
CURRENT_TIMESTAMP,CURRENT_TIMESTAMP,100007556,100001167,1,Grease Guns,000007556
CURRENT_TIMESTAMP,CURRENT_TIMESTAMP,100001219,100001167,1,Grinders,000001219
CURRENT_TIMESTAMP,CURRENT_TIMESTAMP,100001185,100001167,1,Grips,000001185
CURRENT_TIMESTAMP,CURRENT_TIMESTAMP,100001186,100001167,1,Hammers,000001186
CURRENT_TIMESTAMP,CURRENT_TIMESTAMP,100002208,100001186,1,Manual Hammers,000002208
CURRENT_TIMESTAMP,CURRENT_TIMESTAMP,100505364,100001186,1,Powered Hammers,000505364
CURRENT_TIMESTAMP,CURRENT_TIMESTAMP,100499887,100001167,1,Handheld Power Mixers,000499887
CURRENT_TIMESTAMP,CURRENT_TIMESTAMP,100005927,100001167,1,Hardware Torches,000005927
CURRENT_TIMESTAMP,CURRENT_TIMESTAMP,100001220,100001167,1,Heat Guns,000001220
CURRENT_TIMESTAMP,CURRENT_TIMESTAMP,100001221,100001167,1,Impact Wrenches & Drivers,000001221
CURRENT_TIMESTAMP,CURRENT_TIMESTAMP,100002456,100001167,1,Industrial Vibrators,000002456
CURRENT_TIMESTAMP,CURRENT_TIMESTAMP,100007416,100001167,1,Inspection Mirrors,000007416
CURRENT_TIMESTAMP,CURRENT_TIMESTAMP,100000130,100001167,1,Ladders & Scaffolding,000000130
CURRENT_TIMESTAMP,CURRENT_TIMESTAMP,100002416,100000130,1,Ladder Carts,000002416
CURRENT_TIMESTAMP,CURRENT_TIMESTAMP,100006928,100000130,1,Ladders,000006928
CURRENT_TIMESTAMP,CURRENT_TIMESTAMP,100001866,100000130,1,Scaffolding,000001866
CURRENT_TIMESTAMP,CURRENT_TIMESTAMP,100000635,100000130,1,Step Stools,000000635
CURRENT_TIMESTAMP,CURRENT_TIMESTAMP,100001809,100000130,1,Work Platforms,000001809
CURRENT_TIMESTAMP,CURRENT_TIMESTAMP,100001663,100001167,1,Lathes,000001663
CURRENT_TIMESTAMP,CURRENT_TIMESTAMP,100001603,100001167,1,Light Bulb Changers,000001603
CURRENT_TIMESTAMP,CURRENT_TIMESTAMP,100503774,100001167,1,Lighters & Matches,000503774
CURRENT_TIMESTAMP,CURRENT_TIMESTAMP,100007030,100001167,1,Log Splitters,000007030
CURRENT_TIMESTAMP,CURRENT_TIMESTAMP,100005873,100001167,1,Magnetic Sweepers,000005873
CURRENT_TIMESTAMP,CURRENT_TIMESTAMP,100001832,100001167,1,Marking Tools,000001832
CURRENT_TIMESTAMP,CURRENT_TIMESTAMP,100001193,100001167,1,Masonry Tools,000001193
CURRENT_TIMESTAMP,CURRENT_TIMESTAMP,100001668,100001193,1,Brick Tools,000001668
CURRENT_TIMESTAMP,CURRENT_TIMESTAMP,100002305,100001193,1,Cement Mixers,000002305
CURRENT_TIMESTAMP,CURRENT_TIMESTAMP,100001555,100001193,1,Construction Lines,000001555
CURRENT_TIMESTAMP,CURRENT_TIMESTAMP,100002337,100001193,1,Floats,000002337
CURRENT_TIMESTAMP,CURRENT_TIMESTAMP,100007484,100001193,1,Grout Sponges,000007484
CURRENT_TIMESTAMP,CURRENT_TIMESTAMP,100001799,100001193,1,Masonry Edgers & Groovers,000001799
CURRENT_TIMESTAMP,CURRENT_TIMESTAMP,100001450,100001193,1,Masonry Jointers,000001450
CURRENT_TIMESTAMP,CURRENT_TIMESTAMP,100002181,100001193,1,Masonry Trowels,000002181
CURRENT_TIMESTAMP,CURRENT_TIMESTAMP,100004132,100001193,1,Power Trowels,000004132
CURRENT_TIMESTAMP,CURRENT_TIMESTAMP,100003932,100001167,1,Mattocks & Pickaxes,000003932
CURRENT_TIMESTAMP,CURRENT_TIMESTAMP,100001305,100001167,1,Measuring Tools & Sensors,000001305
CURRENT_TIMESTAMP,CURRENT_TIMESTAMP,100005515,100001305,1,Air Quality Meters,000005515
CURRENT_TIMESTAMP,CURRENT_TIMESTAMP,100004022,100001305,1,Altimeters,000004022
CURRENT_TIMESTAMP,CURRENT_TIMESTAMP,100500058,100001305,1,Anemometers,000500058
CURRENT_TIMESTAMP,CURRENT_TIMESTAMP,100003602,100001305,1,Barometers,000003602
CURRENT_TIMESTAMP,CURRENT_TIMESTAMP,100002192,100001305,1,Calipers,000002192
CURRENT_TIMESTAMP,CURRENT_TIMESTAMP,100001533,100001305,1,Cruising Rods,000001533
CURRENT_TIMESTAMP,CURRENT_TIMESTAMP,100005487,100001305,1,Distance Meters,000005487
CURRENT_TIMESTAMP,CURRENT_TIMESTAMP,100001850,100001305,1,Dividers,000001850
CURRENT_TIMESTAMP,CURRENT_TIMESTAMP,100503737,100001305,1,Electrical Testing Tools,000503737
CURRENT_TIMESTAMP,CURRENT_TIMESTAMP,100001640,100001305,1,Flow Meters & Controllers,000001640
CURRENT_TIMESTAMP,CURRENT_TIMESTAMP,100001991,100001305,1,Gas Detectors,000001991
CURRENT_TIMESTAMP,CURRENT_TIMESTAMP,100001732,100001305,1,Gauges,000001732
CURRENT_TIMESTAMP,CURRENT_TIMESTAMP,100005371,100001305,1,Geiger Counters,000005371
CURRENT_TIMESTAMP,CURRENT_TIMESTAMP,100004754,100001305,1,Hygrometers,000004754
CURRENT_TIMESTAMP,CURRENT_TIMESTAMP,100004506,100001305,1,Infrared Thermometers,000004506
CURRENT_TIMESTAMP,CURRENT_TIMESTAMP,100002330,100001305,1,Knife Guides,000002330
CURRENT_TIMESTAMP,CURRENT_TIMESTAMP,100001191,100001305,1,Levels,000001191
CURRENT_TIMESTAMP,CURRENT_TIMESTAMP,100004081,100001191,1,Bubble Levels,000004081
CURRENT_TIMESTAMP,CURRENT_TIMESTAMP,100004931,100001191,1,Laser Levels,000004931
CURRENT_TIMESTAMP,CURRENT_TIMESTAMP,100004294,100001191,1,Sight Levels,000004294
CURRENT_TIMESTAMP,CURRENT_TIMESTAMP,100001698,100001305,1,Measuring Scales,000001698
CURRENT_TIMESTAMP,CURRENT_TIMESTAMP,100001459,100001305,1,Measuring Wheels,000001459
CURRENT_TIMESTAMP,CURRENT_TIMESTAMP,100004755,100001305,1,Moisture Meters,000004755
CURRENT_TIMESTAMP,CURRENT_TIMESTAMP,100001785,100001305,1,Probes & Finders,000001785
CURRENT_TIMESTAMP,CURRENT_TIMESTAMP,100001198,100001305,1,Protractors,000001198
CURRENT_TIMESTAMP,CURRENT_TIMESTAMP,100001539,100001305,1,Rebar Locators,000001539
CURRENT_TIMESTAMP,CURRENT_TIMESTAMP,100002021,100001305,1,Rulers,000002021
CURRENT_TIMESTAMP,CURRENT_TIMESTAMP,100004756,100001305,1,Seismometer,000004756
CURRENT_TIMESTAMP,CURRENT_TIMESTAMP,100004757,100001305,1,Sound Meters,000004757
CURRENT_TIMESTAMP,CURRENT_TIMESTAMP,100001205,100001305,1,Squares,000001205
CURRENT_TIMESTAMP,CURRENT_TIMESTAMP,100001413,100001305,1,Straight Edges,000001413
CURRENT_TIMESTAMP,CURRENT_TIMESTAMP,100001207,100001305,1,Stud Sensors,000001207
CURRENT_TIMESTAMP,CURRENT_TIMESTAMP,100002481,100001305,1,Tape Measures,000002481
CURRENT_TIMESTAMP,CURRENT_TIMESTAMP,100004340,100001305,1,Theodolites,000004340
CURRENT_TIMESTAMP,CURRENT_TIMESTAMP,100006799,100001305,1,Thermal Imaging Cameras,000006799
CURRENT_TIMESTAMP,CURRENT_TIMESTAMP,100002093,100001305,1,Thermocouples & Thermopiles,000002093
CURRENT_TIMESTAMP,CURRENT_TIMESTAMP,100007394,100001305,1,Transducers,000007394
CURRENT_TIMESTAMP,CURRENT_TIMESTAMP,100004758,100001305,1,UV Light Meters,000004758
CURRENT_TIMESTAMP,CURRENT_TIMESTAMP,100004759,100001305,1,Vibration Meters,000004759
CURRENT_TIMESTAMP,CURRENT_TIMESTAMP,100001374,100001305,1,Weather Forecasters & Stations,000001374
CURRENT_TIMESTAMP,CURRENT_TIMESTAMP,100004074,100001305,1,pH Meters,000004074
CURRENT_TIMESTAMP,CURRENT_TIMESTAMP,100005077,100001167,1,Milling Machines,000005077
CURRENT_TIMESTAMP,CURRENT_TIMESTAMP,100005587,100001167,1,Multifunction Power Tools,000005587
CURRENT_TIMESTAMP,CURRENT_TIMESTAMP,100001194,100001167,1,Nail Pullers,000001194
CURRENT_TIMESTAMP,CURRENT_TIMESTAMP,100001206,100001167,1,Nailers & Staplers,000001206
CURRENT_TIMESTAMP,CURRENT_TIMESTAMP,100005828,100001167,1,Oil Filter Drains,000005828
CURRENT_TIMESTAMP,CURRENT_TIMESTAMP,100002077,100001167,1,Paint Tools,000002077
CURRENT_TIMESTAMP,CURRENT_TIMESTAMP,100002486,100002077,1,Airbrushes,000002486
CURRENT_TIMESTAMP,CURRENT_TIMESTAMP,100001300,100002077,1,Paint Brushes,000001300
CURRENT_TIMESTAMP,CURRENT_TIMESTAMP,100006556,100002077,1,Paint Edgers,000006556
CURRENT_TIMESTAMP,CURRENT_TIMESTAMP,100001774,100002077,1,Paint Rollers,000001774
CURRENT_TIMESTAMP,CURRENT_TIMESTAMP,100499888,100002077,1,Paint Shakers,000499888
CURRENT_TIMESTAMP,CURRENT_TIMESTAMP,100001699,100002077,1,Paint Sponges,000001699
CURRENT_TIMESTAMP,CURRENT_TIMESTAMP,100002465,100002077,1,Paint Sprayers,000002465
CURRENT_TIMESTAMP,CURRENT_TIMESTAMP,100505325,100002077,1,Paint Strainers,000505325
CURRENT_TIMESTAMP,CURRENT_TIMESTAMP,100006557,100002077,1,Paint Trays,000006557
CURRENT_TIMESTAMP,CURRENT_TIMESTAMP,100001196,100001167,1,Pickup Tools,000001196
CURRENT_TIMESTAMP,CURRENT_TIMESTAMP,100001667,100001167,1,Pipe & Bar Benders,000001667
CURRENT_TIMESTAMP,CURRENT_TIMESTAMP,100002053,100001167,1,Pipe & Tube Cleaners,000002053
CURRENT_TIMESTAMP,CURRENT_TIMESTAMP,100001862,100001167,1,Pipe Brushes,000001862
CURRENT_TIMESTAMP,CURRENT_TIMESTAMP,100006868,100001167,1,Planers,000006868
CURRENT_TIMESTAMP,CURRENT_TIMESTAMP,100001187,100001167,1,Planes,000001187
CURRENT_TIMESTAMP,CURRENT_TIMESTAMP,100001958,100001167,1,Pliers,000001958
CURRENT_TIMESTAMP,CURRENT_TIMESTAMP,100001563,100001167,1,Plungers,000001563
CURRENT_TIMESTAMP,CURRENT_TIMESTAMP,100001225,100001167,1,Polishers & Buffers,000001225
CURRENT_TIMESTAMP,CURRENT_TIMESTAMP,100003501,100001167,1,Post Hole Diggers,000003501
CURRENT_TIMESTAMP,CURRENT_TIMESTAMP,100001179,100001167,1,Pry Bars,000001179
CURRENT_TIMESTAMP,CURRENT_TIMESTAMP,100505315,100001167,1,Punches & Awls,000505315
CURRENT_TIMESTAMP,CURRENT_TIMESTAMP,100001202,100001167,1,Putty Knives & Scrapers,000001202
CURRENT_TIMESTAMP,CURRENT_TIMESTAMP,100001819,100001167,1,Reamers,000001819
CURRENT_TIMESTAMP,CURRENT_TIMESTAMP,100007064,100001167,1,Riveting Tools,000007064
CURRENT_TIMESTAMP,CURRENT_TIMESTAMP,100007065,100007064,1,Rivet Guns,000007065
CURRENT_TIMESTAMP,CURRENT_TIMESTAMP,100007066,100007064,1,Rivet Pliers,000007066
CURRENT_TIMESTAMP,CURRENT_TIMESTAMP,100001841,100001167,1,Routing Tools,000001841
CURRENT_TIMESTAMP,CURRENT_TIMESTAMP,100001188,100001167,1,Sanders,000001188
CURRENT_TIMESTAMP,CURRENT_TIMESTAMP,100004419,100001167,1,Sanding Blocks,000004419
CURRENT_TIMESTAMP,CURRENT_TIMESTAMP,100001201,100001167,1,Saw Horses,000001201
CURRENT_TIMESTAMP,CURRENT_TIMESTAMP,100001235,100001167,1,Saws,000001235
CURRENT_TIMESTAMP,CURRENT_TIMESTAMP,100003582,100001235,1,Band Saws,000003582
CURRENT_TIMESTAMP,CURRENT_TIMESTAMP,100003516,100001235,1,Cut-Off Saws,000003516
CURRENT_TIMESTAMP,CURRENT_TIMESTAMP,100003594,100001235,1,Hand Saws,000003594
CURRENT_TIMESTAMP,CURRENT_TIMESTAMP,100003224,100001235,1,Handheld Circular Saws,000003224
CURRENT_TIMESTAMP,CURRENT_TIMESTAMP,100003725,100001235,1,Jigsaws,000003725
CURRENT_TIMESTAMP,CURRENT_TIMESTAMP,100007077,100001235,1,Masonry & Tile Saws,000007077
CURRENT_TIMESTAMP,CURRENT_TIMESTAMP,100003517,100001235,1,Miter Saws,000003517
CURRENT_TIMESTAMP,CURRENT_TIMESTAMP,100499985,100001235,1,Panel Saws,000499985
CURRENT_TIMESTAMP,CURRENT_TIMESTAMP,100003494,100001235,1,Reciprocating Saws,000003494
CURRENT_TIMESTAMP,CURRENT_TIMESTAMP,100004633,100001235,1,Scroll Saws,000004633
CURRENT_TIMESTAMP,CURRENT_TIMESTAMP,100003706,100001235,1,Table Saws,000003706
CURRENT_TIMESTAMP,CURRENT_TIMESTAMP,100001203,100001167,1,Screwdrivers,000001203
CURRENT_TIMESTAMP,CURRENT_TIMESTAMP,100001923,100001167,1,Shapers,000001923
CURRENT_TIMESTAMP,CURRENT_TIMESTAMP,100001644,100001167,1,Sharpeners,000001644
CURRENT_TIMESTAMP,CURRENT_TIMESTAMP,100001195,100001167,1,Socket Drivers,000001195
CURRENT_TIMESTAMP,CURRENT_TIMESTAMP,100001236,100001167,1,Soldering Irons,000001236
CURRENT_TIMESTAMP,CURRENT_TIMESTAMP,100001787,100001167,1,Tap Reseaters,000001787
CURRENT_TIMESTAMP,CURRENT_TIMESTAMP,100001184,100001167,1,Taps & Dies,000001184
CURRENT_TIMESTAMP,CURRENT_TIMESTAMP,100001584,100001167,1,Threading Machines,000001584
CURRENT_TIMESTAMP,CURRENT_TIMESTAMP,100002835,100001167,1,Tool Clamps & Vises,000002835
CURRENT_TIMESTAMP,CURRENT_TIMESTAMP,100003745,100001167,1,Tool Files,000003745
CURRENT_TIMESTAMP,CURRENT_TIMESTAMP,100001439,100001167,1,Tool Keys,000001439
CURRENT_TIMESTAMP,CURRENT_TIMESTAMP,100002198,100001167,1,Tool Knives,000002198
CURRENT_TIMESTAMP,CURRENT_TIMESTAMP,100004919,100001167,1,Tool Sets,000004919
CURRENT_TIMESTAMP,CURRENT_TIMESTAMP,100006965,100004919,1,Hand Tool Sets,000006965
CURRENT_TIMESTAMP,CURRENT_TIMESTAMP,100004716,100004919,1,Power Tool Combo Sets,000004716
CURRENT_TIMESTAMP,CURRENT_TIMESTAMP,100001238,100001167,1,Welding Guns & Plasma Cutters,000001238
CURRENT_TIMESTAMP,CURRENT_TIMESTAMP,100001469,100001167,1,Wire & Cable Hand Tools,000001469
CURRENT_TIMESTAMP,CURRENT_TIMESTAMP,100005592,100001167,1,Work Lights,000005592
CURRENT_TIMESTAMP,CURRENT_TIMESTAMP,100001632,100001167,1,Wrenches,000001632
CURRENT_TIMESTAMP,CURRENT_TIMESTAMP,100000469,null,1,Health & Beauty,000000469
CURRENT_TIMESTAMP,CURRENT_TIMESTAMP,100000491,100000469,1,Health Care,000000491
CURRENT_TIMESTAMP,CURRENT_TIMESTAMP,100005849,100000491,1,Acupuncture,000005849
CURRENT_TIMESTAMP,CURRENT_TIMESTAMP,100005850,100005849,1,Acupuncture Models,000005850
CURRENT_TIMESTAMP,CURRENT_TIMESTAMP,100005851,100005849,1,Acupuncture Needles,000005851
CURRENT_TIMESTAMP,CURRENT_TIMESTAMP,100007220,100000491,1,Bed Pans,000007220
CURRENT_TIMESTAMP,CURRENT_TIMESTAMP,100005071,100000491,1,Biometric Monitor Accessories,000005071
CURRENT_TIMESTAMP,CURRENT_TIMESTAMP,100505819,100005071,1,Activity Monitor Accessories,000505819
CURRENT_TIMESTAMP,CURRENT_TIMESTAMP,100003688,100005071,1,Blood Glucose Meter Accessories,000003688
CURRENT_TIMESTAMP,CURRENT_TIMESTAMP,100006323,100003688,1,Blood Glucose Control Solution,000006323
CURRENT_TIMESTAMP,CURRENT_TIMESTAMP,100003905,100003688,1,Blood Glucose Test Strips,000003905
CURRENT_TIMESTAMP,CURRENT_TIMESTAMP,100003111,100003688,1,Lancing Devices,000003111
CURRENT_TIMESTAMP,CURRENT_TIMESTAMP,100006284,100005071,1,Blood Pressure Monitor Accessories,000006284
CURRENT_TIMESTAMP,CURRENT_TIMESTAMP,100006285,100006284,1,Blood Pressure Monitor Cuffs,000006285
CURRENT_TIMESTAMP,CURRENT_TIMESTAMP,100005072,100005071,1,Body Weight Scale Accessories,000005072
CURRENT_TIMESTAMP,CURRENT_TIMESTAMP,100000494,100000491,1,Biometric Monitors,000000494
CURRENT_TIMESTAMP,CURRENT_TIMESTAMP,100500009,100000494,1,Activity Monitors,000500009
CURRENT_TIMESTAMP,CURRENT_TIMESTAMP,100002246,100000494,1,Blood Glucose Meters,000002246
CURRENT_TIMESTAMP,CURRENT_TIMESTAMP,100000495,100000494,1,Blood Pressure Monitors,000000495
CURRENT_TIMESTAMP,CURRENT_TIMESTAMP,100000496,100000494,1,Body Fat Analyzers,000000496
CURRENT_TIMESTAMP,CURRENT_TIMESTAMP,100000500,100000494,1,Body Weight Scales,000000500
CURRENT_TIMESTAMP,CURRENT_TIMESTAMP,100002633,100000494,1,Breathalyzers,000002633
CURRENT_TIMESTAMP,CURRENT_TIMESTAMP,100000497,100000494,1,Cholesterol Analyzers,000000497
CURRENT_TIMESTAMP,CURRENT_TIMESTAMP,100505822,100000494,1,Fertility Monitors and Ovulation Tests,000505822
CURRENT_TIMESTAMP,CURRENT_TIMESTAMP,100543679,100505822,1,Fertility Tests & Monitors,000543679
CURRENT_TIMESTAMP,CURRENT_TIMESTAMP,100543680,100505822,1,Ovulation Tests,000543680
CURRENT_TIMESTAMP,CURRENT_TIMESTAMP,100000501,100000494,1,Medical Thermometers,000000501
CURRENT_TIMESTAMP,CURRENT_TIMESTAMP,100004767,100000494,1,Prenatal Heart Rate Monitors,000004767
CURRENT_TIMESTAMP,CURRENT_TIMESTAMP,100005551,100000494,1,Pulse Oximeters,000005551
CURRENT_TIMESTAMP,CURRENT_TIMESTAMP,100000775,100000491,1,Condoms,000000775
CURRENT_TIMESTAMP,CURRENT_TIMESTAMP,100505820,100000491,1,Conductivity Gels & Lotions,000505820
CURRENT_TIMESTAMP,CURRENT_TIMESTAMP,100007002,100000491,1,Contraceptive Cases,000007002
CURRENT_TIMESTAMP,CURRENT_TIMESTAMP,100000508,100000491,1,First Aid,000000508
CURRENT_TIMESTAMP,CURRENT_TIMESTAMP,100002954,100000508,1,Antiseptics & Cleaning Supplies,000002954
CURRENT_TIMESTAMP,CURRENT_TIMESTAMP,100006206,100000508,1,Cast & Bandage Protectors,000006206
CURRENT_TIMESTAMP,CURRENT_TIMESTAMP,100004527,100000508,1,Eye Wash Supplies,000004527
CURRENT_TIMESTAMP,CURRENT_TIMESTAMP,100000510,100000508,1,First Aid Kits,000000510
CURRENT_TIMESTAMP,CURRENT_TIMESTAMP,100000516,100000508,1,Hot & Cold Therapies,000000516
CURRENT_TIMESTAMP,CURRENT_TIMESTAMP,100005848,100000516,1,Heat Rubs,000005848
CURRENT_TIMESTAMP,CURRENT_TIMESTAMP,100006205,100000516,1,Heating Pads,000006205
CURRENT_TIMESTAMP,CURRENT_TIMESTAMP,100004753,100000516,1,Ice Packs,000004753
CURRENT_TIMESTAMP,CURRENT_TIMESTAMP,100000509,100000508,1,Medical Tape & Bandages,000000509
CURRENT_TIMESTAMP,CURRENT_TIMESTAMP,100002890,100000491,1,Fitness & Nutrition,000002890
CURRENT_TIMESTAMP,CURRENT_TIMESTAMP,100002984,100002890,1,Nutrition Bars,000002984
CURRENT_TIMESTAMP,CURRENT_TIMESTAMP,100005702,100002890,1,Nutrition Drinks & Shakes,000005702
CURRENT_TIMESTAMP,CURRENT_TIMESTAMP,100006242,100002890,1,Nutrition Gels & Chews,000006242
CURRENT_TIMESTAMP,CURRENT_TIMESTAMP,100006871,100002890,1,Nutritional Food Purées,000006871
CURRENT_TIMESTAMP,CURRENT_TIMESTAMP,100007413,100002890,1,Tube Feeding Supplements,000007413
CURRENT_TIMESTAMP,CURRENT_TIMESTAMP,100000525,100002890,1,Vitamins & Supplements,000000525
CURRENT_TIMESTAMP,CURRENT_TIMESTAMP,100005690,100000491,1,Hearing Aids,000005690
CURRENT_TIMESTAMP,CURRENT_TIMESTAMP,100000517,100000491,1,Incontinence Aids,000000517
CURRENT_TIMESTAMP,CURRENT_TIMESTAMP,100500087,100000491,1,Light Therapy Lamps,000500087
CURRENT_TIMESTAMP,CURRENT_TIMESTAMP,100005966,100000491,1,Medical Alarm Systems,000005966
CURRENT_TIMESTAMP,CURRENT_TIMESTAMP,100005965,100000491,1,Medical Identification Tags & Jewelry,000005965
CURRENT_TIMESTAMP,CURRENT_TIMESTAMP,100505293,100000491,1,Medical Tests,000505293
CURRENT_TIMESTAMP,CURRENT_TIMESTAMP,100499934,100505293,1,Allergy Test Kits,000499934
CURRENT_TIMESTAMP,CURRENT_TIMESTAMP,100007337,100505293,1,Blood Typing Test Kits,000007337
CURRENT_TIMESTAMP,CURRENT_TIMESTAMP,100002552,100505293,1,Drug Tests,000002552
CURRENT_TIMESTAMP,CURRENT_TIMESTAMP,100007336,100505293,1,HIV Tests,000007336
CURRENT_TIMESTAMP,CURRENT_TIMESTAMP,100001680,100505293,1,Pregnancy Tests,000001680
CURRENT_TIMESTAMP,CURRENT_TIMESTAMP,100505294,100505293,1,Urinary Tract Infection Tests,000505294
CURRENT_TIMESTAMP,CURRENT_TIMESTAMP,100000518,100000491,1,Medicine & Drugs,000000518
CURRENT_TIMESTAMP,CURRENT_TIMESTAMP,100000519,100000491,1,Mobility & Accessibility,000000519
CURRENT_TIMESTAMP,CURRENT_TIMESTAMP,100000520,100000519,1,Accessibility Equipment,000000520
CURRENT_TIMESTAMP,CURRENT_TIMESTAMP,100003512,100000520,1,Mobility Scooters,000003512
CURRENT_TIMESTAMP,CURRENT_TIMESTAMP,100007138,100000520,1,Stair Lifts,000007138
CURRENT_TIMESTAMP,CURRENT_TIMESTAMP,100502969,100000520,1,Transfer Boards & Sheets,000502969
CURRENT_TIMESTAMP,CURRENT_TIMESTAMP,100003364,100000520,1,Wheelchairs,000003364
CURRENT_TIMESTAMP,CURRENT_TIMESTAMP,100000521,100000519,1,Accessibility Equipment Accessories,000000521
CURRENT_TIMESTAMP,CURRENT_TIMESTAMP,100005488,100000519,1,Accessibility Furniture & Fixtures,000005488
CURRENT_TIMESTAMP,CURRENT_TIMESTAMP,100007243,100005488,1,Shower Benches & Seats,000007243
CURRENT_TIMESTAMP,CURRENT_TIMESTAMP,100006929,100000519,1,Walking Aid Accessories,000006929
CURRENT_TIMESTAMP,CURRENT_TIMESTAMP,100005164,100000519,1,Walking Aids,000005164
CURRENT_TIMESTAMP,CURRENT_TIMESTAMP,100005165,100005164,1,Canes & Walking Sticks,000005165
CURRENT_TIMESTAMP,CURRENT_TIMESTAMP,100004248,100005164,1,Crutches,000004248
CURRENT_TIMESTAMP,CURRENT_TIMESTAMP,100005166,100005164,1,Walkers,000005166
CURRENT_TIMESTAMP,CURRENT_TIMESTAMP,100005870,100000491,1,Occupational & Physical Therapy Equipment,000005870
CURRENT_TIMESTAMP,CURRENT_TIMESTAMP,100008541,100005870,1,Electrical Muscle Stimulators,000008541
CURRENT_TIMESTAMP,CURRENT_TIMESTAMP,100505352,100005870,1,Therapeutic Swings,000505352
CURRENT_TIMESTAMP,CURRENT_TIMESTAMP,100003777,100000491,1,Pillboxes,000003777
CURRENT_TIMESTAMP,CURRENT_TIMESTAMP,100004551,100000491,1,Respiratory Care,000004551
CURRENT_TIMESTAMP,CURRENT_TIMESTAMP,100004552,100004551,1,Nebulizers,000004552
CURRENT_TIMESTAMP,CURRENT_TIMESTAMP,100499692,100004551,1,Oxygen Tanks,000499692
CURRENT_TIMESTAMP,CURRENT_TIMESTAMP,100007317,100004551,1,PAP Machines,000007317
CURRENT_TIMESTAMP,CURRENT_TIMESTAMP,100007316,100004551,1,PAP Masks,000007316
CURRENT_TIMESTAMP,CURRENT_TIMESTAMP,100505669,100004551,1,Steam Inhalers,000505669
CURRENT_TIMESTAMP,CURRENT_TIMESTAMP,100008082,100000491,1,Specimen Cups,000008082
CURRENT_TIMESTAMP,CURRENT_TIMESTAMP,100007186,100000491,1,Spermicides,000007186
CURRENT_TIMESTAMP,CURRENT_TIMESTAMP,100008105,100000491,1,Stump Shrinkers,000008105
CURRENT_TIMESTAMP,CURRENT_TIMESTAMP,100000523,100000491,1,Supports & Braces,000000523
CURRENT_TIMESTAMP,CURRENT_TIMESTAMP,100005923,100000491,1,Surgical Lubricants,000005923
CURRENT_TIMESTAMP,CURRENT_TIMESTAMP,100005573,100000469,1,Jewelry Cleaning & Care,000005573
CURRENT_TIMESTAMP,CURRENT_TIMESTAMP,100499919,100005573,1,Jewelry Cleaning Solutions & Polishes,000499919
CURRENT_TIMESTAMP,CURRENT_TIMESTAMP,100500082,100005573,1,Jewelry Cleaning Tools,000500082
CURRENT_TIMESTAMP,CURRENT_TIMESTAMP,100005974,100005573,1,Jewelry Holders,000005974
CURRENT_TIMESTAMP,CURRENT_TIMESTAMP,100500083,100005573,1,Jewelry Steam Cleaners,000500083
CURRENT_TIMESTAMP,CURRENT_TIMESTAMP,100005124,100005573,1,Watch Repair Kits,000005124
CURRENT_TIMESTAMP,CURRENT_TIMESTAMP,100002915,100000469,1,Personal Care,000002915
CURRENT_TIMESTAMP,CURRENT_TIMESTAMP,100000493,100002915,1,Back Care,000000493
CURRENT_TIMESTAMP,CURRENT_TIMESTAMP,100007404,100000493,1,Back & Lumbar Support Cushions,000007404
CURRENT_TIMESTAMP,CURRENT_TIMESTAMP,100000473,100002915,1,Cosmetics,000000473
CURRENT_TIMESTAMP,CURRENT_TIMESTAMP,100000474,100000473,1,Bath & Body,000000474
CURRENT_TIMESTAMP,CURRENT_TIMESTAMP,100499913,100000474,1,Adult Hygienic Wipes,000499913
CURRENT_TIMESTAMP,CURRENT_TIMESTAMP,100002503,100000474,1,Bar Soap,000002503
CURRENT_TIMESTAMP,CURRENT_TIMESTAMP,100002522,100000474,1,Bath Additives,000002522
CURRENT_TIMESTAMP,CURRENT_TIMESTAMP,100002876,100000474,1,Bath Brushes,000002876
CURRENT_TIMESTAMP,CURRENT_TIMESTAMP,100002875,100000474,1,Bath Sponges & Loofahs,000002875
CURRENT_TIMESTAMP,CURRENT_TIMESTAMP,100002747,100000474,1,Body Wash,000002747
CURRENT_TIMESTAMP,CURRENT_TIMESTAMP,100003691,100000474,1,Hand Sanitizers & Wipes,000003691
CURRENT_TIMESTAMP,CURRENT_TIMESTAMP,100003208,100000474,1,Liquid Hand Soap,000003208
CURRENT_TIMESTAMP,CURRENT_TIMESTAMP,100007417,100000474,1,Powdered Hand Soap,000007417
CURRENT_TIMESTAMP,CURRENT_TIMESTAMP,100004049,100000474,1,Shower Caps,000004049
CURRENT_TIMESTAMP,CURRENT_TIMESTAMP,100000475,100000473,1,Bath & Body Gift Sets,000000475
CURRENT_TIMESTAMP,CURRENT_TIMESTAMP,100006069,100000473,1,Cosmetic Sets,000006069
CURRENT_TIMESTAMP,CURRENT_TIMESTAMP,100006331,100000473,1,Cosmetic Tool Cleansers,000006331
CURRENT_TIMESTAMP,CURRENT_TIMESTAMP,100002619,100000473,1,Cosmetic Tools,000002619
CURRENT_TIMESTAMP,CURRENT_TIMESTAMP,100002548,100002619,1,Makeup Tools,000002548
CURRENT_TIMESTAMP,CURRENT_TIMESTAMP,100007356,100002548,1,Double Eyelid Glue & Tape,000007356
CURRENT_TIMESTAMP,CURRENT_TIMESTAMP,100006555,100002548,1,Eyebrow Stencils,000006555
CURRENT_TIMESTAMP,CURRENT_TIMESTAMP,100006282,100002548,1,Eyelash Curler Refills,000006282
CURRENT_TIMESTAMP,CURRENT_TIMESTAMP,100002780,100002548,1,Eyelash Curlers,000002780
CURRENT_TIMESTAMP,CURRENT_TIMESTAMP,100000476,100002548,1,Face Mirrors,000000476
CURRENT_TIMESTAMP,CURRENT_TIMESTAMP,100004121,100002548,1,Facial Blotting Paper,000004121
CURRENT_TIMESTAMP,CURRENT_TIMESTAMP,100502996,100002548,1,False Eyelash Accessories,000502996
CURRENT_TIMESTAMP,CURRENT_TIMESTAMP,100007256,100502996,1,False Eyelash Adhesive,000007256
CURRENT_TIMESTAMP,CURRENT_TIMESTAMP,100007493,100502996,1,False Eyelash Applicators,000007493
CURRENT_TIMESTAMP,CURRENT_TIMESTAMP,100502997,100502996,1,False Eyelash Remover,000502997
CURRENT_TIMESTAMP,CURRENT_TIMESTAMP,100003025,100002548,1,Makeup Brushes,000003025
CURRENT_TIMESTAMP,CURRENT_TIMESTAMP,100004106,100002548,1,Makeup Sponges,000004106
CURRENT_TIMESTAMP,CURRENT_TIMESTAMP,100499822,100002548,1,Refillable Makeup Palettes & Cases,000499822
CURRENT_TIMESTAMP,CURRENT_TIMESTAMP,100002975,100002619,1,Nail Tools,000002975
CURRENT_TIMESTAMP,CURRENT_TIMESTAMP,100002739,100002975,1,Cuticle Pushers,000002739
CURRENT_TIMESTAMP,CURRENT_TIMESTAMP,100003037,100002975,1,Cuticle Scissors,000003037
CURRENT_TIMESTAMP,CURRENT_TIMESTAMP,100007494,100002975,1,Manicure & Pedicure Spacers,000007494
CURRENT_TIMESTAMP,CURRENT_TIMESTAMP,100006300,100002975,1,Manicure Tool Sets,000006300
CURRENT_TIMESTAMP,CURRENT_TIMESTAMP,100006341,100002975,1,Nail Buffers,000006341
CURRENT_TIMESTAMP,CURRENT_TIMESTAMP,100002828,100002975,1,Nail Clippers,000002828
CURRENT_TIMESTAMP,CURRENT_TIMESTAMP,100499698,100002975,1,Nail Drill Accessories,000499698
CURRENT_TIMESTAMP,CURRENT_TIMESTAMP,100007490,100002975,1,Nail Drills,000007490
CURRENT_TIMESTAMP,CURRENT_TIMESTAMP,100005880,100002975,1,Nail Dryers,000005880
CURRENT_TIMESTAMP,CURRENT_TIMESTAMP,100002734,100002975,1,Nail Files & Emery Boards,000002734
CURRENT_TIMESTAMP,CURRENT_TIMESTAMP,100002958,100002619,1,Skin Care Tools,000002958
CURRENT_TIMESTAMP,CURRENT_TIMESTAMP,100006760,100002958,1,Facial Saunas,000006760
CURRENT_TIMESTAMP,CURRENT_TIMESTAMP,100007190,100002958,1,Foot Files,000007190
CURRENT_TIMESTAMP,CURRENT_TIMESTAMP,100499926,100002958,1,Lotion & Sunscreen Applicators,000499926
CURRENT_TIMESTAMP,CURRENT_TIMESTAMP,100002511,100002958,1,Pumice Stones,000002511
CURRENT_TIMESTAMP,CURRENT_TIMESTAMP,100006261,100002958,1,Skin Care Extractors,000006261
CURRENT_TIMESTAMP,CURRENT_TIMESTAMP,100007018,100002958,1,Skin Care Rollers,000007018
CURRENT_TIMESTAMP,CURRENT_TIMESTAMP,100008132,100002958,1,Skin Cleansing Brush Heads,000008132
CURRENT_TIMESTAMP,CURRENT_TIMESTAMP,100006260,100002958,1,Skin Cleansing Brushes & Systems,000006260
CURRENT_TIMESTAMP,CURRENT_TIMESTAMP,100000477,100000473,1,Makeup,000000477
CURRENT_TIMESTAMP,CURRENT_TIMESTAMP,100005978,100000477,1,Body Makeup,000005978
CURRENT_TIMESTAMP,CURRENT_TIMESTAMP,100005981,100005978,1,Body & Hair Glitter,000005981
CURRENT_TIMESTAMP,CURRENT_TIMESTAMP,100005979,100005978,1,Body Paint & Foundation,000005979
CURRENT_TIMESTAMP,CURRENT_TIMESTAMP,100004779,100000477,1,Costume & Stage Makeup,000004779
CURRENT_TIMESTAMP,CURRENT_TIMESTAMP,100002779,100000477,1,Eye Makeup,000002779
CURRENT_TIMESTAMP,CURRENT_TIMESTAMP,100008220,100002779,1,Eye Primer,000008220
CURRENT_TIMESTAMP,CURRENT_TIMESTAMP,100002904,100002779,1,Eye Shadow,000002904
CURRENT_TIMESTAMP,CURRENT_TIMESTAMP,100002686,100002779,1,Eyebrow Enhancers,000002686
CURRENT_TIMESTAMP,CURRENT_TIMESTAMP,100002807,100002779,1,Eyeliner,000002807
CURRENT_TIMESTAMP,CURRENT_TIMESTAMP,100002761,100002779,1,False Eyelashes,000002761
CURRENT_TIMESTAMP,CURRENT_TIMESTAMP,100006340,100002779,1,Lash & Brow Growth Treatments,000006340
CURRENT_TIMESTAMP,CURRENT_TIMESTAMP,100002834,100002779,1,Mascara,000002834
CURRENT_TIMESTAMP,CURRENT_TIMESTAMP,100008219,100002779,1,Mascara Primer,000008219
CURRENT_TIMESTAMP,CURRENT_TIMESTAMP,100002571,100000477,1,Face Makeup,000002571
CURRENT_TIMESTAMP,CURRENT_TIMESTAMP,100006305,100002571,1,Blushes & Bronzers,000006305
CURRENT_TIMESTAMP,CURRENT_TIMESTAMP,100002980,100002571,1,Face Powder,000002980
CURRENT_TIMESTAMP,CURRENT_TIMESTAMP,100008218,100002571,1,Face Primer,000008218
CURRENT_TIMESTAMP,CURRENT_TIMESTAMP,100002765,100002571,1,Foundations & Concealers,000002765
CURRENT_TIMESTAMP,CURRENT_TIMESTAMP,100006304,100002571,1,Highlighters & Luminizers,000006304
CURRENT_TIMESTAMP,CURRENT_TIMESTAMP,100002645,100000477,1,Lip Makeup,000002645
CURRENT_TIMESTAMP,CURRENT_TIMESTAMP,100006306,100002645,1,Lip & Cheek Stains,000006306
CURRENT_TIMESTAMP,CURRENT_TIMESTAMP,100002858,100002645,1,Lip Gloss,000002858
CURRENT_TIMESTAMP,CURRENT_TIMESTAMP,100002589,100002645,1,Lip Liner,000002589
CURRENT_TIMESTAMP,CURRENT_TIMESTAMP,100008217,100002645,1,Lip Primer,000008217
CURRENT_TIMESTAMP,CURRENT_TIMESTAMP,100003021,100002645,1,Lipstick,000003021
CURRENT_TIMESTAMP,CURRENT_TIMESTAMP,100006072,100000477,1,Makeup Finishing Sprays,000006072
CURRENT_TIMESTAMP,CURRENT_TIMESTAMP,100003509,100000477,1,Temporary Tattoos,000003509
CURRENT_TIMESTAMP,CURRENT_TIMESTAMP,100000478,100000473,1,Nail Care,000000478
CURRENT_TIMESTAMP,CURRENT_TIMESTAMP,100003009,100000478,1,Cuticle Cream & Oil,000003009
CURRENT_TIMESTAMP,CURRENT_TIMESTAMP,100004218,100000478,1,False Nails,000004218
CURRENT_TIMESTAMP,CURRENT_TIMESTAMP,100006893,100000478,1,Manicure Glue,000006893
CURRENT_TIMESTAMP,CURRENT_TIMESTAMP,100005975,100000478,1,Nail Art Kits & Accessories,000005975
CURRENT_TIMESTAMP,CURRENT_TIMESTAMP,100233419,100000478,1,Nail Polish Drying Drops & Sprays,000233419
CURRENT_TIMESTAMP,CURRENT_TIMESTAMP,100002946,100000478,1,Nail Polish Removers,000002946
CURRENT_TIMESTAMP,CURRENT_TIMESTAMP,100007445,100000478,1,Nail Polish Thinners,000007445
CURRENT_TIMESTAMP,CURRENT_TIMESTAMP,100002683,100000478,1,Nail Polishes,000002683
CURRENT_TIMESTAMP,CURRENT_TIMESTAMP,100000479,100000473,1,Perfume & Cologne,000000479
CURRENT_TIMESTAMP,CURRENT_TIMESTAMP,100000567,100000473,1,Skin Care,000000567
CURRENT_TIMESTAMP,CURRENT_TIMESTAMP,100000481,100000567,1,Acne Treatments & Kits,000000481
CURRENT_TIMESTAMP,CURRENT_TIMESTAMP,100007429,100000567,1,Anti-Aging Skin Care Kits,000007429
CURRENT_TIMESTAMP,CURRENT_TIMESTAMP,100006104,100000567,1,Body Oil,000006104
CURRENT_TIMESTAMP,CURRENT_TIMESTAMP,100005980,100000567,1,Body Powder,000005980
CURRENT_TIMESTAMP,CURRENT_TIMESTAMP,100008029,100000567,1,Compressed Skin Care Mask Sheets,000008029
CURRENT_TIMESTAMP,CURRENT_TIMESTAMP,100002526,100000567,1,Facial Cleansers,000002526
CURRENT_TIMESTAMP,CURRENT_TIMESTAMP,100007467,100000567,1,Facial Cleansing Kits,000007467
CURRENT_TIMESTAMP,CURRENT_TIMESTAMP,100006791,100000567,1,Facial Pore Strips,000006791
CURRENT_TIMESTAMP,CURRENT_TIMESTAMP,100000482,100000567,1,Lip Balms & Treatments,000000482
CURRENT_TIMESTAMP,CURRENT_TIMESTAMP,100543573,100000482,1,Lip Balms,000543573
CURRENT_TIMESTAMP,CURRENT_TIMESTAMP,100543574,100000482,1,Medicated Lip Treatments,000543574
CURRENT_TIMESTAMP,CURRENT_TIMESTAMP,100002592,100000567,1,Lotion & Moisturizer,000002592
CURRENT_TIMESTAMP,CURRENT_TIMESTAMP,100006034,100000567,1,Makeup Removers,000006034
CURRENT_TIMESTAMP,CURRENT_TIMESTAMP,100006753,100000567,1,Petroleum Jelly,000006753
CURRENT_TIMESTAMP,CURRENT_TIMESTAMP,100006262,100000567,1,Skin Care Masks & Peels,000006262
CURRENT_TIMESTAMP,CURRENT_TIMESTAMP,100005820,100000567,1,Skin Insect Repellent,000005820
CURRENT_TIMESTAMP,CURRENT_TIMESTAMP,100002844,100000567,1,Sunscreen,000002844
CURRENT_TIMESTAMP,CURRENT_TIMESTAMP,100002740,100000567,1,Tanning Products,000002740
CURRENT_TIMESTAMP,CURRENT_TIMESTAMP,100005338,100002740,1,Self Tanner,000005338
CURRENT_TIMESTAMP,CURRENT_TIMESTAMP,100005339,100002740,1,Tanning Oil & Lotion,000005339
CURRENT_TIMESTAMP,CURRENT_TIMESTAMP,100005976,100000567,1,Toners & Astringents,000005976
CURRENT_TIMESTAMP,CURRENT_TIMESTAMP,100543659,100005976,1,Astringents,000543659
CURRENT_TIMESTAMP,CURRENT_TIMESTAMP,100543658,100005976,1,Toners,000543658
CURRENT_TIMESTAMP,CURRENT_TIMESTAMP,100006863,100000567,1,Wart Removers,000006863
CURRENT_TIMESTAMP,CURRENT_TIMESTAMP,100004929,100002915,1,Cotton Balls,000004929
CURRENT_TIMESTAMP,CURRENT_TIMESTAMP,100002934,100002915,1,Cotton Swabs,000002934
CURRENT_TIMESTAMP,CURRENT_TIMESTAMP,100000484,100002915,1,Deodorant & Anti-Perspirant,000000484
CURRENT_TIMESTAMP,CURRENT_TIMESTAMP,100543599,100000484,1,Anti-Perspirant,000543599
CURRENT_TIMESTAMP,CURRENT_TIMESTAMP,100543598,100000484,1,Deodorant,000543598
CURRENT_TIMESTAMP,CURRENT_TIMESTAMP,100000506,100002915,1,Ear Care,000000506
CURRENT_TIMESTAMP,CURRENT_TIMESTAMP,100005706,100000506,1,Ear Candles,000005706
CURRENT_TIMESTAMP,CURRENT_TIMESTAMP,100006559,100000506,1,Ear Drops,000006559
CURRENT_TIMESTAMP,CURRENT_TIMESTAMP,100006560,100000506,1,Ear Dryers,000006560
CURRENT_TIMESTAMP,CURRENT_TIMESTAMP,100500024,100000506,1,Ear Picks & Spoons,000500024
CURRENT_TIMESTAMP,CURRENT_TIMESTAMP,100006561,100000506,1,Ear Syringes,000006561
CURRENT_TIMESTAMP,CURRENT_TIMESTAMP,100006562,100000506,1,Ear Wax Removal Kits,000006562
CURRENT_TIMESTAMP,CURRENT_TIMESTAMP,100007542,100000506,1,Earplug Dispensers,000007542
CURRENT_TIMESTAMP,CURRENT_TIMESTAMP,100002596,100000506,1,Earplugs,000002596
CURRENT_TIMESTAMP,CURRENT_TIMESTAMP,100007134,100002915,1,Enema Kits & Supplies,000007134
CURRENT_TIMESTAMP,CURRENT_TIMESTAMP,100000485,100002915,1,Feminine Sanitary Supplies,000000485
CURRENT_TIMESTAMP,CURRENT_TIMESTAMP,100006862,100000485,1,Feminine Deodorant,000006862
CURRENT_TIMESTAMP,CURRENT_TIMESTAMP,100005821,100000485,1,Feminine Douches & Creams,000005821
CURRENT_TIMESTAMP,CURRENT_TIMESTAMP,100002387,100000485,1,Feminine Pads & Protectors,000002387
CURRENT_TIMESTAMP,CURRENT_TIMESTAMP,100008122,100000485,1,Menstrual Cups,000008122
CURRENT_TIMESTAMP,CURRENT_TIMESTAMP,100002564,100000485,1,Tampons,000002564
CURRENT_TIMESTAMP,CURRENT_TIMESTAMP,100000515,100002915,1,Foot Care,000000515
CURRENT_TIMESTAMP,CURRENT_TIMESTAMP,100002992,100000515,1,Bunion Care Supplies,000002992
CURRENT_TIMESTAMP,CURRENT_TIMESTAMP,100003022,100000515,1,Corn & Callus Care Supplies,000003022
CURRENT_TIMESTAMP,CURRENT_TIMESTAMP,100003049,100000515,1,Foot Odor Removers,000003049
CURRENT_TIMESTAMP,CURRENT_TIMESTAMP,100002801,100000515,1,Insoles & Inserts,000002801
CURRENT_TIMESTAMP,CURRENT_TIMESTAMP,100007495,100000515,1,Toe Spacers,000007495
CURRENT_TIMESTAMP,CURRENT_TIMESTAMP,100000486,100002915,1,Hair Care,000000486
CURRENT_TIMESTAMP,CURRENT_TIMESTAMP,100008452,100000486,1,Hair Care Kits,000008452
CURRENT_TIMESTAMP,CURRENT_TIMESTAMP,100002814,100000486,1,Hair Color,000002814
CURRENT_TIMESTAMP,CURRENT_TIMESTAMP,100006053,100000486,1,Hair Color Removers,000006053
CURRENT_TIMESTAMP,CURRENT_TIMESTAMP,100005977,100000486,1,Hair Coloring Accessories,000005977
CURRENT_TIMESTAMP,CURRENT_TIMESTAMP,100006099,100000486,1,Hair Loss Concealers,000006099
CURRENT_TIMESTAMP,CURRENT_TIMESTAMP,100004766,100000486,1,Hair Loss Treatments,000004766
CURRENT_TIMESTAMP,CURRENT_TIMESTAMP,100006052,100000486,1,Hair Permanents & Straighteners,000006052
CURRENT_TIMESTAMP,CURRENT_TIMESTAMP,100003013,100000486,1,Hair Shears,000003013
CURRENT_TIMESTAMP,CURRENT_TIMESTAMP,100006429,100000486,1,Hair Steamers & Heat Caps,000006429
CURRENT_TIMESTAMP,CURRENT_TIMESTAMP,100001901,100000486,1,Hair Styling Products,000001901
CURRENT_TIMESTAMP,CURRENT_TIMESTAMP,100006018,100000486,1,Hair Styling Tool Accessories,000006018
CURRENT_TIMESTAMP,CURRENT_TIMESTAMP,100005317,100006018,1,Hair Curler Clips & Pins,000005317
CURRENT_TIMESTAMP,CURRENT_TIMESTAMP,100004475,100006018,1,Hair Dryer Accessories,000004475
CURRENT_TIMESTAMP,CURRENT_TIMESTAMP,100004569,100006018,1,Hair Iron Accessories,000004569
CURRENT_TIMESTAMP,CURRENT_TIMESTAMP,100006019,100000486,1,Hair Styling Tools,000006019
CURRENT_TIMESTAMP,CURRENT_TIMESTAMP,100000487,100006019,1,Combs & Brushes,000000487
CURRENT_TIMESTAMP,CURRENT_TIMESTAMP,100000489,100006019,1,Curling Irons,000000489
CURRENT_TIMESTAMP,CURRENT_TIMESTAMP,100000488,100006019,1,Hair Curlers,000000488
CURRENT_TIMESTAMP,CURRENT_TIMESTAMP,100000490,100006019,1,Hair Dryers,000000490
CURRENT_TIMESTAMP,CURRENT_TIMESTAMP,100003407,100006019,1,Hair Straighteners,000003407
CURRENT_TIMESTAMP,CURRENT_TIMESTAMP,100499992,100006019,1,Hair Styling Tool Sets,000499992
CURRENT_TIMESTAMP,CURRENT_TIMESTAMP,100002441,100000486,1,Shampoo & Conditioner,000002441
CURRENT_TIMESTAMP,CURRENT_TIMESTAMP,100543616,100002441,1,Conditioners,000543616
CURRENT_TIMESTAMP,CURRENT_TIMESTAMP,100543615,100002441,1,Shampoo,000543615
CURRENT_TIMESTAMP,CURRENT_TIMESTAMP,100543617,100002441,1,Shampoo & Conditioner Sets,000543617
CURRENT_TIMESTAMP,CURRENT_TIMESTAMP,100005663,100002915,1,Massage & Relaxation,000005663
CURRENT_TIMESTAMP,CURRENT_TIMESTAMP,100500060,100005663,1,Back Scratchers,000500060
CURRENT_TIMESTAMP,CURRENT_TIMESTAMP,100233420,100005663,1,Eye Pillows,000233420
CURRENT_TIMESTAMP,CURRENT_TIMESTAMP,100001442,100005663,1,Massage Chairs,000001442
CURRENT_TIMESTAMP,CURRENT_TIMESTAMP,100005664,100005663,1,Massage Oil,000005664
CURRENT_TIMESTAMP,CURRENT_TIMESTAMP,100008530,100005663,1,Massage Stone Warmers,000008530
CURRENT_TIMESTAMP,CURRENT_TIMESTAMP,100008135,100005663,1,Massage Stones,000008135
CURRENT_TIMESTAMP,CURRENT_TIMESTAMP,100002074,100005663,1,Massage Tables,000002074
CURRENT_TIMESTAMP,CURRENT_TIMESTAMP,100000471,100005663,1,Massagers,000000471
CURRENT_TIMESTAMP,CURRENT_TIMESTAMP,100543596,100000471,1,Electric Massagers,000543596
CURRENT_TIMESTAMP,CURRENT_TIMESTAMP,100543597,100000471,1,Manual Massage Tools,000543597
CURRENT_TIMESTAMP,CURRENT_TIMESTAMP,100543595,100000471,1,Massage Cushions,000543595
CURRENT_TIMESTAMP,CURRENT_TIMESTAMP,100000526,100002915,1,Oral Care,000000526
CURRENT_TIMESTAMP,CURRENT_TIMESTAMP,100006189,100000526,1,Breath Spray,000006189
CURRENT_TIMESTAMP,CURRENT_TIMESTAMP,100002620,100000526,1,Dental Floss,000002620
CURRENT_TIMESTAMP,CURRENT_TIMESTAMP,100005823,100000526,1,Dental Mouthguards,000005823
CURRENT_TIMESTAMP,CURRENT_TIMESTAMP,100006455,100000526,1,Dental Water Jet Replacement Tips,000006455
CURRENT_TIMESTAMP,CURRENT_TIMESTAMP,100005295,100000526,1,Dental Water Jets,000005295
CURRENT_TIMESTAMP,CURRENT_TIMESTAMP,100005155,100000526,1,Denture Adhesives,000005155
CURRENT_TIMESTAMP,CURRENT_TIMESTAMP,100005824,100000526,1,Denture Cleaners,000005824
CURRENT_TIMESTAMP,CURRENT_TIMESTAMP,100008543,100000526,1,Denture Repair Kits,000008543
CURRENT_TIMESTAMP,CURRENT_TIMESTAMP,100002527,100000526,1,Dentures,000002527
CURRENT_TIMESTAMP,CURRENT_TIMESTAMP,100002769,100000526,1,Gum Stimulators,000002769
CURRENT_TIMESTAMP,CURRENT_TIMESTAMP,100003040,100000526,1,Mouthwash,000003040
CURRENT_TIMESTAMP,CURRENT_TIMESTAMP,100505367,100000526,1,Orthodontic Appliance Cases,000505367
CURRENT_TIMESTAMP,CURRENT_TIMESTAMP,100006715,100000526,1,Power Flossers,000006715
CURRENT_TIMESTAMP,CURRENT_TIMESTAMP,100003019,100000526,1,Teeth Whiteners,000003019
CURRENT_TIMESTAMP,CURRENT_TIMESTAMP,100006441,100000526,1,Tongue Scrapers,000006441
CURRENT_TIMESTAMP,CURRENT_TIMESTAMP,100004775,100000526,1,Toothbrush Accessories,000004775
CURRENT_TIMESTAMP,CURRENT_TIMESTAMP,100006920,100004775,1,Toothbrush Covers,000006920
CURRENT_TIMESTAMP,CURRENT_TIMESTAMP,100004776,100004775,1,Toothbrush Replacement Heads,000004776
CURRENT_TIMESTAMP,CURRENT_TIMESTAMP,100004942,100004775,1,Toothbrush Sanitizers,000004942
CURRENT_TIMESTAMP,CURRENT_TIMESTAMP,100000527,100000526,1,Toothbrushes,000000527
CURRENT_TIMESTAMP,CURRENT_TIMESTAMP,100001360,100000526,1,Toothpaste,000001360
CURRENT_TIMESTAMP,CURRENT_TIMESTAMP,100005154,100000526,1,Toothpaste Squeezers & Dispensers,000005154
CURRENT_TIMESTAMP,CURRENT_TIMESTAMP,100004316,100000526,1,Toothpicks,000004316
CURRENT_TIMESTAMP,CURRENT_TIMESTAMP,100000777,100002915,1,Personal Lubricants,000000777
CURRENT_TIMESTAMP,CURRENT_TIMESTAMP,100000528,100002915,1,Shaving & Grooming,000000528
CURRENT_TIMESTAMP,CURRENT_TIMESTAMP,100000529,100000528,1,Aftershave,000000529
CURRENT_TIMESTAMP,CURRENT_TIMESTAMP,100008214,100000528,1,Body & Facial Hair Bleach,000008214
CURRENT_TIMESTAMP,CURRENT_TIMESTAMP,100000531,100000528,1,Electric Razor Accessories,000000531
CURRENT_TIMESTAMP,CURRENT_TIMESTAMP,100000532,100000528,1,Electric Razors,000000532
CURRENT_TIMESTAMP,CURRENT_TIMESTAMP,100006842,100000528,1,Hair Clipper & Trimmer Accessories,000006842
CURRENT_TIMESTAMP,CURRENT_TIMESTAMP,100000533,100000528,1,Hair Clippers & Trimmers,000000533
CURRENT_TIMESTAMP,CURRENT_TIMESTAMP,100004507,100000528,1,Hair Removal,000004507
CURRENT_TIMESTAMP,CURRENT_TIMESTAMP,100004508,100004507,1,Depilatories,000004508
CURRENT_TIMESTAMP,CURRENT_TIMESTAMP,100004509,100004507,1,Electrolysis Devices,000004509
CURRENT_TIMESTAMP,CURRENT_TIMESTAMP,100004510,100004507,1,Epilators,000004510
CURRENT_TIMESTAMP,CURRENT_TIMESTAMP,100008136,100004507,1,Hair Removal Wax Warmers,000008136
CURRENT_TIMESTAMP,CURRENT_TIMESTAMP,100007199,100004507,1,Laser & IPL Hair Removal Devices,000007199
CURRENT_TIMESTAMP,CURRENT_TIMESTAMP,100004511,100004507,1,Waxing Kits & Supplies,000004511
CURRENT_TIMESTAMP,CURRENT_TIMESTAMP,100000534,100000528,1,Razors & Razor Blades,000000534
CURRENT_TIMESTAMP,CURRENT_TIMESTAMP,100008531,100000528,1,Shaving Bowls & Mugs,000008531
CURRENT_TIMESTAMP,CURRENT_TIMESTAMP,100002681,100000528,1,Shaving Brushes,000002681
CURRENT_TIMESTAMP,CURRENT_TIMESTAMP,100002971,100000528,1,Shaving Cream,000002971
CURRENT_TIMESTAMP,CURRENT_TIMESTAMP,100005111,100000528,1,Shaving Kits,000005111
CURRENT_TIMESTAMP,CURRENT_TIMESTAMP,100002508,100000528,1,Styptic Pencils,000002508
CURRENT_TIMESTAMP,CURRENT_TIMESTAMP,100004076,100002915,1,Sleeping Aids,000004076
CURRENT_TIMESTAMP,CURRENT_TIMESTAMP,100004313,100004076,1,Eye Masks,000004313
CURRENT_TIMESTAMP,CURRENT_TIMESTAMP,100006017,100004076,1,Snoring & Sleep Apnea Aids,000006017
CURRENT_TIMESTAMP,CURRENT_TIMESTAMP,100004211,100004076,1,Travel Pillows,000004211
CURRENT_TIMESTAMP,CURRENT_TIMESTAMP,100004056,100004076,1,White Noise Machines,000004056
CURRENT_TIMESTAMP,CURRENT_TIMESTAMP,100006921,100002915,1,Spray Tanning Tents,000006921
CURRENT_TIMESTAMP,CURRENT_TIMESTAMP,100000472,100002915,1,Tanning Beds,000000472
CURRENT_TIMESTAMP,CURRENT_TIMESTAMP,100002656,100002915,1,Tweezers,000002656
CURRENT_TIMESTAMP,CURRENT_TIMESTAMP,100001380,100002915,1,Vision Care,000001380
CURRENT_TIMESTAMP,CURRENT_TIMESTAMP,100003011,100001380,1,Contact Lens Care,000003011
CURRENT_TIMESTAMP,CURRENT_TIMESTAMP,100007363,100003011,1,Contact Lens Care Kits,000007363
CURRENT_TIMESTAMP,CURRENT_TIMESTAMP,100006510,100003011,1,Contact Lens Cases,000006510
CURRENT_TIMESTAMP,CURRENT_TIMESTAMP,100006509,100003011,1,Contact Lens Solution,000006509
CURRENT_TIMESTAMP,CURRENT_TIMESTAMP,100002923,100001380,1,Contact Lenses,000002923
CURRENT_TIMESTAMP,CURRENT_TIMESTAMP,100002922,100001380,1,Eye Drops & Lubricants,000002922
CURRENT_TIMESTAMP,CURRENT_TIMESTAMP,100002733,100001380,1,Eyeglass Lenses,000002733
CURRENT_TIMESTAMP,CURRENT_TIMESTAMP,100000524,100001380,1,Eyeglasses,000000524
CURRENT_TIMESTAMP,CURRENT_TIMESTAMP,100002521,100001380,1,Eyewear Accessories,000002521
CURRENT_TIMESTAMP,CURRENT_TIMESTAMP,100005507,100002521,1,Eyewear Cases & Holders,000005507
CURRENT_TIMESTAMP,CURRENT_TIMESTAMP,100352853,100002521,1,Eyewear Lens Cleaning Solutions,000352853
CURRENT_TIMESTAMP,CURRENT_TIMESTAMP,100543538,100002521,1,Eyewear Replacement Parts,000543538
CURRENT_TIMESTAMP,CURRENT_TIMESTAMP,100008204,100002521,1,Eyewear Straps & Chains,000008204
CURRENT_TIMESTAMP,CURRENT_TIMESTAMP,100006977,100001380,1,Sunglass Lenses,000006977
CURRENT_TIMESTAMP,CURRENT_TIMESTAMP,100000536,null,1,Home & Garden,000000536
CURRENT_TIMESTAMP,CURRENT_TIMESTAMP,100000574,100000536,1,Bathroom Accessories,000000574
CURRENT_TIMESTAMP,CURRENT_TIMESTAMP,100000575,100000574,1,Bath Caddies,000000575
CURRENT_TIMESTAMP,CURRENT_TIMESTAMP,100000577,100000574,1,Bath Mats & Rugs,000000577
CURRENT_TIMESTAMP,CURRENT_TIMESTAMP,100004366,100000574,1,Bath Pillows,000004366
CURRENT_TIMESTAMP,CURRENT_TIMESTAMP,100007093,100000574,1,Bathroom Accessory Mounts,000007093
CURRENT_TIMESTAMP,CURRENT_TIMESTAMP,100006858,100000574,1,Bathroom Accessory Sets,000006858
CURRENT_TIMESTAMP,CURRENT_TIMESTAMP,100000579,100000574,1,Facial Tissue Holders,000000579
CURRENT_TIMESTAMP,CURRENT_TIMESTAMP,100008016,100000574,1,Hand Dryer Accessories,000008016
CURRENT_TIMESTAMP,CURRENT_TIMESTAMP,100005141,100000574,1,Hand Dryers,000005141
CURRENT_TIMESTAMP,CURRENT_TIMESTAMP,100002418,100000574,1,Medicine Cabinets,000002418
CURRENT_TIMESTAMP,CURRENT_TIMESTAMP,100002034,100000574,1,Robe Hooks,000002034
CURRENT_TIMESTAMP,CURRENT_TIMESTAMP,100008114,100000574,1,Safety Grab Bars,000008114
CURRENT_TIMESTAMP,CURRENT_TIMESTAMP,100000578,100000574,1,Shower Curtain Rings,000000578
CURRENT_TIMESTAMP,CURRENT_TIMESTAMP,100000580,100000574,1,Shower Curtains,000000580
CURRENT_TIMESTAMP,CURRENT_TIMESTAMP,100001962,100000574,1,Shower Rods,000001962
CURRENT_TIMESTAMP,CURRENT_TIMESTAMP,100004971,100000574,1,Soap & Lotion Dispensers,000004971
CURRENT_TIMESTAMP,CURRENT_TIMESTAMP,100000582,100000574,1,Soap Dishes & Holders,000000582
CURRENT_TIMESTAMP,CURRENT_TIMESTAMP,100007509,100000574,1,Toilet Brush Replacement Heads,000007509
CURRENT_TIMESTAMP,CURRENT_TIMESTAMP,100000583,100000574,1,Toilet Brushes & Holders,000000583
CURRENT_TIMESTAMP,CURRENT_TIMESTAMP,100000584,100000574,1,Toilet Paper Holders,000000584
CURRENT_TIMESTAMP,CURRENT_TIMESTAMP,100000585,100000574,1,Toothbrush Holders,000000585
CURRENT_TIMESTAMP,CURRENT_TIMESTAMP,100000586,100000574,1,Towel Racks & Holders,000000586
CURRENT_TIMESTAMP,CURRENT_TIMESTAMP,100000359,100000536,1,Business & Home Security,000000359
CURRENT_TIMESTAMP,CURRENT_TIMESTAMP,100005491,100000359,1,Dummy Surveillance Cameras,000005491
CURRENT_TIMESTAMP,CURRENT_TIMESTAMP,100003873,100000359,1,Home Alarm Systems,000003873
CURRENT_TIMESTAMP,CURRENT_TIMESTAMP,100002161,100000359,1,Motion Sensors,000002161
CURRENT_TIMESTAMP,CURRENT_TIMESTAMP,100500025,100000359,1,Safety & Security Mirrors,000500025
CURRENT_TIMESTAMP,CURRENT_TIMESTAMP,100000363,100000359,1,Security Lights,000000363
CURRENT_TIMESTAMP,CURRENT_TIMESTAMP,100000364,100000359,1,Security Monitors & Recorders,000000364
CURRENT_TIMESTAMP,CURRENT_TIMESTAMP,100499865,100000359,1,Security Safe Accessories,000499865
CURRENT_TIMESTAMP,CURRENT_TIMESTAMP,100003819,100000359,1,Security Safes,000003819
CURRENT_TIMESTAMP,CURRENT_TIMESTAMP,100000365,100000359,1,Security System Sensors,000000365
CURRENT_TIMESTAMP,CURRENT_TIMESTAMP,100000696,100000536,1,Decor,000000696
CURRENT_TIMESTAMP,CURRENT_TIMESTAMP,100000572,100000696,1,Address Signs,000000572
CURRENT_TIMESTAMP,CURRENT_TIMESTAMP,100006265,100000696,1,Artificial Flora,000006265
CURRENT_TIMESTAMP,CURRENT_TIMESTAMP,100006266,100000696,1,Artificial Food,000006266
CURRENT_TIMESTAMP,CURRENT_TIMESTAMP,100000009,100000696,1,Artwork,000000009
CURRENT_TIMESTAMP,CURRENT_TIMESTAMP,100500045,100000009,1,Decorative Tapestries,000500045
CURRENT_TIMESTAMP,CURRENT_TIMESTAMP,100500044,100000009,1,Posters,000500044
CURRENT_TIMESTAMP,CURRENT_TIMESTAMP,100000011,100000009,1,Sculptures & Statues,000000011
CURRENT_TIMESTAMP,CURRENT_TIMESTAMP,100004456,100000696,1,Backrest Pillows,000004456
CURRENT_TIMESTAMP,CURRENT_TIMESTAMP,100000573,100000696,1,Baskets,000000573
CURRENT_TIMESTAMP,CURRENT_TIMESTAMP,100005521,100000696,1,Bird & Wildlife Feeder Accessories,000005521
CURRENT_TIMESTAMP,CURRENT_TIMESTAMP,100006993,100000696,1,Bird & Wildlife Feeders,000006993
CURRENT_TIMESTAMP,CURRENT_TIMESTAMP,100000698,100006993,1,Bird Feeders,000000698
CURRENT_TIMESTAMP,CURRENT_TIMESTAMP,100006995,100006993,1,Butterfly Feeders,000006995
CURRENT_TIMESTAMP,CURRENT_TIMESTAMP,100006994,100006993,1,Squirrel Feeders,000006994
CURRENT_TIMESTAMP,CURRENT_TIMESTAMP,100230911,100000696,1,Bird & Wildlife House Accessories,000230911
CURRENT_TIMESTAMP,CURRENT_TIMESTAMP,100500078,100000696,1,Bird & Wildlife Houses,000500078
CURRENT_TIMESTAMP,CURRENT_TIMESTAMP,100500079,100500078,1,Bat Houses,000500079
CURRENT_TIMESTAMP,CURRENT_TIMESTAMP,100000699,100500078,1,Birdhouses,000000699
CURRENT_TIMESTAMP,CURRENT_TIMESTAMP,100500080,100500078,1,Butterfly Houses,000500080
CURRENT_TIMESTAMP,CURRENT_TIMESTAMP,100000697,100000696,1,Bird Baths,000000697
CURRENT_TIMESTAMP,CURRENT_TIMESTAMP,100000587,100000696,1,Bookends,000000587
CURRENT_TIMESTAMP,CURRENT_TIMESTAMP,100007380,100000696,1,Cardboard Cutouts,000007380
CURRENT_TIMESTAMP,CURRENT_TIMESTAMP,100004453,100000696,1,Chair & Sofa Cushions,000004453
CURRENT_TIMESTAMP,CURRENT_TIMESTAMP,100505827,100000696,1,Clock Parts,000505827
CURRENT_TIMESTAMP,CURRENT_TIMESTAMP,100003890,100000696,1,Clocks,000003890
CURRENT_TIMESTAMP,CURRENT_TIMESTAMP,100004546,100003890,1,Alarm Clocks,000004546
CURRENT_TIMESTAMP,CURRENT_TIMESTAMP,100006912,100003890,1,Desk & Shelf Clocks,000006912
CURRENT_TIMESTAMP,CURRENT_TIMESTAMP,100003696,100003890,1,Floor & Grandfather Clocks,000003696
CURRENT_TIMESTAMP,CURRENT_TIMESTAMP,100003840,100003890,1,Wall Clocks,000003840
CURRENT_TIMESTAMP,CURRENT_TIMESTAMP,100005708,100000696,1,Coat & Hat Racks,000005708
CURRENT_TIMESTAMP,CURRENT_TIMESTAMP,100007206,100000696,1,Decorative Bells,000007206
CURRENT_TIMESTAMP,CURRENT_TIMESTAMP,100006317,100000696,1,Decorative Bottles,000006317
CURRENT_TIMESTAMP,CURRENT_TIMESTAMP,100006457,100000696,1,Decorative Bowls,000006457
CURRENT_TIMESTAMP,CURRENT_TIMESTAMP,100007113,100000696,1,Decorative Jars,000007113
CURRENT_TIMESTAMP,CURRENT_TIMESTAMP,100000708,100000696,1,Decorative Plaques,000000708
CURRENT_TIMESTAMP,CURRENT_TIMESTAMP,100005875,100000696,1,Decorative Plates,000005875
CURRENT_TIMESTAMP,CURRENT_TIMESTAMP,100006456,100000696,1,Decorative Trays,000006456
CURRENT_TIMESTAMP,CURRENT_TIMESTAMP,100002675,100000696,1,Door Mats,000002675
CURRENT_TIMESTAMP,CURRENT_TIMESTAMP,100007172,100000696,1,Dreamcatchers,000007172
CURRENT_TIMESTAMP,CURRENT_TIMESTAMP,100006936,100000696,1,Dried Flowers,000006936
CURRENT_TIMESTAMP,CURRENT_TIMESTAMP,100006935,100000696,1,Ecospheres,000006935
CURRENT_TIMESTAMP,CURRENT_TIMESTAMP,100005609,100000696,1,Figurines,000005609
CURRENT_TIMESTAMP,CURRENT_TIMESTAMP,100007422,100000696,1,Finials,000007422
CURRENT_TIMESTAMP,CURRENT_TIMESTAMP,100007419,100000696,1,Flag & Windsock Accessories,000007419
CURRENT_TIMESTAMP,CURRENT_TIMESTAMP,100007420,100007419,1,Flag & Windsock Pole Lights,000007420
CURRENT_TIMESTAMP,CURRENT_TIMESTAMP,100503010,100007419,1,Flag & Windsock Pole Mounting Hardware & Kits,000503010
CURRENT_TIMESTAMP,CURRENT_TIMESTAMP,100007421,100007419,1,Flag & Windsock Poles,000007421
CURRENT_TIMESTAMP,CURRENT_TIMESTAMP,100000701,100000696,1,Flags & Windsocks,000000701
CURRENT_TIMESTAMP,CURRENT_TIMESTAMP,100004770,100000696,1,Flameless Candles,000004770
CURRENT_TIMESTAMP,CURRENT_TIMESTAMP,100000702,100000696,1,Fountains & Ponds,000000702
CURRENT_TIMESTAMP,CURRENT_TIMESTAMP,100002921,100000702,1,Fountain & Pond Accessories,000002921
CURRENT_TIMESTAMP,CURRENT_TIMESTAMP,100006763,100000702,1,Fountains & Waterfalls,000006763
CURRENT_TIMESTAMP,CURRENT_TIMESTAMP,100002763,100000702,1,Ponds,000002763
CURRENT_TIMESTAMP,CURRENT_TIMESTAMP,100000704,100000696,1,Garden & Stepping Stones,000000704
CURRENT_TIMESTAMP,CURRENT_TIMESTAMP,100499693,100000696,1,Growth Charts,000499693
CURRENT_TIMESTAMP,CURRENT_TIMESTAMP,100003221,100000696,1,Home Decor Decals,000003221
CURRENT_TIMESTAMP,CURRENT_TIMESTAMP,100500121,100000696,1,Home Fragrance Accessories,000500121
CURRENT_TIMESTAMP,CURRENT_TIMESTAMP,100006336,100500121,1,Candle & Oil Warmers,000006336
CURRENT_TIMESTAMP,CURRENT_TIMESTAMP,100002784,100500121,1,Candle Holders,000002784
CURRENT_TIMESTAMP,CURRENT_TIMESTAMP,100500122,100500121,1,Candle Snuffers,000500122
CURRENT_TIMESTAMP,CURRENT_TIMESTAMP,100004741,100500121,1,Incense Holders,000004741
CURRENT_TIMESTAMP,CURRENT_TIMESTAMP,100000592,100000696,1,Home Fragrances,000000592
CURRENT_TIMESTAMP,CURRENT_TIMESTAMP,100003898,100000592,1,Air Fresheners,000003898
CURRENT_TIMESTAMP,CURRENT_TIMESTAMP,100000588,100000592,1,Candles,000000588
CURRENT_TIMESTAMP,CURRENT_TIMESTAMP,100005847,100000592,1,Fragrance Oil,000005847
CURRENT_TIMESTAMP,CURRENT_TIMESTAMP,100003686,100000592,1,Incense,000003686
CURRENT_TIMESTAMP,CURRENT_TIMESTAMP,100004740,100000592,1,Potpourri,000004740
CURRENT_TIMESTAMP,CURRENT_TIMESTAMP,100006767,100000592,1,Wax Tarts,000006767
CURRENT_TIMESTAMP,CURRENT_TIMESTAMP,100503000,100000696,1,Hourglasses,000503000
CURRENT_TIMESTAMP,CURRENT_TIMESTAMP,100007382,100000696,1,House Numbers & Letters,000007382
CURRENT_TIMESTAMP,CURRENT_TIMESTAMP,100006547,100000696,1,Lawn Ornaments & Garden Sculptures,000006547
CURRENT_TIMESTAMP,CURRENT_TIMESTAMP,100007436,100000696,1,Mail Slots,000007436
CURRENT_TIMESTAMP,CURRENT_TIMESTAMP,100006333,100000696,1,Mailbox Accessories,000006333
CURRENT_TIMESTAMP,CURRENT_TIMESTAMP,100007177,100006333,1,Mailbox Covers,000007177
CURRENT_TIMESTAMP,CURRENT_TIMESTAMP,100007052,100006333,1,Mailbox Enclosures,000007052
CURRENT_TIMESTAMP,CURRENT_TIMESTAMP,100007176,100006333,1,Mailbox Flags,000007176
CURRENT_TIMESTAMP,CURRENT_TIMESTAMP,100006334,100006333,1,Mailbox Posts,000006334
CURRENT_TIMESTAMP,CURRENT_TIMESTAMP,100007339,100006333,1,Mailbox Replacement Doors,000007339
CURRENT_TIMESTAMP,CURRENT_TIMESTAMP,100000706,100000696,1,Mailboxes,000000706
CURRENT_TIMESTAMP,CURRENT_TIMESTAMP,100000595,100000696,1,Mirrors,000000595
CURRENT_TIMESTAMP,CURRENT_TIMESTAMP,100003473,100000696,1,Music Boxes,000003473
CURRENT_TIMESTAMP,CURRENT_TIMESTAMP,100006324,100000696,1,Napkin Rings,000006324
CURRENT_TIMESTAMP,CURRENT_TIMESTAMP,100005885,100000696,1,Novelty Signs,000005885
CURRENT_TIMESTAMP,CURRENT_TIMESTAMP,100006927,100000696,1,Ottoman Cushions,000006927
CURRENT_TIMESTAMP,CURRENT_TIMESTAMP,100000597,100000696,1,Picture Frames,000000597
CURRENT_TIMESTAMP,CURRENT_TIMESTAMP,100004295,100000696,1,Piggy Banks & Money Jars,000004295
CURRENT_TIMESTAMP,CURRENT_TIMESTAMP,100000709,100000696,1,Rain Chains,000000709
CURRENT_TIMESTAMP,CURRENT_TIMESTAMP,100000710,100000696,1,Rain Gauges,000000710
CURRENT_TIMESTAMP,CURRENT_TIMESTAMP,100005876,100000696,1,Refrigerator Magnets,000005876
CURRENT_TIMESTAMP,CURRENT_TIMESTAMP,100000598,100000696,1,Rugs,000000598
CURRENT_TIMESTAMP,CURRENT_TIMESTAMP,100000596,100000696,1,Seasonal & Holiday Decorations,000000596
CURRENT_TIMESTAMP,CURRENT_TIMESTAMP,100005359,100000596,1,Advent Calendars,000005359
CURRENT_TIMESTAMP,CURRENT_TIMESTAMP,100005504,100000596,1,Christmas Tree Skirts,000005504
CURRENT_TIMESTAMP,CURRENT_TIMESTAMP,100006603,100000596,1,Christmas Tree Stands,000006603
CURRENT_TIMESTAMP,CURRENT_TIMESTAMP,100499805,100000596,1,Easter Egg Decorating Kits,000499805
CURRENT_TIMESTAMP,CURRENT_TIMESTAMP,100006532,100000596,1,Holiday Ornament Displays & Stands,000006532
CURRENT_TIMESTAMP,CURRENT_TIMESTAMP,100499804,100000596,1,Holiday Ornament Hooks,000499804
CURRENT_TIMESTAMP,CURRENT_TIMESTAMP,100003144,100000596,1,Holiday Ornaments,000003144
CURRENT_TIMESTAMP,CURRENT_TIMESTAMP,100005990,100000596,1,Holiday Stocking Hangers,000005990
CURRENT_TIMESTAMP,CURRENT_TIMESTAMP,100005991,100000596,1,Holiday Stockings,000005991
CURRENT_TIMESTAMP,CURRENT_TIMESTAMP,100005930,100000596,1,Japanese Traditional Dolls,000005930
CURRENT_TIMESTAMP,CURRENT_TIMESTAMP,100006531,100000596,1,Nativity Sets,000006531
CURRENT_TIMESTAMP,CURRENT_TIMESTAMP,100505809,100000596,1,Seasonal Village Sets & Accessories,000505809
CURRENT_TIMESTAMP,CURRENT_TIMESTAMP,100005922,100000696,1,Shadow Boxes,000005922
CURRENT_TIMESTAMP,CURRENT_TIMESTAMP,100000599,100000696,1,Slipcovers,000000599
CURRENT_TIMESTAMP,CURRENT_TIMESTAMP,100006535,100000696,1,Snow Globes,000006535
CURRENT_TIMESTAMP,CURRENT_TIMESTAMP,100007173,100000696,1,Suncatchers,000007173
CURRENT_TIMESTAMP,CURRENT_TIMESTAMP,100000711,100000696,1,Sundials,000000711
CURRENT_TIMESTAMP,CURRENT_TIMESTAMP,100004454,100000696,1,Throw Pillows,000004454
CURRENT_TIMESTAMP,CURRENT_TIMESTAMP,100004233,100000696,1,Trunks,000004233
CURRENT_TIMESTAMP,CURRENT_TIMESTAMP,100006424,100000696,1,Vase Fillers & Table Scatters,000006424
CURRENT_TIMESTAMP,CURRENT_TIMESTAMP,100000602,100000696,1,Vases,000000602
CURRENT_TIMESTAMP,CURRENT_TIMESTAMP,100002334,100000696,1,Wallpaper,000002334
CURRENT_TIMESTAMP,CURRENT_TIMESTAMP,100000712,100000696,1,Weather Vanes & Roof Decor,000000712
CURRENT_TIMESTAMP,CURRENT_TIMESTAMP,100000714,100000696,1,Wind Chimes,000000714
CURRENT_TIMESTAMP,CURRENT_TIMESTAMP,100002839,100000696,1,Wind Wheels & Spinners,000002839
CURRENT_TIMESTAMP,CURRENT_TIMESTAMP,100006530,100000696,1,Window Magnets,000006530
CURRENT_TIMESTAMP,CURRENT_TIMESTAMP,100006254,100000696,1,Window Treatment Accessories,000006254
CURRENT_TIMESTAMP,CURRENT_TIMESTAMP,100006256,100006254,1,Curtain & Drape Rings,000006256
CURRENT_TIMESTAMP,CURRENT_TIMESTAMP,100006257,100006254,1,Curtain & Drape Rods,000006257
CURRENT_TIMESTAMP,CURRENT_TIMESTAMP,100006255,100006254,1,Curtain Holdbacks & Tassels,000006255
CURRENT_TIMESTAMP,CURRENT_TIMESTAMP,100008042,100006254,1,Window Treatment Replacement Parts,000008042
CURRENT_TIMESTAMP,CURRENT_TIMESTAMP,100000603,100000696,1,Window Treatments,000000603
CURRENT_TIMESTAMP,CURRENT_TIMESTAMP,100002882,100000603,1,Curtains & Drapes,000002882
CURRENT_TIMESTAMP,CURRENT_TIMESTAMP,100006492,100000603,1,Stained Glass Panels,000006492
CURRENT_TIMESTAMP,CURRENT_TIMESTAMP,100002885,100000603,1,Window Blinds & Shades,000002885
CURRENT_TIMESTAMP,CURRENT_TIMESTAMP,100005989,100000603,1,Window Films,000005989
CURRENT_TIMESTAMP,CURRENT_TIMESTAMP,100004375,100000603,1,Window Screens,000004375
CURRENT_TIMESTAMP,CURRENT_TIMESTAMP,100002621,100000603,1,Window Valances & Cornices,000002621
CURRENT_TIMESTAMP,CURRENT_TIMESTAMP,100003262,100000696,1,World Globes,000003262
CURRENT_TIMESTAMP,CURRENT_TIMESTAMP,100006267,100000696,1,Wreaths & Garlands,000006267
CURRENT_TIMESTAMP,CURRENT_TIMESTAMP,100005835,100000536,1,Emergency Preparedness,000005835
CURRENT_TIMESTAMP,CURRENT_TIMESTAMP,100004490,100005835,1,Earthquake Alarms,000004490
CURRENT_TIMESTAMP,CURRENT_TIMESTAMP,100006897,100005835,1,Emergency Blankets,000006897
CURRENT_TIMESTAMP,CURRENT_TIMESTAMP,100005836,100005835,1,Emergency Food Kits,000005836
CURRENT_TIMESTAMP,CURRENT_TIMESTAMP,100007058,100005835,1,Emergency Tools & Kits,000007058
CURRENT_TIMESTAMP,CURRENT_TIMESTAMP,100004491,100005835,1,Furniture Anchors,000004491
CURRENT_TIMESTAMP,CURRENT_TIMESTAMP,100002862,100000536,1,Fireplace & Wood Stove Accessories,000002862
CURRENT_TIMESTAMP,CURRENT_TIMESTAMP,100002044,100002862,1,Bellows,000002044
CURRENT_TIMESTAMP,CURRENT_TIMESTAMP,100006563,100002862,1,Fireplace & Wood Stove Grates,000006563
CURRENT_TIMESTAMP,CURRENT_TIMESTAMP,100007523,100002862,1,Fireplace Andirons,000007523
CURRENT_TIMESTAMP,CURRENT_TIMESTAMP,100007109,100002862,1,Fireplace Reflectors,000007109
CURRENT_TIMESTAMP,CURRENT_TIMESTAMP,100002365,100002862,1,Fireplace Screens,000002365
CURRENT_TIMESTAMP,CURRENT_TIMESTAMP,100001530,100002862,1,Fireplace Tools,000001530
CURRENT_TIMESTAMP,CURRENT_TIMESTAMP,100000625,100002862,1,Firewood & Fuel,000000625
CURRENT_TIMESTAMP,CURRENT_TIMESTAMP,100007091,100002862,1,Hearth Pads,000007091
CURRENT_TIMESTAMP,CURRENT_TIMESTAMP,100007029,100002862,1,Log Rack & Carrier Accessories,000007029
CURRENT_TIMESTAMP,CURRENT_TIMESTAMP,100000695,100002862,1,Log Racks & Carriers,000000695
CURRENT_TIMESTAMP,CURRENT_TIMESTAMP,100004918,100002862,1,Wood Stove Fans & Blowers,000004918
CURRENT_TIMESTAMP,CURRENT_TIMESTAMP,100006792,100000536,1,Fireplaces,000006792
CURRENT_TIMESTAMP,CURRENT_TIMESTAMP,100001679,100000536,1,Flood,000001679
CURRENT_TIMESTAMP,CURRENT_TIMESTAMP,100007226,100001679,1,Fire Alarm Control Panels,000007226
CURRENT_TIMESTAMP,CURRENT_TIMESTAMP,100001871,100001679,1,Fire Alarms,000001871
CURRENT_TIMESTAMP,CURRENT_TIMESTAMP,100001639,100001679,1,Fire Extinguisher & Equipment Storage,000001639
CURRENT_TIMESTAMP,CURRENT_TIMESTAMP,100001434,100001679,1,Fire Extinguishers,000001434
CURRENT_TIMESTAMP,CURRENT_TIMESTAMP,100001934,100001679,1,Fire Sprinklers,000001934
CURRENT_TIMESTAMP,CURRENT_TIMESTAMP,100007227,100001679,1,Heat Detectors,000007227
CURRENT_TIMESTAMP,CURRENT_TIMESTAMP,100499673,100001679,1,Smoke & Carbon Monoxide Detectors,000499673
CURRENT_TIMESTAMP,CURRENT_TIMESTAMP,100002164,100499673,1,Carbon Monoxide Detectors,000002164
CURRENT_TIMESTAMP,CURRENT_TIMESTAMP,100001471,100499673,1,Smoke Detectors,000001471
CURRENT_TIMESTAMP,CURRENT_TIMESTAMP,100001306,null,1,Water & Flood Detectors,000001306
CURRENT_TIMESTAMP,CURRENT_TIMESTAMP,100003348,100000536,1,Household Appliance Accessories,000003348
CURRENT_TIMESTAMP,CURRENT_TIMESTAMP,100002367,100003348,1,Air Conditioner Accessories,000002367
CURRENT_TIMESTAMP,CURRENT_TIMESTAMP,100005826,100002367,1,Air Conditioner Covers,000005826
CURRENT_TIMESTAMP,CURRENT_TIMESTAMP,100003573,100002367,1,Air Conditioner Filters,000003573
CURRENT_TIMESTAMP,CURRENT_TIMESTAMP,100003410,100003348,1,Air Purifier Accessories,000003410
CURRENT_TIMESTAMP,CURRENT_TIMESTAMP,100003667,100003410,1,Air Purifier Filters,000003667
CURRENT_TIMESTAMP,CURRENT_TIMESTAMP,100004667,100003348,1,Dehumidifier Accessories,000004667
CURRENT_TIMESTAMP,CURRENT_TIMESTAMP,100005089,100003348,1,Fan Accessories,000005089
CURRENT_TIMESTAMP,CURRENT_TIMESTAMP,100004548,100003348,1,Floor & Steam Cleaner Accessories,000004548
CURRENT_TIMESTAMP,CURRENT_TIMESTAMP,100006773,100003348,1,Furnace & Boiler Accessories,000006773
CURRENT_TIMESTAMP,CURRENT_TIMESTAMP,100007110,100003348,1,Heating Radiator Accessories,000007110
CURRENT_TIMESTAMP,CURRENT_TIMESTAMP,100007111,100007110,1,Heating Radiator Reflectors,000007111
CURRENT_TIMESTAMP,CURRENT_TIMESTAMP,100003862,100003348,1,Humidifier Accessories,000003862
CURRENT_TIMESTAMP,CURRENT_TIMESTAMP,100003402,100003862,1,Humidifier Filters,000003402
CURRENT_TIMESTAMP,CURRENT_TIMESTAMP,100003456,100003348,1,Laundry Appliance Accessories,000003456
CURRENT_TIMESTAMP,CURRENT_TIMESTAMP,100005158,100003456,1,Garment Steamer Accessories,000005158
CURRENT_TIMESTAMP,CURRENT_TIMESTAMP,100005159,100003456,1,Iron Accessories,000005159
CURRENT_TIMESTAMP,CURRENT_TIMESTAMP,100005160,100003456,1,Steam Press Accessories,000005160
CURRENT_TIMESTAMP,CURRENT_TIMESTAMP,100500085,100003456,1,Washer & Dryer Accessories,000500085
CURRENT_TIMESTAMP,CURRENT_TIMESTAMP,100004650,100003348,1,Patio Heater Accessories,000004650
CURRENT_TIMESTAMP,CURRENT_TIMESTAMP,100004651,100004650,1,Patio Heater Covers,000004651
CURRENT_TIMESTAMP,CURRENT_TIMESTAMP,100000618,100003348,1,Vacuum Accessories,000000618
CURRENT_TIMESTAMP,CURRENT_TIMESTAMP,100002751,100003348,1,Water Heater Accessories,000002751
CURRENT_TIMESTAMP,CURRENT_TIMESTAMP,100002310,100002751,1,Anode Rods,000002310
CURRENT_TIMESTAMP,CURRENT_TIMESTAMP,100002175,100002751,1,Hot Water Tanks,000002175
CURRENT_TIMESTAMP,CURRENT_TIMESTAMP,100001744,100002751,1,Water Heater Elements,000001744
CURRENT_TIMESTAMP,CURRENT_TIMESTAMP,100500063,100002751,1,Water Heater Expansion Tanks,000500063
CURRENT_TIMESTAMP,CURRENT_TIMESTAMP,100001835,100002751,1,Water Heater Pans,000001835
CURRENT_TIMESTAMP,CURRENT_TIMESTAMP,100002221,100002751,1,Water Heater Stacks,000002221
CURRENT_TIMESTAMP,CURRENT_TIMESTAMP,100001709,100002751,1,Water Heater Vents,000001709
CURRENT_TIMESTAMP,CURRENT_TIMESTAMP,100000604,100000536,1,Household Appliances,000000604
CURRENT_TIMESTAMP,CURRENT_TIMESTAMP,100001626,100000604,1,Climate Control Appliances,000001626
CURRENT_TIMESTAMP,CURRENT_TIMESTAMP,100000605,100001626,1,Air Conditioners,000000605
CURRENT_TIMESTAMP,CURRENT_TIMESTAMP,100000606,100001626,1,Air Purifiers,000000606
CURRENT_TIMESTAMP,CURRENT_TIMESTAMP,100000607,100001626,1,Dehumidifiers,000000607
CURRENT_TIMESTAMP,CURRENT_TIMESTAMP,100007328,100001626,1,Duct Heaters,000007328
CURRENT_TIMESTAMP,CURRENT_TIMESTAMP,100006727,100001626,1,Evaporative Coolers,000006727
CURRENT_TIMESTAMP,CURRENT_TIMESTAMP,100000608,100001626,1,Fans,000000608
CURRENT_TIMESTAMP,CURRENT_TIMESTAMP,100001700,100000608,1,Ceiling Fans,000001700
CURRENT_TIMESTAMP,CURRENT_TIMESTAMP,100002535,100000608,1,Desk & Pedestal Fans,000002535
CURRENT_TIMESTAMP,CURRENT_TIMESTAMP,100007527,100000608,1,Powered Hand Fans & Misters,000007527
CURRENT_TIMESTAMP,CURRENT_TIMESTAMP,100004485,100000608,1,Ventilation Fans,000004485
CURRENT_TIMESTAMP,CURRENT_TIMESTAMP,100008090,100000608,1,Wall Mount Fans,000008090
CURRENT_TIMESTAMP,CURRENT_TIMESTAMP,100003082,100001626,1,Furnaces & Boilers,000003082
CURRENT_TIMESTAMP,CURRENT_TIMESTAMP,100002060,100001626,1,Heating Radiators,000002060
CURRENT_TIMESTAMP,CURRENT_TIMESTAMP,100000613,100001626,1,Humidifiers,000000613
CURRENT_TIMESTAMP,CURRENT_TIMESTAMP,100006709,100001626,1,Outdoor Misting Systems,000006709
CURRENT_TIMESTAMP,CURRENT_TIMESTAMP,100002649,100001626,1,Patio Heaters,000002649
CURRENT_TIMESTAMP,CURRENT_TIMESTAMP,100000611,100001626,1,Space Heaters,000000611
CURRENT_TIMESTAMP,CURRENT_TIMESTAMP,100235920,100000604,1,Floor & Carpet Dryers,000235920
CURRENT_TIMESTAMP,CURRENT_TIMESTAMP,100000616,100000604,1,Floor & Steam Cleaners,000000616
CURRENT_TIMESTAMP,CURRENT_TIMESTAMP,100543601,100000616,1,Carpet Shampooers,000543601
CURRENT_TIMESTAMP,CURRENT_TIMESTAMP,100543600,100000616,1,Carpet Steamers,000543600
CURRENT_TIMESTAMP,CURRENT_TIMESTAMP,100543602,100000616,1,Floor Scrubbers,000543602
CURRENT_TIMESTAMP,CURRENT_TIMESTAMP,100543603,100000616,1,Steam Mops,000543603
CURRENT_TIMESTAMP,CURRENT_TIMESTAMP,100005294,100000604,1,Floor Polishers & Buffers,000005294
CURRENT_TIMESTAMP,CURRENT_TIMESTAMP,100004483,100000604,1,Futon Dryers,000004483
CURRENT_TIMESTAMP,CURRENT_TIMESTAMP,100006741,100000604,1,Garage Door Keypads & Remotes,000006741
CURRENT_TIMESTAMP,CURRENT_TIMESTAMP,100000609,100000604,1,Garage Door Openers,000000609
CURRENT_TIMESTAMP,CURRENT_TIMESTAMP,100002706,100000604,1,Laundry Appliances,000002706
CURRENT_TIMESTAMP,CURRENT_TIMESTAMP,100002612,100002706,1,Dryers,000002612
CURRENT_TIMESTAMP,CURRENT_TIMESTAMP,100005138,100002706,1,Garment Steamers,000005138
CURRENT_TIMESTAMP,CURRENT_TIMESTAMP,100005139,100002706,1,Irons & Ironing Systems,000005139
CURRENT_TIMESTAMP,CURRENT_TIMESTAMP,100002849,100002706,1,Laundry Combo Units,000002849
CURRENT_TIMESTAMP,CURRENT_TIMESTAMP,100005140,100002706,1,Steam Presses,000005140
CURRENT_TIMESTAMP,CURRENT_TIMESTAMP,100002549,100002706,1,Washing Machines,000002549
CURRENT_TIMESTAMP,CURRENT_TIMESTAMP,100500081,100000604,1,Ultrasonic Cleaners,000500081
CURRENT_TIMESTAMP,CURRENT_TIMESTAMP,100000619,100000604,1,Vacuums,000000619
CURRENT_TIMESTAMP,CURRENT_TIMESTAMP,100007121,100000604,1,Wallpaper Steamers,000007121
CURRENT_TIMESTAMP,CURRENT_TIMESTAMP,100000621,100000604,1,Water Heaters,000000621
CURRENT_TIMESTAMP,CURRENT_TIMESTAMP,100000630,100000536,1,Household Supplies,000000630
CURRENT_TIMESTAMP,CURRENT_TIMESTAMP,100007351,100000630,1,Drawer & Shelf Liners,000007351
CURRENT_TIMESTAMP,CURRENT_TIMESTAMP,100499674,100000630,1,Floor Protection Films & Runners,000499674
CURRENT_TIMESTAMP,CURRENT_TIMESTAMP,100007214,100000630,1,Furniture Floor Protectors,000007214
CURRENT_TIMESTAMP,CURRENT_TIMESTAMP,100008522,100000630,1,Garage Floor Mats,000008522
CURRENT_TIMESTAMP,CURRENT_TIMESTAMP,100002374,100000630,1,Garbage Bags,000002374
CURRENT_TIMESTAMP,CURRENT_TIMESTAMP,100000623,100000630,1,Household Cleaning Supplies,000000623
CURRENT_TIMESTAMP,CURRENT_TIMESTAMP,100004671,100000623,1,Broom & Mop Handles,000004671
CURRENT_TIMESTAMP,CURRENT_TIMESTAMP,100499892,100000623,1,Broom Heads,000499892
CURRENT_TIMESTAMP,CURRENT_TIMESTAMP,100002857,100000623,1,Brooms,000002857
CURRENT_TIMESTAMP,CURRENT_TIMESTAMP,100006437,100000623,1,Buckets,000006437
CURRENT_TIMESTAMP,CURRENT_TIMESTAMP,100004677,100000623,1,Carpet Sweepers,000004677
CURRENT_TIMESTAMP,CURRENT_TIMESTAMP,100005113,100000623,1,Cleaning Gloves,000005113
CURRENT_TIMESTAMP,CURRENT_TIMESTAMP,100006263,100000623,1,Duster Refills,000006263
CURRENT_TIMESTAMP,CURRENT_TIMESTAMP,100002250,100000623,1,Dusters,000002250
CURRENT_TIMESTAMP,CURRENT_TIMESTAMP,100004515,100000623,1,Dustpans,000004515
CURRENT_TIMESTAMP,CURRENT_TIMESTAMP,100006419,100000623,1,Fabric & Upholstery Protectors,000006419
CURRENT_TIMESTAMP,CURRENT_TIMESTAMP,100004973,100000623,1,Household Cleaning Products,000004973
CURRENT_TIMESTAMP,CURRENT_TIMESTAMP,100007330,100004973,1,All-Purpose Cleaners,000007330
CURRENT_TIMESTAMP,CURRENT_TIMESTAMP,100004974,100004973,1,Carpet Cleaners,000004974
CURRENT_TIMESTAMP,CURRENT_TIMESTAMP,100500065,100004973,1,Descalers & Decalcifiers,000500065
CURRENT_TIMESTAMP,CURRENT_TIMESTAMP,100004975,100004973,1,Dish Detergent & Soap,000004975
CURRENT_TIMESTAMP,CURRENT_TIMESTAMP,100007510,100004973,1,Dishwasher Cleaners,000007510
CURRENT_TIMESTAMP,CURRENT_TIMESTAMP,100008043,100004973,1,Fabric & Upholstery Cleaners,000008043
CURRENT_TIMESTAMP,CURRENT_TIMESTAMP,100004977,100004973,1,Floor Cleaners,000004977
CURRENT_TIMESTAMP,CURRENT_TIMESTAMP,100005825,100004973,1,Furniture Cleaners & Polish,000005825
CURRENT_TIMESTAMP,CURRENT_TIMESTAMP,100004976,100004973,1,Glass & Surface Cleaners,000004976
CURRENT_TIMESTAMP,CURRENT_TIMESTAMP,100543649,100004976,1,Glass Cleaners,000543649
CURRENT_TIMESTAMP,CURRENT_TIMESTAMP,100543650,100004976,1,Muti-surface Cleaners,000543650
CURRENT_TIMESTAMP,CURRENT_TIMESTAMP,100006474,100004973,1,Household Disinfectants,000006474
CURRENT_TIMESTAMP,CURRENT_TIMESTAMP,100004978,100004973,1,Oven & Grill Cleaners,000004978
CURRENT_TIMESTAMP,CURRENT_TIMESTAMP,100004979,100004973,1,Pet Odor & Stain Removers,000004979
CURRENT_TIMESTAMP,CURRENT_TIMESTAMP,100007552,100004973,1,Rinse Aids,000007552
CURRENT_TIMESTAMP,CURRENT_TIMESTAMP,100007426,100004973,1,Stainless Steel Cleaners & Polishes,000007426
CURRENT_TIMESTAMP,CURRENT_TIMESTAMP,100004980,100004973,1,Toilet Bowl Cleaners,000004980
CURRENT_TIMESTAMP,CURRENT_TIMESTAMP,100004981,100004973,1,Tub & Tile Cleaners,000004981
CURRENT_TIMESTAMP,CURRENT_TIMESTAMP,100007462,100004973,1,Washing Machine Cleaners,000007462
CURRENT_TIMESTAMP,CURRENT_TIMESTAMP,100006264,100000623,1,Mop Heads & Refills,000006264
CURRENT_TIMESTAMP,CURRENT_TIMESTAMP,100002713,100000623,1,Mops,000002713
CURRENT_TIMESTAMP,CURRENT_TIMESTAMP,100499767,100000623,1,Scrub Brush Heads & Refills,000499767
CURRENT_TIMESTAMP,CURRENT_TIMESTAMP,100004670,100000623,1,Scrub Brushes,000004670
CURRENT_TIMESTAMP,CURRENT_TIMESTAMP,100008071,100000623,1,Shop Towels & General-Purpose Cleaning Cloths,000008071
CURRENT_TIMESTAMP,CURRENT_TIMESTAMP,100002796,100000623,1,Sponges & Scouring Pads,000002796
CURRENT_TIMESTAMP,CURRENT_TIMESTAMP,100002610,100000623,1,Squeegees,000002610
CURRENT_TIMESTAMP,CURRENT_TIMESTAMP,100002530,100000630,1,Household Paper Products,000002530
CURRENT_TIMESTAMP,CURRENT_TIMESTAMP,100000624,100002530,1,Facial Tissues,000000624
CURRENT_TIMESTAMP,CURRENT_TIMESTAMP,100003846,100002530,1,Paper Napkins,000003846
CURRENT_TIMESTAMP,CURRENT_TIMESTAMP,100002742,100002530,1,Paper Towels,000002742
CURRENT_TIMESTAMP,CURRENT_TIMESTAMP,100000629,100002530,1,Toilet Paper,000000629
CURRENT_TIMESTAMP,CURRENT_TIMESTAMP,100003355,100000630,1,Household Thermometers,000003355
CURRENT_TIMESTAMP,CURRENT_TIMESTAMP,100000627,100000630,1,Laundry Supplies,000000627
CURRENT_TIMESTAMP,CURRENT_TIMESTAMP,100004982,100000627,1,Bleach,000004982
CURRENT_TIMESTAMP,CURRENT_TIMESTAMP,100005704,100000627,1,Clothespins,000005704
CURRENT_TIMESTAMP,CURRENT_TIMESTAMP,100007320,100000627,1,Dry Cleaning Kits,000007320
CURRENT_TIMESTAMP,CURRENT_TIMESTAMP,100002677,100000627,1,Drying Racks & Hangers,000002677
CURRENT_TIMESTAMP,CURRENT_TIMESTAMP,100006240,100000627,1,Fabric Refreshers,000006240
CURRENT_TIMESTAMP,CURRENT_TIMESTAMP,100005705,100000627,1,Fabric Shavers,000005705
CURRENT_TIMESTAMP,CURRENT_TIMESTAMP,100002794,100000627,1,Fabric Softeners & Dryer Sheets,000002794
CURRENT_TIMESTAMP,CURRENT_TIMESTAMP,100004657,100000627,1,Fabric Stain Removers,000004657
CURRENT_TIMESTAMP,CURRENT_TIMESTAMP,100006387,100000627,1,Fabric Starch,000006387
CURRENT_TIMESTAMP,CURRENT_TIMESTAMP,100007457,100000627,1,Garment Shields,000007457
CURRENT_TIMESTAMP,CURRENT_TIMESTAMP,100499937,100000627,1,Iron Rests,000499937
CURRENT_TIMESTAMP,CURRENT_TIMESTAMP,100004656,100000627,1,Ironing Board Pads & Covers,000004656
CURRENT_TIMESTAMP,CURRENT_TIMESTAMP,100499931,100000627,1,Ironing Board Replacement Parts,000499931
CURRENT_TIMESTAMP,CURRENT_TIMESTAMP,100000633,100000627,1,Ironing Boards,000000633
CURRENT_TIMESTAMP,CURRENT_TIMESTAMP,100005084,100000627,1,Laundry Balls,000005084
CURRENT_TIMESTAMP,CURRENT_TIMESTAMP,100000634,100000627,1,Laundry Baskets,000000634
CURRENT_TIMESTAMP,CURRENT_TIMESTAMP,100002754,100000627,1,Laundry Detergent,000002754
CURRENT_TIMESTAMP,CURRENT_TIMESTAMP,100005085,100000627,1,Laundry Wash Bags & Frames,000005085
CURRENT_TIMESTAMP,CURRENT_TIMESTAMP,100003080,100000627,1,Lint Rollers,000003080
CURRENT_TIMESTAMP,CURRENT_TIMESTAMP,100007502,100000627,1,Wrinkle Releasers & Anti-Static Sprays,000007502
CURRENT_TIMESTAMP,CURRENT_TIMESTAMP,100007406,100000630,1,Moisture Absorbers,000007406
CURRENT_TIMESTAMP,CURRENT_TIMESTAMP,100000728,100000630,1,Pest Control,000000728
CURRENT_TIMESTAMP,CURRENT_TIMESTAMP,100004220,100000728,1,Fly Swatters,000004220
CURRENT_TIMESTAMP,CURRENT_TIMESTAMP,100002631,100000728,1,Pest Control Traps,000002631
CURRENT_TIMESTAMP,CURRENT_TIMESTAMP,100002869,100000728,1,Pesticides,000002869
CURRENT_TIMESTAMP,CURRENT_TIMESTAMP,100002865,100000728,1,Repellents,000002865
CURRENT_TIMESTAMP,CURRENT_TIMESTAMP,100007137,100002865,1,Animal & Pet Repellents,000007137
CURRENT_TIMESTAMP,CURRENT_TIMESTAMP,100000512,100002865,1,Household Insect Repellents,000000512
CURRENT_TIMESTAMP,CURRENT_TIMESTAMP,100003307,100000630,1,Rug Pads,000003307
CURRENT_TIMESTAMP,CURRENT_TIMESTAMP,100000628,100000630,1,Shoe Care & Tools,000000628
CURRENT_TIMESTAMP,CURRENT_TIMESTAMP,100005600,100000628,1,Boot Pulls,000005600
CURRENT_TIMESTAMP,CURRENT_TIMESTAMP,100002301,100000628,1,Shoe Bags,000002301
CURRENT_TIMESTAMP,CURRENT_TIMESTAMP,100001874,100000628,1,Shoe Brushes,000001874
CURRENT_TIMESTAMP,CURRENT_TIMESTAMP,100008033,100000628,1,Shoe Care Kits,000008033
CURRENT_TIMESTAMP,CURRENT_TIMESTAMP,100002371,100000628,1,Shoe Dryers,000002371
CURRENT_TIMESTAMP,CURRENT_TIMESTAMP,100005601,100000628,1,Shoe Horns & Dressing Aids,000005601
CURRENT_TIMESTAMP,CURRENT_TIMESTAMP,100008032,100000628,1,Shoe Polishers,000008032
CURRENT_TIMESTAMP,CURRENT_TIMESTAMP,100001659,100000628,1,Shoe Polishes & Waxes,000001659
CURRENT_TIMESTAMP,CURRENT_TIMESTAMP,100008031,100000628,1,Shoe Scrapers,000008031
CURRENT_TIMESTAMP,CURRENT_TIMESTAMP,100005604,100000628,1,Shoe Treatments & Dyes,000005604
CURRENT_TIMESTAMP,CURRENT_TIMESTAMP,100002431,100000628,1,Shoe Trees & Shapers,000002431
CURRENT_TIMESTAMP,CURRENT_TIMESTAMP,100499885,100000630,1,Stair Treads,000499885
CURRENT_TIMESTAMP,CURRENT_TIMESTAMP,100000636,100000630,1,Storage & Organization,000000636
CURRENT_TIMESTAMP,CURRENT_TIMESTAMP,100005558,100000636,1,Clothing & Closet Storage,000005558
CURRENT_TIMESTAMP,CURRENT_TIMESTAMP,100003722,100005558,1,Charging Valets,000003722
CURRENT_TIMESTAMP,CURRENT_TIMESTAMP,100005714,100005558,1,Closet Organizers & Garment Racks,000005714
CURRENT_TIMESTAMP,CURRENT_TIMESTAMP,100005716,100005558,1,Clothes Valets,000005716
CURRENT_TIMESTAMP,CURRENT_TIMESTAMP,100000631,100005558,1,Hangers,000000631
CURRENT_TIMESTAMP,CURRENT_TIMESTAMP,100007514,100005558,1,Hat Boxes,000007514
CURRENT_TIMESTAMP,CURRENT_TIMESTAMP,100005559,100005558,1,Shoe Racks & Organizers,000005559
CURRENT_TIMESTAMP,CURRENT_TIMESTAMP,100005128,100000636,1,Flatware Chests,000005128
CURRENT_TIMESTAMP,CURRENT_TIMESTAMP,100008058,100000636,1,Household Drawer Organizer Inserts,000008058
CURRENT_TIMESTAMP,CURRENT_TIMESTAMP,100003561,100000636,1,Household Storage Bags,000003561
CURRENT_TIMESTAMP,CURRENT_TIMESTAMP,100006986,100000636,1,Household Storage Caddies,000006986
CURRENT_TIMESTAMP,CURRENT_TIMESTAMP,100005631,100000636,1,Household Storage Containers,000005631
CURRENT_TIMESTAMP,CURRENT_TIMESTAMP,100007255,100000636,1,Household Storage Drawers,000007255
CURRENT_TIMESTAMP,CURRENT_TIMESTAMP,100004360,100000636,1,Photo Storage,000004360
CURRENT_TIMESTAMP,CURRENT_TIMESTAMP,100000040,100004360,1,Photo Albums,000000040
CURRENT_TIMESTAMP,CURRENT_TIMESTAMP,100004237,100004360,1,Photo Storage Boxes,000004237
CURRENT_TIMESTAMP,CURRENT_TIMESTAMP,100002446,100000636,1,Storage Hooks & Racks,000002446
CURRENT_TIMESTAMP,CURRENT_TIMESTAMP,100499930,100002446,1,Ironing Board Hooks & Racks,000499930
CURRENT_TIMESTAMP,CURRENT_TIMESTAMP,100005494,100002446,1,Umbrella Stands & Racks,000005494
CURRENT_TIMESTAMP,CURRENT_TIMESTAMP,100005707,100002446,1,Utility Hooks,000005707
CURRENT_TIMESTAMP,CURRENT_TIMESTAMP,100005056,100000630,1,Trash Compactor Accessories,000005056
CURRENT_TIMESTAMP,CURRENT_TIMESTAMP,100004516,100000630,1,Waste Containment,000004516
CURRENT_TIMESTAMP,CURRENT_TIMESTAMP,100500039,100004516,1,Dumpsters,000500039
CURRENT_TIMESTAMP,CURRENT_TIMESTAMP,100005143,100004516,1,Hazardous Waste Containers,000005143
CURRENT_TIMESTAMP,CURRENT_TIMESTAMP,100004517,100004516,1,Recycling Containers,000004517
CURRENT_TIMESTAMP,CURRENT_TIMESTAMP,100000637,100004516,1,Trash Cans & Wastebaskets,000000637
CURRENT_TIMESTAMP,CURRENT_TIMESTAMP,100006757,100000630,1,Waste Containment Accessories,000006757
CURRENT_TIMESTAMP,CURRENT_TIMESTAMP,100006765,100006757,1,Waste Container Carts,000006765
CURRENT_TIMESTAMP,CURRENT_TIMESTAMP,100006726,100006757,1,Waste Container Enclosures,000006726
CURRENT_TIMESTAMP,CURRENT_TIMESTAMP,100500115,100006757,1,Waste Container Labels & Signs,000500115
CURRENT_TIMESTAMP,CURRENT_TIMESTAMP,100004717,100006757,1,Waste Container Lids,000004717
CURRENT_TIMESTAMP,CURRENT_TIMESTAMP,100006758,100006757,1,Waste Container Wheels,000006758
CURRENT_TIMESTAMP,CURRENT_TIMESTAMP,100000638,100000536,1,Kitchen & Dining,000000638
CURRENT_TIMESTAMP,CURRENT_TIMESTAMP,100000649,100000638,1,Barware,000000649
CURRENT_TIMESTAMP,CURRENT_TIMESTAMP,100007075,100000649,1,Absinthe Fountains,000007075
CURRENT_TIMESTAMP,CURRENT_TIMESTAMP,100001817,100000649,1,Beer Dispensers & Taps,000001817
CURRENT_TIMESTAMP,CURRENT_TIMESTAMP,100007569,100000649,1,Beverage Chilling Cubes & Sticks,000007569
CURRENT_TIMESTAMP,CURRENT_TIMESTAMP,100505806,100000649,1,Beverage Tubs & Chillers,000505806
CURRENT_TIMESTAMP,CURRENT_TIMESTAMP,100499990,100000649,1,Bottle Caps,000499990
CURRENT_TIMESTAMP,CURRENT_TIMESTAMP,100004562,100000649,1,Bottle Stoppers & Savers,000004562
CURRENT_TIMESTAMP,CURRENT_TIMESTAMP,100007238,100000649,1,Coaster Holders,000007238
CURRENT_TIMESTAMP,CURRENT_TIMESTAMP,100002363,100000649,1,Coasters,000002363
CURRENT_TIMESTAMP,CURRENT_TIMESTAMP,100006957,100000649,1,Cocktail & Barware Tool Sets,000006957
CURRENT_TIMESTAMP,CURRENT_TIMESTAMP,100000651,100000649,1,Cocktail Shakers & Tools,000000651
CURRENT_TIMESTAMP,CURRENT_TIMESTAMP,100004222,100000651,1,Bar Ice Picks,000004222
CURRENT_TIMESTAMP,CURRENT_TIMESTAMP,100003427,100000651,1,Bottle Openers,000003427
CURRENT_TIMESTAMP,CURRENT_TIMESTAMP,100006956,100000651,1,Cocktail Shakers,000006956
CURRENT_TIMESTAMP,CURRENT_TIMESTAMP,100505327,100000651,1,Cocktail Strainers,000505327
CURRENT_TIMESTAMP,CURRENT_TIMESTAMP,100503757,100000651,1,Muddlers,000503757
CURRENT_TIMESTAMP,CURRENT_TIMESTAMP,100002976,100000649,1,Corkscrews,000002976
CURRENT_TIMESTAMP,CURRENT_TIMESTAMP,100000650,100000649,1,Decanters,000000650
CURRENT_TIMESTAMP,CURRENT_TIMESTAMP,100007139,100000649,1,Foil Cutters,000007139
CURRENT_TIMESTAMP,CURRENT_TIMESTAMP,100004563,100000649,1,Wine Aerators,000004563
CURRENT_TIMESTAMP,CURRENT_TIMESTAMP,100008493,100000649,1,Wine Bottle Holders,000008493
CURRENT_TIMESTAMP,CURRENT_TIMESTAMP,100007008,100000649,1,Wine Glass Charms,000007008
CURRENT_TIMESTAMP,CURRENT_TIMESTAMP,100006070,100000638,1,Cookware & Bakeware,000006070
CURRENT_TIMESTAMP,CURRENT_TIMESTAMP,100000640,100006070,1,Bakeware,000000640
CURRENT_TIMESTAMP,CURRENT_TIMESTAMP,100004764,100000640,1,Bakeware Sets,000004764
CURRENT_TIMESTAMP,CURRENT_TIMESTAMP,100000641,100000640,1,Baking & Cookie Sheets,000000641
CURRENT_TIMESTAMP,CURRENT_TIMESTAMP,100000642,100000640,1,Bread Pans & Molds,000000642
CURRENT_TIMESTAMP,CURRENT_TIMESTAMP,100006756,100000640,1,Broiling Pans,000006756
CURRENT_TIMESTAMP,CURRENT_TIMESTAMP,100000643,100000640,1,Cake Pans & Molds,000000643
CURRENT_TIMESTAMP,CURRENT_TIMESTAMP,100000644,100000640,1,Muffin & Pastry Pans,000000644
CURRENT_TIMESTAMP,CURRENT_TIMESTAMP,100000645,100000640,1,Pie & Quiche Pans,000000645
CURRENT_TIMESTAMP,CURRENT_TIMESTAMP,100002843,100000640,1,Pizza Pans,000002843
CURRENT_TIMESTAMP,CURRENT_TIMESTAMP,100000646,100000640,1,Pizza Stones,000000646
CURRENT_TIMESTAMP,CURRENT_TIMESTAMP,100000647,100000640,1,Ramekins & Souffle Dishes,000000647
CURRENT_TIMESTAMP,CURRENT_TIMESTAMP,100000648,100000640,1,Roasting Pans,000000648
CURRENT_TIMESTAMP,CURRENT_TIMESTAMP,100004502,100006070,1,Bakeware Accessories,000004502
CURRENT_TIMESTAMP,CURRENT_TIMESTAMP,100004503,100004502,1,Baking Mats & Liners,000004503
CURRENT_TIMESTAMP,CURRENT_TIMESTAMP,100007131,100004502,1,Baking Weights,000007131
CURRENT_TIMESTAMP,CURRENT_TIMESTAMP,100004726,100004502,1,Roasting Pan Racks,000004726
CURRENT_TIMESTAMP,CURRENT_TIMESTAMP,100000654,100006070,1,Cookware,000000654
CURRENT_TIMESTAMP,CURRENT_TIMESTAMP,100006071,100006070,1,Cookware & Bakeware Combo Sets,000006071
CURRENT_TIMESTAMP,CURRENT_TIMESTAMP,100000655,100006070,1,Cookware,000000655
CURRENT_TIMESTAMP,CURRENT_TIMESTAMP,100004721,100006070,1,Cookware Sets,000004721
CURRENT_TIMESTAMP,CURRENT_TIMESTAMP,100006838,100006070,1,Crêpe & Blini Pans,000006838
CURRENT_TIMESTAMP,CURRENT_TIMESTAMP,100000656,100006070,1,Double Boilers,000000656
CURRENT_TIMESTAMP,CURRENT_TIMESTAMP,100000657,100006070,1,Dutch Ovens,000000657
CURRENT_TIMESTAMP,CURRENT_TIMESTAMP,100006518,100006070,1,Fermentation & Pickling Crocks,000006518
CURRENT_TIMESTAMP,CURRENT_TIMESTAMP,100000658,100006070,1,Griddles & Grill Pans,000000658
CURRENT_TIMESTAMP,CURRENT_TIMESTAMP,100005110,100006070,1,Grill Presses,000005110
CURRENT_TIMESTAMP,CURRENT_TIMESTAMP,100004459,100006070,1,Paella Pans,000004459
CURRENT_TIMESTAMP,CURRENT_TIMESTAMP,100000660,100006070,1,Pressure Cookers & Canners,000000660
CURRENT_TIMESTAMP,CURRENT_TIMESTAMP,100000661,100006070,1,Saucepans,000000661
CURRENT_TIMESTAMP,CURRENT_TIMESTAMP,100004423,100006070,1,Sauté Pans,000004423
CURRENT_TIMESTAMP,CURRENT_TIMESTAMP,100000662,100006070,1,Skillets & Frying Pans,000000662
CURRENT_TIMESTAMP,CURRENT_TIMESTAMP,100000663,100006070,1,Stock Pots,000000663
CURRENT_TIMESTAMP,CURRENT_TIMESTAMP,100000659,100006070,1,Stovetop Kettles,000000659
CURRENT_TIMESTAMP,CURRENT_TIMESTAMP,100005340,100006070,1,Tagines & Clay Cooking Pots,000005340
CURRENT_TIMESTAMP,CURRENT_TIMESTAMP,100000664,100006070,1,Woks,000000664
CURRENT_TIMESTAMP,CURRENT_TIMESTAMP,100004424,100006070,1,Cookware Accessories,000004424
CURRENT_TIMESTAMP,CURRENT_TIMESTAMP,100004661,100004424,1,Pot & Pan Handles,000004661
CURRENT_TIMESTAMP,CURRENT_TIMESTAMP,100004660,100004424,1,Pot & Pan Lids,000004660
CURRENT_TIMESTAMP,CURRENT_TIMESTAMP,100004501,100004424,1,Pressure Cooker & Canner Accessories,000004501
CURRENT_TIMESTAMP,CURRENT_TIMESTAMP,100004529,100004424,1,Steamer Baskets,000004529
CURRENT_TIMESTAMP,CURRENT_TIMESTAMP,100004427,100004424,1,Wok Accessories,000004427
CURRENT_TIMESTAMP,CURRENT_TIMESTAMP,100004663,100004427,1,Wok Brushes,000004663
CURRENT_TIMESTAMP,CURRENT_TIMESTAMP,100004662,100004427,1,Wok Rings,000004662
CURRENT_TIMESTAMP,CURRENT_TIMESTAMP,100002920,100000638,1,Food & Beverage Carriers,000002920
CURRENT_TIMESTAMP,CURRENT_TIMESTAMP,100004722,100002920,1,Airpots,000004722
CURRENT_TIMESTAMP,CURRENT_TIMESTAMP,100003435,100002920,1,Canteens,000003435
CURRENT_TIMESTAMP,CURRENT_TIMESTAMP,100001017,100002920,1,Coolers,000001017
CURRENT_TIMESTAMP,CURRENT_TIMESTAMP,100004520,100002920,1,Drink Sleeves,000004520
CURRENT_TIMESTAMP,CURRENT_TIMESTAMP,100004521,100004520,1,Can & Bottle Sleeves,000004521
CURRENT_TIMESTAMP,CURRENT_TIMESTAMP,100004522,100004520,1,Cup Sleeves,000004522
CURRENT_TIMESTAMP,CURRENT_TIMESTAMP,100001444,100002920,1,Flasks,000001444
CURRENT_TIMESTAMP,CURRENT_TIMESTAMP,100002507,100002920,1,Insulated Bags,000002507
CURRENT_TIMESTAMP,CURRENT_TIMESTAMP,100000669,100002920,1,Lunch Boxes & Totes,000000669
CURRENT_TIMESTAMP,CURRENT_TIMESTAMP,100000671,100002920,1,Picnic Baskets,000000671
CURRENT_TIMESTAMP,CURRENT_TIMESTAMP,100005060,100002920,1,Replacement Drink Lids,000005060
CURRENT_TIMESTAMP,CURRENT_TIMESTAMP,100003800,100002920,1,Thermoses,000003800
CURRENT_TIMESTAMP,CURRENT_TIMESTAMP,100003809,100002920,1,Water Bottles,000003809
CURRENT_TIMESTAMP,CURRENT_TIMESTAMP,100006449,100002920,1,Wine Carrier Bags,000006449
CURRENT_TIMESTAMP,CURRENT_TIMESTAMP,100002626,100000638,1,Food Storage,000002626
CURRENT_TIMESTAMP,CURRENT_TIMESTAMP,100003337,100002626,1,Bread Boxes & Bags,000003337
CURRENT_TIMESTAMP,CURRENT_TIMESTAMP,100006534,100002626,1,Candy Buckets,000006534
CURRENT_TIMESTAMP,CURRENT_TIMESTAMP,100002644,100002626,1,Cookie Jars,000002644
CURRENT_TIMESTAMP,CURRENT_TIMESTAMP,100006481,100002626,1,Food Container Covers,000006481
CURRENT_TIMESTAMP,CURRENT_TIMESTAMP,100003591,100002626,1,Food Storage Bags,000003591
CURRENT_TIMESTAMP,CURRENT_TIMESTAMP,100000667,100002626,1,Food Storage Containers,000000667
CURRENT_TIMESTAMP,CURRENT_TIMESTAMP,100003110,100002626,1,Food Wraps,000003110
CURRENT_TIMESTAMP,CURRENT_TIMESTAMP,100001496,100003110,1,Foil,000001496
CURRENT_TIMESTAMP,CURRENT_TIMESTAMP,100005642,100003110,1,Parchment Paper,000005642
CURRENT_TIMESTAMP,CURRENT_TIMESTAMP,100003750,100003110,1,Plastic Wrap,000003750
CURRENT_TIMESTAMP,CURRENT_TIMESTAMP,100003956,100003110,1,Wax Paper,000003956
CURRENT_TIMESTAMP,CURRENT_TIMESTAMP,100005134,100002626,1,Honey Jars,000005134
CURRENT_TIMESTAMP,CURRENT_TIMESTAMP,100006478,100000638,1,Food Storage Accessories,000006478
CURRENT_TIMESTAMP,CURRENT_TIMESTAMP,100499924,100006478,1,Food & Beverage Labels,000499924
CURRENT_TIMESTAMP,CURRENT_TIMESTAMP,100008039,100006478,1,Food Wrap Dispensers,000008039
CURRENT_TIMESTAMP,CURRENT_TIMESTAMP,100006479,100006478,1,Oxygen Absorbers,000006479
CURRENT_TIMESTAMP,CURRENT_TIMESTAMP,100005837,100006478,1,Twist Ties & Bag Clips,000005837
CURRENT_TIMESTAMP,CURRENT_TIMESTAMP,100002901,100000638,1,Kitchen Appliance Accessories,000002901
CURRENT_TIMESTAMP,CURRENT_TIMESTAMP,100003489,100002901,1,Breadmaker Accessories,000003489
CURRENT_TIMESTAMP,CURRENT_TIMESTAMP,100003988,100002901,1,Coffee Maker & Espresso Machine Accessories,000003988
CURRENT_TIMESTAMP,CURRENT_TIMESTAMP,100006888,100003988,1,Coffee Decanter Warmers,000006888
CURRENT_TIMESTAMP,CURRENT_TIMESTAMP,100003239,100003988,1,Coffee Decanters,000003239
CURRENT_TIMESTAMP,CURRENT_TIMESTAMP,100004500,100003988,1,Coffee Filter Baskets,000004500
CURRENT_TIMESTAMP,CURRENT_TIMESTAMP,100003450,100003988,1,Coffee Filters,000003450
CURRENT_TIMESTAMP,CURRENT_TIMESTAMP,100004786,100003988,1,Coffee Grinder Accessories,000004786
CURRENT_TIMESTAMP,CURRENT_TIMESTAMP,100000734,100003988,1,Coffee Grinders,000000734
CURRENT_TIMESTAMP,CURRENT_TIMESTAMP,100503736,100003988,1,Coffee Maker & Espresso Machine Replacement Parts,000503736
CURRENT_TIMESTAMP,CURRENT_TIMESTAMP,100005065,100003988,1,Coffee Maker Water Filters,000005065
CURRENT_TIMESTAMP,CURRENT_TIMESTAMP,100005066,100003988,1,Frothing Pitchers,000005066
CURRENT_TIMESTAMP,CURRENT_TIMESTAMP,100003838,100003988,1,Portafilters,000003838
CURRENT_TIMESTAMP,CURRENT_TIMESTAMP,100500004,100002901,1,Cooktop,000500004
CURRENT_TIMESTAMP,CURRENT_TIMESTAMP,100005076,100002901,1,Cotton Candy Machine Accessories,000005076
CURRENT_TIMESTAMP,CURRENT_TIMESTAMP,100003954,100002901,1,Deep Fryer Accessories,000003954
CURRENT_TIMESTAMP,CURRENT_TIMESTAMP,100003443,100002901,1,Dishwasher Parts & Accessories,000003443
CURRENT_TIMESTAMP,CURRENT_TIMESTAMP,100500066,100002901,1,Electric Kettle Accessories,000500066
CURRENT_TIMESTAMP,CURRENT_TIMESTAMP,100007355,100002901,1,Electric Skillet & Wok Accessories,000007355
CURRENT_TIMESTAMP,CURRENT_TIMESTAMP,100006944,100002901,1,Fondue Set Accessories,000006944
CURRENT_TIMESTAMP,CURRENT_TIMESTAMP,100503725,100006944,1,Cooking Gel Fuels,000503725
CURRENT_TIMESTAMP,CURRENT_TIMESTAMP,100006945,100006944,1,Fondue Forks,000006945
CURRENT_TIMESTAMP,CURRENT_TIMESTAMP,100006946,100006944,1,Fondue Pot Stands,000006946
CURRENT_TIMESTAMP,CURRENT_TIMESTAMP,100004653,100002901,1,Food Dehydrator Accessories,000004653
CURRENT_TIMESTAMP,CURRENT_TIMESTAMP,100004655,100004653,1,Food Dehydrator Sheets,000004655
CURRENT_TIMESTAMP,CURRENT_TIMESTAMP,100004654,100004653,1,Food Dehydrator Trays,000004654
CURRENT_TIMESTAMP,CURRENT_TIMESTAMP,100004763,100002901,1,Food Grinder Accessories,000004763
CURRENT_TIMESTAMP,CURRENT_TIMESTAMP,100505765,100002901,1,Food Mixer & Blender Accessories,000505765
CURRENT_TIMESTAMP,CURRENT_TIMESTAMP,100007570,100002901,1,Freezer Accessories,000007570
CURRENT_TIMESTAMP,CURRENT_TIMESTAMP,100006747,100002901,1,Garbage Disposal Accessories,000006747
CURRENT_TIMESTAMP,CURRENT_TIMESTAMP,100004674,100002901,1,Ice Cream Maker Accessories,000004674
CURRENT_TIMESTAMP,CURRENT_TIMESTAMP,100004675,100004674,1,Ice Cream Maker Freezer Bowls,000004675
CURRENT_TIMESTAMP,CURRENT_TIMESTAMP,100005042,100002901,1,Ice Crusher & Shaver Accessories,000005042
CURRENT_TIMESTAMP,CURRENT_TIMESTAMP,100007187,100002901,1,Ice Maker Accessories,000007187
CURRENT_TIMESTAMP,CURRENT_TIMESTAMP,100004519,100002901,1,Juicer Accessories,000004519
CURRENT_TIMESTAMP,CURRENT_TIMESTAMP,100001334,100002901,1,Microwave Oven Accessories,000001334
CURRENT_TIMESTAMP,CURRENT_TIMESTAMP,100003684,100002901,1,Outdoor Grill Accessories,000003684
CURRENT_TIMESTAMP,CURRENT_TIMESTAMP,100005694,100003684,1,Charcoal Briquettes,000005694
CURRENT_TIMESTAMP,CURRENT_TIMESTAMP,100007540,100003684,1,Charcoal Chimneys,000007540
CURRENT_TIMESTAMP,CURRENT_TIMESTAMP,100005670,100003684,1,Outdoor Grill Carts,000005670
CURRENT_TIMESTAMP,CURRENT_TIMESTAMP,100003855,100003684,1,Outdoor Grill Covers,000003855
CURRENT_TIMESTAMP,CURRENT_TIMESTAMP,100003382,100003684,1,Outdoor Grill Racks & Toppers,000003382
CURRENT_TIMESTAMP,CURRENT_TIMESTAMP,100505667,100003684,1,Outdoor Grill Replacement Parts,000505667
CURRENT_TIMESTAMP,CURRENT_TIMESTAMP,100004560,100003684,1,Outdoor Grill Spits & Baskets,000004560
CURRENT_TIMESTAMP,CURRENT_TIMESTAMP,100005672,100003684,1,Outdoor Grilling Planks,000005672
CURRENT_TIMESTAMP,CURRENT_TIMESTAMP,100005671,100003684,1,Smoking Chips & Pellets,000005671
CURRENT_TIMESTAMP,CURRENT_TIMESTAMP,100002540,100002901,1,Pasta Maker Accessories,000002540
CURRENT_TIMESTAMP,CURRENT_TIMESTAMP,100005075,100002901,1,Popcorn Maker Accessories,000005075
CURRENT_TIMESTAMP,CURRENT_TIMESTAMP,100007006,100002901,1,Portable Cooking Stove Accessories,000007006
CURRENT_TIMESTAMP,CURRENT_TIMESTAMP,100008087,100002901,1,Range Hood Accessories,000008087
CURRENT_TIMESTAMP,CURRENT_TIMESTAMP,100003848,100002901,1,Refrigerator Accessories,000003848
CURRENT_TIMESTAMP,CURRENT_TIMESTAMP,100502989,100002901,1,Soda Maker Accessories,000502989
CURRENT_TIMESTAMP,CURRENT_TIMESTAMP,100008051,100002901,1,Steam Table Accessories,000008051
CURRENT_TIMESTAMP,CURRENT_TIMESTAMP,100008052,100008051,1,Steam Table Pan Covers,000008052
CURRENT_TIMESTAMP,CURRENT_TIMESTAMP,100008053,100008051,1,Steam Table Pans,000008053
CURRENT_TIMESTAMP,CURRENT_TIMESTAMP,100007444,100002901,1,Toaster Accessories,000007444
CURRENT_TIMESTAMP,CURRENT_TIMESTAMP,100003523,100002901,1,Vacuum Sealer Accessories,000003523
CURRENT_TIMESTAMP,CURRENT_TIMESTAMP,100003124,100003523,1,Vacuum Sealer Bags,000003124
CURRENT_TIMESTAMP,CURRENT_TIMESTAMP,100499996,100002901,1,Waffle Iron Accessories,000499996
CURRENT_TIMESTAMP,CURRENT_TIMESTAMP,100007118,100002901,1,Water Cooler Accessories,000007118
CURRENT_TIMESTAMP,CURRENT_TIMESTAMP,100007119,100007118,1,Water Cooler Bottles,000007119
CURRENT_TIMESTAMP,CURRENT_TIMESTAMP,100008106,100002901,1,Wine Fridge Accessories,000008106
CURRENT_TIMESTAMP,CURRENT_TIMESTAMP,100005570,100002901,1,Yogurt Maker Accessories,000005570
CURRENT_TIMESTAMP,CURRENT_TIMESTAMP,100000730,100000638,1,Kitchen Appliances,000000730
CURRENT_TIMESTAMP,CURRENT_TIMESTAMP,100005287,100000730,1,Beverage Warmers,000005287
CURRENT_TIMESTAMP,CURRENT_TIMESTAMP,100000732,100000730,1,Breadmakers,000000732
CURRENT_TIMESTAMP,CURRENT_TIMESTAMP,100005090,100000730,1,Chocolate Tempering Machines,000005090
CURRENT_TIMESTAMP,CURRENT_TIMESTAMP,100000736,100000730,1,Coffee Makers & Espresso Machines,000000736
CURRENT_TIMESTAMP,CURRENT_TIMESTAMP,100001388,100000736,1,Drip Coffee Makers,000001388
CURRENT_TIMESTAMP,CURRENT_TIMESTAMP,100001647,100000736,1,Electric & Stovetop Espresso Pots,000001647
CURRENT_TIMESTAMP,CURRENT_TIMESTAMP,100002422,100000736,1,Espresso Machines,000002422
CURRENT_TIMESTAMP,CURRENT_TIMESTAMP,100001557,100000736,1,French Presses,000001557
CURRENT_TIMESTAMP,CURRENT_TIMESTAMP,100002247,100000736,1,Percolators,000002247
CURRENT_TIMESTAMP,CURRENT_TIMESTAMP,100005286,100000736,1,Vacuum Coffee Makers,000005286
CURRENT_TIMESTAMP,CURRENT_TIMESTAMP,100000679,100000730,1,Cooktops,000000679
CURRENT_TIMESTAMP,CURRENT_TIMESTAMP,100003319,100000730,1,Cotton Candy Machines,000003319
CURRENT_TIMESTAMP,CURRENT_TIMESTAMP,100000738,100000730,1,Deep Fryers,000000738
CURRENT_TIMESTAMP,CURRENT_TIMESTAMP,100003181,100000730,1,Deli Slicers,000003181
CURRENT_TIMESTAMP,CURRENT_TIMESTAMP,100000680,100000730,1,Dishwashers,000000680
CURRENT_TIMESTAMP,CURRENT_TIMESTAMP,100007165,100000730,1,Electric Griddles & Grills,000007165
CURRENT_TIMESTAMP,CURRENT_TIMESTAMP,100000751,100000730,1,Electric Kettles,000000751
CURRENT_TIMESTAMP,CURRENT_TIMESTAMP,100004421,100000730,1,Electric Skillets & Woks,000004421
CURRENT_TIMESTAMP,CURRENT_TIMESTAMP,100004720,100000730,1,Fondue Pots & Sets,000004720
CURRENT_TIMESTAMP,CURRENT_TIMESTAMP,100004532,100000730,1,Food Cookers & Steamers,000004532
CURRENT_TIMESTAMP,CURRENT_TIMESTAMP,100000739,100004532,1,Egg Cookers,000000739
CURRENT_TIMESTAMP,CURRENT_TIMESTAMP,100000760,100004532,1,Food Steamers,000000760
CURRENT_TIMESTAMP,CURRENT_TIMESTAMP,100000757,100004532,1,Rice Cookers,000000757
CURRENT_TIMESTAMP,CURRENT_TIMESTAMP,100000737,100004532,1,Slow Cookers,000000737
CURRENT_TIMESTAMP,CURRENT_TIMESTAMP,100006523,100004532,1,Thermal Cookers,000006523
CURRENT_TIMESTAMP,CURRENT_TIMESTAMP,100006279,100004532,1,Water Ovens,000006279
CURRENT_TIMESTAMP,CURRENT_TIMESTAMP,100000743,100000730,1,Food Dehydrators,000000743
CURRENT_TIMESTAMP,CURRENT_TIMESTAMP,100000744,100000730,1,Food Grinders & Mills,000000744
CURRENT_TIMESTAMP,CURRENT_TIMESTAMP,100505666,100000730,1,Food Mixers & Blenders,000505666
CURRENT_TIMESTAMP,CURRENT_TIMESTAMP,100000687,100000730,1,Food Smokers,000000687
CURRENT_TIMESTAMP,CURRENT_TIMESTAMP,100005103,100000730,1,Food Warmers,000005103
CURRENT_TIMESTAMP,CURRENT_TIMESTAMP,100006548,100005103,1,Chafing Dishes,000006548
CURRENT_TIMESTAMP,CURRENT_TIMESTAMP,100005349,100005103,1,Food Heat Lamps,000005349
CURRENT_TIMESTAMP,CURRENT_TIMESTAMP,100504633,100005103,1,Rice Keepers,000504633
CURRENT_TIMESTAMP,CURRENT_TIMESTAMP,100004292,100005103,1,Steam Tables,000004292
CURRENT_TIMESTAMP,CURRENT_TIMESTAMP,100000681,100000730,1,Freezers,000000681
CURRENT_TIMESTAMP,CURRENT_TIMESTAMP,100005156,100000730,1,Frozen Drink Makers,000005156
CURRENT_TIMESTAMP,CURRENT_TIMESTAMP,100000610,100000730,1,Garbage Disposals,000000610
CURRENT_TIMESTAMP,CURRENT_TIMESTAMP,100006524,100000730,1,Gas Griddles,000006524
CURRENT_TIMESTAMP,CURRENT_TIMESTAMP,100006543,100000730,1,Hot Drink Makers,000006543
CURRENT_TIMESTAMP,CURRENT_TIMESTAMP,100000747,100000730,1,Hot Plates,000000747
CURRENT_TIMESTAMP,CURRENT_TIMESTAMP,100000748,100000730,1,Ice Cream Makers,000000748
CURRENT_TIMESTAMP,CURRENT_TIMESTAMP,100000749,100000730,1,Ice Crushers & Shavers,000000749
CURRENT_TIMESTAMP,CURRENT_TIMESTAMP,100004161,100000730,1,Ice Makers,000004161
CURRENT_TIMESTAMP,CURRENT_TIMESTAMP,100000750,100000730,1,Juicers,000000750
CURRENT_TIMESTAMP,CURRENT_TIMESTAMP,100000752,100000730,1,Knife Sharpeners,000000752
CURRENT_TIMESTAMP,CURRENT_TIMESTAMP,100000753,100000730,1,Microwave Ovens,000000753
CURRENT_TIMESTAMP,CURRENT_TIMESTAMP,100003526,100000730,1,Milk Frothers & Steamers,000003526
CURRENT_TIMESTAMP,CURRENT_TIMESTAMP,100004482,100000730,1,Mochi Makers,000004482
CURRENT_TIMESTAMP,CURRENT_TIMESTAMP,100002985,100000730,1,Outdoor Grills,000002985
CURRENT_TIMESTAMP,CURRENT_TIMESTAMP,100000683,100000730,1,Ovens,000000683
CURRENT_TIMESTAMP,CURRENT_TIMESTAMP,100000755,100000730,1,Pasta Makers,000000755
CURRENT_TIMESTAMP,CURRENT_TIMESTAMP,100000756,100000730,1,Popcorn Makers,000000756
CURRENT_TIMESTAMP,CURRENT_TIMESTAMP,100001015,100000730,1,Portable Cooking Stoves,000001015
CURRENT_TIMESTAMP,CURRENT_TIMESTAMP,100000684,100000730,1,Range Hoods,000000684
CURRENT_TIMESTAMP,CURRENT_TIMESTAMP,100000685,100000730,1,Ranges,000000685
CURRENT_TIMESTAMP,CURRENT_TIMESTAMP,100000686,100000730,1,Refrigerators,000000686
CURRENT_TIMESTAMP,CURRENT_TIMESTAMP,100004495,100000730,1,Roaster Ovens & Rotisseries,000004495
CURRENT_TIMESTAMP,CURRENT_TIMESTAMP,100005577,100000730,1,Soda Makers,000005577
CURRENT_TIMESTAMP,CURRENT_TIMESTAMP,100005057,100000730,1,Soy Milk Makers,000005057
CURRENT_TIMESTAMP,CURRENT_TIMESTAMP,100004528,100000730,1,Tea Makers,000004528
CURRENT_TIMESTAMP,CURRENT_TIMESTAMP,100005289,100000730,1,Toasters & Grills,000005289
CURRENT_TIMESTAMP,CURRENT_TIMESTAMP,100000761,100005289,1,Countertop & Toaster Ovens,000000761
CURRENT_TIMESTAMP,CURRENT_TIMESTAMP,100006819,100005289,1,Donut Makers,000006819
CURRENT_TIMESTAMP,CURRENT_TIMESTAMP,100005318,100005289,1,Muffin & Cupcake Makers,000005318
CURRENT_TIMESTAMP,CURRENT_TIMESTAMP,100006278,100005289,1,Pizza Makers & Ovens,000006278
CURRENT_TIMESTAMP,CURRENT_TIMESTAMP,100005291,100005289,1,Pizzelle Makers,000005291
CURRENT_TIMESTAMP,CURRENT_TIMESTAMP,100006516,100005289,1,Pretzel Makers,000006516
CURRENT_TIMESTAMP,CURRENT_TIMESTAMP,100000759,100005289,1,Sandwich Makers,000000759
CURRENT_TIMESTAMP,CURRENT_TIMESTAMP,100000762,100005289,1,Toasters,000000762
CURRENT_TIMESTAMP,CURRENT_TIMESTAMP,100005292,100005289,1,Tortilla & Flatbread Makers,000005292
CURRENT_TIMESTAMP,CURRENT_TIMESTAMP,100000764,100005289,1,Waffle Irons,000000764
CURRENT_TIMESTAMP,CURRENT_TIMESTAMP,100000688,100000730,1,Trash Compactors,000000688
CURRENT_TIMESTAMP,CURRENT_TIMESTAMP,100000763,100000730,1,Vacuum Sealers,000000763
CURRENT_TIMESTAMP,CURRENT_TIMESTAMP,100003293,100000730,1,Water Coolers,000003293
CURRENT_TIMESTAMP,CURRENT_TIMESTAMP,100000765,100000730,1,Water Filters,000000765
CURRENT_TIMESTAMP,CURRENT_TIMESTAMP,100004539,100000730,1,Wine Fridges,000004539
CURRENT_TIMESTAMP,CURRENT_TIMESTAMP,100000766,100000730,1,Yogurt Makers,000000766
CURRENT_TIMESTAMP,CURRENT_TIMESTAMP,100000668,100000638,1,Kitchen Tools & Utensils,000000668
CURRENT_TIMESTAMP,CURRENT_TIMESTAMP,100000639,100000668,1,Aprons,000000639
CURRENT_TIMESTAMP,CURRENT_TIMESTAMP,100003768,100000668,1,Baking Peels,000003768
CURRENT_TIMESTAMP,CURRENT_TIMESTAMP,100003347,100000668,1,Basters,000003347
CURRENT_TIMESTAMP,CURRENT_TIMESTAMP,100003430,100000668,1,Basting Brushes,000003430
CURRENT_TIMESTAMP,CURRENT_TIMESTAMP,100007149,100000668,1,Beverage Dispensers,000007149
CURRENT_TIMESTAMP,CURRENT_TIMESTAMP,100004630,100000668,1,Cake Decorating Supplies,000004630
CURRENT_TIMESTAMP,CURRENT_TIMESTAMP,100006408,100000668,1,Cake Servers,000006408
CURRENT_TIMESTAMP,CURRENT_TIMESTAMP,100004247,100000668,1,Can Crushers,000004247
CURRENT_TIMESTAMP,CURRENT_TIMESTAMP,100000733,100000668,1,Can Openers,000000733
CURRENT_TIMESTAMP,CURRENT_TIMESTAMP,100005078,100000668,1,Carving Forks,000005078
CURRENT_TIMESTAMP,CURRENT_TIMESTAMP,100006522,100000668,1,Channel Knives,000006522
CURRENT_TIMESTAMP,CURRENT_TIMESTAMP,100000653,100000668,1,Colanders & Strainers,000000653
CURRENT_TIMESTAMP,CURRENT_TIMESTAMP,100004777,100000668,1,Condiment Dispensers,000004777
CURRENT_TIMESTAMP,CURRENT_TIMESTAMP,100003850,100000668,1,Cookie Cutters,000003850
CURRENT_TIMESTAMP,CURRENT_TIMESTAMP,100006342,100000668,1,Cookie Presses,000006342
CURRENT_TIMESTAMP,CURRENT_TIMESTAMP,100007331,100000668,1,Cooking Thermometer Accessories,000007331
CURRENT_TIMESTAMP,CURRENT_TIMESTAMP,100003091,100000668,1,Cooking Thermometers,000003091
CURRENT_TIMESTAMP,CURRENT_TIMESTAMP,100003713,100000668,1,Cooking Timers,000003713
CURRENT_TIMESTAMP,CURRENT_TIMESTAMP,100005928,100000668,1,Cooking Torches,000005928
CURRENT_TIMESTAMP,CURRENT_TIMESTAMP,100003835,100000668,1,Cooling Racks,000003835
CURRENT_TIMESTAMP,CURRENT_TIMESTAMP,100000666,100000668,1,Cutting Boards,000000666
CURRENT_TIMESTAMP,CURRENT_TIMESTAMP,100003268,100000668,1,Dish Racks & Drain Boards,000003268
CURRENT_TIMESTAMP,CURRENT_TIMESTAMP,100006723,100000668,1,Dough Wheels,000006723
CURRENT_TIMESTAMP,CURRENT_TIMESTAMP,100006411,100000668,1,Electric Knife Accessories,000006411
CURRENT_TIMESTAMP,CURRENT_TIMESTAMP,100006412,100006411,1,Electric Knife Replacement Blades,000006412
CURRENT_TIMESTAMP,CURRENT_TIMESTAMP,100000741,100000668,1,Electric Knives,000000741
CURRENT_TIMESTAMP,CURRENT_TIMESTAMP,100005370,100000668,1,Flour Sifters,000005370
CURRENT_TIMESTAMP,CURRENT_TIMESTAMP,100505316,100000668,1,Food & Drink Stencils,000505316
CURRENT_TIMESTAMP,CURRENT_TIMESTAMP,100003381,100000668,1,Food Crackers,000003381
CURRENT_TIMESTAMP,CURRENT_TIMESTAMP,100003586,100003381,1,Lobster & Crab Crackers,000003586
CURRENT_TIMESTAMP,CURRENT_TIMESTAMP,100003685,100003381,1,Nutcrackers,000003685
CURRENT_TIMESTAMP,CURRENT_TIMESTAMP,100004214,100003685,1,Decorative Nutcrackers,000004214
CURRENT_TIMESTAMP,CURRENT_TIMESTAMP,100003723,100000668,1,Food Dispensers,000003723
CURRENT_TIMESTAMP,CURRENT_TIMESTAMP,100003156,100000668,1,Food Graters & Zesters,000003156
CURRENT_TIMESTAMP,CURRENT_TIMESTAMP,100003521,100000668,1,Food Peelers & Corers,000003521
CURRENT_TIMESTAMP,CURRENT_TIMESTAMP,100007329,100000668,1,Food Steaming Bags,000007329
CURRENT_TIMESTAMP,CURRENT_TIMESTAMP,100006554,100000668,1,Food Sticks & Skewers,000006554
CURRENT_TIMESTAMP,CURRENT_TIMESTAMP,100503005,100000668,1,Funnels,000503005
CURRENT_TIMESTAMP,CURRENT_TIMESTAMP,100003385,100000668,1,Garlic Presses,000003385
CURRENT_TIMESTAMP,CURRENT_TIMESTAMP,100006787,100000668,1,Gelatin Molds,000006787
CURRENT_TIMESTAMP,CURRENT_TIMESTAMP,100004746,100000668,1,Ice Cube Trays,000004746
CURRENT_TIMESTAMP,CURRENT_TIMESTAMP,100007485,100000668,1,Jerky Guns,000007485
CURRENT_TIMESTAMP,CURRENT_TIMESTAMP,100000665,100000668,1,Kitchen Knives,000000665
CURRENT_TIMESTAMP,CURRENT_TIMESTAMP,100008006,100000668,1,Kitchen Molds,000008006
CURRENT_TIMESTAMP,CURRENT_TIMESTAMP,100002948,100000668,1,Kitchen Organizers,000002948
CURRENT_TIMESTAMP,CURRENT_TIMESTAMP,100006480,100002948,1,Can Organizers,000006480
CURRENT_TIMESTAMP,CURRENT_TIMESTAMP,100003479,100002948,1,Drinkware Holders,000003479
CURRENT_TIMESTAMP,CURRENT_TIMESTAMP,100006487,100002948,1,Kitchen Cabinet Organizers,000006487
CURRENT_TIMESTAMP,CURRENT_TIMESTAMP,100003177,100002948,1,Kitchen Counter & Beverage Station Organizers,000003177
CURRENT_TIMESTAMP,CURRENT_TIMESTAMP,100008012,100002948,1,Kitchen Utensil Holders & Racks,000008012
CURRENT_TIMESTAMP,CURRENT_TIMESTAMP,100005157,100002948,1,Knife Blocks & Holders,000005157
CURRENT_TIMESTAMP,CURRENT_TIMESTAMP,100003072,100002948,1,Napkin Holders & Dispensers,000003072
CURRENT_TIMESTAMP,CURRENT_TIMESTAMP,100003061,100002948,1,Paper Towel Holders & Dispensers,000003061
CURRENT_TIMESTAMP,CURRENT_TIMESTAMP,100003845,100002948,1,Pot Racks,000003845
CURRENT_TIMESTAMP,CURRENT_TIMESTAMP,100002344,100002948,1,Spice Organizers,000002344
CURRENT_TIMESTAMP,CURRENT_TIMESTAMP,100005059,100002948,1,Straw Holders & Dispensers,000005059
CURRENT_TIMESTAMP,CURRENT_TIMESTAMP,100006415,100002948,1,Sugar Caddies,000006415
CURRENT_TIMESTAMP,CURRENT_TIMESTAMP,100004322,100002948,1,Toothpick Holders & Dispensers,000004322
CURRENT_TIMESTAMP,CURRENT_TIMESTAMP,100003831,100002948,1,Utensil & Flatware Trays,000003831
CURRENT_TIMESTAMP,CURRENT_TIMESTAMP,100003256,100000668,1,Kitchen Scrapers,000003256
CURRENT_TIMESTAMP,CURRENT_TIMESTAMP,100003419,100003256,1,Bench Scrapers,000003419
CURRENT_TIMESTAMP,CURRENT_TIMESTAMP,100003086,100003256,1,Bowl Scrapers,000003086
CURRENT_TIMESTAMP,CURRENT_TIMESTAMP,100003633,100003256,1,Grill Scrapers,000003633
CURRENT_TIMESTAMP,CURRENT_TIMESTAMP,100005251,100000668,1,Kitchen Shears,000005251
CURRENT_TIMESTAMP,CURRENT_TIMESTAMP,100003206,100000668,1,Kitchen Slicers,000003206
CURRENT_TIMESTAMP,CURRENT_TIMESTAMP,100004765,100000668,1,Kitchen Utensil Sets,000004765
CURRENT_TIMESTAMP,CURRENT_TIMESTAMP,100003620,100000668,1,Ladles,000003620
CURRENT_TIMESTAMP,CURRENT_TIMESTAMP,100003294,100000668,1,Mashers,000003294
CURRENT_TIMESTAMP,CURRENT_TIMESTAMP,100003475,100000668,1,Measuring Cups & Spoons,000003475
CURRENT_TIMESTAMP,CURRENT_TIMESTAMP,100003248,100000668,1,Meat Tenderizers,000003248
CURRENT_TIMESTAMP,CURRENT_TIMESTAMP,100004530,100000668,1,Mixing Bowls,000004530
CURRENT_TIMESTAMP,CURRENT_TIMESTAMP,100003999,100000668,1,Mortars & Pestles,000003999
CURRENT_TIMESTAMP,CURRENT_TIMESTAMP,100006526,100000668,1,Oil & Vinegar Dispensers,000006526
CURRENT_TIMESTAMP,CURRENT_TIMESTAMP,100004771,100000668,1,Oven Bags,000004771
CURRENT_TIMESTAMP,CURRENT_TIMESTAMP,100000670,100000668,1,Oven Mitts & Pot Holders,000000670
CURRENT_TIMESTAMP,CURRENT_TIMESTAMP,100006749,100000668,1,Pasta Molds & Stamps,000006749
CURRENT_TIMESTAMP,CURRENT_TIMESTAMP,100004332,100000668,1,Pastry Blenders,000004332
CURRENT_TIMESTAMP,CURRENT_TIMESTAMP,100004708,100000668,1,Pastry Cloths,000004708
CURRENT_TIMESTAMP,CURRENT_TIMESTAMP,100007365,100000668,1,Pizza Cutter Accessories,000007365
CURRENT_TIMESTAMP,CURRENT_TIMESTAMP,100003421,100000668,1,Pizza Cutters,000003421
CURRENT_TIMESTAMP,CURRENT_TIMESTAMP,100005109,100000668,1,Ricers,000005109
CURRENT_TIMESTAMP,CURRENT_TIMESTAMP,100004705,100000668,1,Rolling Pin Accessories,000004705
CURRENT_TIMESTAMP,CURRENT_TIMESTAMP,100004706,100004705,1,Rolling Pin Covers & Sleeves,000004706
CURRENT_TIMESTAMP,CURRENT_TIMESTAMP,100004707,100004705,1,Rolling Pin Rings,000004707
CURRENT_TIMESTAMP,CURRENT_TIMESTAMP,100003467,100000668,1,Rolling Pins,000003467
CURRENT_TIMESTAMP,CURRENT_TIMESTAMP,100006497,100000668,1,Salad Dressing Mixers & Shakers,000006497
CURRENT_TIMESTAMP,CURRENT_TIMESTAMP,100003914,100000668,1,Salad Spinners,000003914
CURRENT_TIMESTAMP,CURRENT_TIMESTAMP,100003175,100000668,1,Scoops,000003175
CURRENT_TIMESTAMP,CURRENT_TIMESTAMP,100003202,100003175,1,Ice Cream Scoops,000003202
CURRENT_TIMESTAMP,CURRENT_TIMESTAMP,100003708,100003175,1,Ice Scoops,000003708
CURRENT_TIMESTAMP,CURRENT_TIMESTAMP,100003258,100003175,1,Melon Ballers,000003258
CURRENT_TIMESTAMP,CURRENT_TIMESTAMP,100502966,100003175,1,Popcorn & French Fry Scoops,000502966
CURRENT_TIMESTAMP,CURRENT_TIMESTAMP,100006746,100000668,1,Sink Caddies,000006746
CURRENT_TIMESTAMP,CURRENT_TIMESTAMP,100005080,100000668,1,Sink Mats & Grids,000005080
CURRENT_TIMESTAMP,CURRENT_TIMESTAMP,100006388,100000668,1,Slotted Spoons,000006388
CURRENT_TIMESTAMP,CURRENT_TIMESTAMP,100003196,100000668,1,Spatulas,000003196
CURRENT_TIMESTAMP,CURRENT_TIMESTAMP,100004788,100000668,1,Spice Grinder Accessories,000004788
CURRENT_TIMESTAMP,CURRENT_TIMESTAMP,100004762,100000668,1,Spice Grinders,000004762
CURRENT_TIMESTAMP,CURRENT_TIMESTAMP,100004334,100000668,1,Spoon Rests,000004334
CURRENT_TIMESTAMP,CURRENT_TIMESTAMP,100006974,100000668,1,Sugar Dispensers,000006974
CURRENT_TIMESTAMP,CURRENT_TIMESTAMP,100007247,100000668,1,Sushi Mats,000007247
CURRENT_TIMESTAMP,CURRENT_TIMESTAMP,100004559,100000668,1,Tea Strainers,000004559
CURRENT_TIMESTAMP,CURRENT_TIMESTAMP,100004005,100000668,1,Tongs,000004005
CURRENT_TIMESTAMP,CURRENT_TIMESTAMP,100003597,100000668,1,Whisks,000003597
CURRENT_TIMESTAMP,CURRENT_TIMESTAMP,100008161,100000638,1,Prefabricated Kitchens & Kitchenettes,000008161
CURRENT_TIMESTAMP,CURRENT_TIMESTAMP,100000672,100000638,1,Tableware,000000672
CURRENT_TIMESTAMP,CURRENT_TIMESTAMP,100006740,100000672,1,Coffee & Tea Sets,000006740
CURRENT_TIMESTAMP,CURRENT_TIMESTAMP,100000652,100000672,1,Coffee Servers & Tea Pots,000000652
CURRENT_TIMESTAMP,CURRENT_TIMESTAMP,100000673,100000672,1,Dinnerware,000000673
CURRENT_TIMESTAMP,CURRENT_TIMESTAMP,100003498,100000673,1,Bowls,000003498
CURRENT_TIMESTAMP,CURRENT_TIMESTAMP,100005537,100000673,1,Dinnerware Sets,000005537
CURRENT_TIMESTAMP,CURRENT_TIMESTAMP,100003553,100000673,1,Plates,000003553
CURRENT_TIMESTAMP,CURRENT_TIMESTAMP,100000674,100000672,1,Drinkware,000000674
CURRENT_TIMESTAMP,CURRENT_TIMESTAMP,100007568,100000674,1,Beer Glasses,000007568
CURRENT_TIMESTAMP,CURRENT_TIMESTAMP,100006049,100000674,1,Coffee & Tea Cups,000006049
CURRENT_TIMESTAMP,CURRENT_TIMESTAMP,100006051,100000674,1,Coffee & Tea Saucers,000006051
CURRENT_TIMESTAMP,CURRENT_TIMESTAMP,100006958,100000674,1,Drinkware Sets,000006958
CURRENT_TIMESTAMP,CURRENT_TIMESTAMP,100002169,100000674,1,Mugs,000002169
CURRENT_TIMESTAMP,CURRENT_TIMESTAMP,100002694,100000674,1,Shot Glasses,000002694
CURRENT_TIMESTAMP,CURRENT_TIMESTAMP,100002712,100000674,1,Stemware,000002712
CURRENT_TIMESTAMP,CURRENT_TIMESTAMP,100002951,100000674,1,Tumblers,000002951
CURRENT_TIMESTAMP,CURRENT_TIMESTAMP,100000675,100000672,1,Flatware,000000675
CURRENT_TIMESTAMP,CURRENT_TIMESTAMP,100006439,100000675,1,Chopstick Accessories,000006439
CURRENT_TIMESTAMP,CURRENT_TIMESTAMP,100003699,100000675,1,Chopsticks,000003699
CURRENT_TIMESTAMP,CURRENT_TIMESTAMP,100005647,100000675,1,Flatware Sets,000005647
CURRENT_TIMESTAMP,CURRENT_TIMESTAMP,100004015,100000675,1,Forks,000004015
CURRENT_TIMESTAMP,CURRENT_TIMESTAMP,100003939,100000675,1,Spoons,000003939
CURRENT_TIMESTAMP,CURRENT_TIMESTAMP,100003844,100000675,1,Table Knives,000003844
CURRENT_TIMESTAMP,CURRENT_TIMESTAMP,100000676,100000672,1,Salt & Pepper Shakers,000000676
CURRENT_TIMESTAMP,CURRENT_TIMESTAMP,100004026,100000672,1,Serveware,000004026
CURRENT_TIMESTAMP,CURRENT_TIMESTAMP,100006086,100004026,1,Butter Dishes,000006086
CURRENT_TIMESTAMP,CURRENT_TIMESTAMP,100005135,100004026,1,Cake Boards,000005135
CURRENT_TIMESTAMP,CURRENT_TIMESTAMP,100004372,100004026,1,Cake Stands,000004372
CURRENT_TIMESTAMP,CURRENT_TIMESTAMP,100007550,100004026,1,Egg Cups,000007550
CURRENT_TIMESTAMP,CURRENT_TIMESTAMP,100003703,100004026,1,Gravy Boats,000003703
CURRENT_TIMESTAMP,CURRENT_TIMESTAMP,100004735,100004026,1,Punch Bowls,000004735
CURRENT_TIMESTAMP,CURRENT_TIMESTAMP,100003330,100004026,1,Serving Pitchers & Carafes,000003330
CURRENT_TIMESTAMP,CURRENT_TIMESTAMP,100003802,100004026,1,Serving Platters,000003802
CURRENT_TIMESTAMP,CURRENT_TIMESTAMP,100004009,100004026,1,Serving Trays,000004009
CURRENT_TIMESTAMP,CURRENT_TIMESTAMP,100003373,100004026,1,Sugar Bowls & Creamers,000003373
CURRENT_TIMESTAMP,CURRENT_TIMESTAMP,100003941,100004026,1,Tureens,000003941
CURRENT_TIMESTAMP,CURRENT_TIMESTAMP,100006425,100000672,1,Serveware Accessories,000006425
CURRENT_TIMESTAMP,CURRENT_TIMESTAMP,100006434,100006425,1,Punch Bowl Stands,000006434
CURRENT_TIMESTAMP,CURRENT_TIMESTAMP,100006427,100006425,1,Tureen Lids,000006427
CURRENT_TIMESTAMP,CURRENT_TIMESTAMP,100006426,100006425,1,Tureen Stands,000006426
CURRENT_TIMESTAMP,CURRENT_TIMESTAMP,100008046,100000672,1,Tablecloth Clips & Weights,000008046
CURRENT_TIMESTAMP,CURRENT_TIMESTAMP,100000677,100000672,1,Trivets,000000677
CURRENT_TIMESTAMP,CURRENT_TIMESTAMP,100000689,100000536,1,Lawn & Garden,000000689
CURRENT_TIMESTAMP,CURRENT_TIMESTAMP,100002962,100000689,1,Gardening,000002962
CURRENT_TIMESTAMP,CURRENT_TIMESTAMP,100004085,100002962,1,Composting,000004085
CURRENT_TIMESTAMP,CURRENT_TIMESTAMP,100000690,100004085,1,Compost,000000690
CURRENT_TIMESTAMP,CURRENT_TIMESTAMP,100006840,100004085,1,Compost Aerators,000006840
CURRENT_TIMESTAMP,CURRENT_TIMESTAMP,100006436,100004085,1,Composters,000006436
CURRENT_TIMESTAMP,CURRENT_TIMESTAMP,100000691,100002962,1,Disease Control,000000691
CURRENT_TIMESTAMP,CURRENT_TIMESTAMP,100000113,100002962,1,Fertilizers,000000113
CURRENT_TIMESTAMP,CURRENT_TIMESTAMP,100500033,100002962,1,Garden Pot Saucers & Trays,000500033
CURRENT_TIMESTAMP,CURRENT_TIMESTAMP,100005632,100002962,1,Gardening Accessories,000005632
CURRENT_TIMESTAMP,CURRENT_TIMESTAMP,100503756,100005632,1,Gardening Scooters,000503756
CURRENT_TIMESTAMP,CURRENT_TIMESTAMP,100005633,100005632,1,Gardening Totes,000005633
CURRENT_TIMESTAMP,CURRENT_TIMESTAMP,100007184,100005632,1,Potting Benches,000007184
CURRENT_TIMESTAMP,CURRENT_TIMESTAMP,100505326,100002962,1,Gardening Tool Accessories,000505326
CURRENT_TIMESTAMP,CURRENT_TIMESTAMP,100505322,100505326,1,Gardening Tool Handles,000505322
CURRENT_TIMESTAMP,CURRENT_TIMESTAMP,100505321,100505326,1,Gardening Tool Heads,000505321
CURRENT_TIMESTAMP,CURRENT_TIMESTAMP,100004972,100505326,1,Wheelbarrow Parts,000004972
CURRENT_TIMESTAMP,CURRENT_TIMESTAMP,100003173,100002962,1,Gardening Tools,000003173
CURRENT_TIMESTAMP,CURRENT_TIMESTAMP,100007537,100003173,1,Bulb Planting Tools,000007537
CURRENT_TIMESTAMP,CURRENT_TIMESTAMP,100004000,100003173,1,Cultivating Tools,000004000
CURRENT_TIMESTAMP,CURRENT_TIMESTAMP,100003071,100003173,1,Gardening Forks,000003071
CURRENT_TIMESTAMP,CURRENT_TIMESTAMP,100505292,100003173,1,Gardening Sickles & Machetes,000505292
CURRENT_TIMESTAMP,CURRENT_TIMESTAMP,100003644,100003173,1,Gardening Trowels,000003644
CURRENT_TIMESTAMP,CURRENT_TIMESTAMP,100001967,100003173,1,Lawn & Garden Sprayers,000001967
CURRENT_TIMESTAMP,CURRENT_TIMESTAMP,100499922,100003173,1,Lawn Rollers,000499922
CURRENT_TIMESTAMP,CURRENT_TIMESTAMP,100006967,100003173,1,Pruning Saws,000006967
CURRENT_TIMESTAMP,CURRENT_TIMESTAMP,100003841,100003173,1,Pruning Shears,000003841
CURRENT_TIMESTAMP,CURRENT_TIMESTAMP,100003388,100003173,1,Rakes,000003388
CURRENT_TIMESTAMP,CURRENT_TIMESTAMP,100002147,100003173,1,Shovels & Spades,000002147
CURRENT_TIMESTAMP,CURRENT_TIMESTAMP,100003828,100003173,1,Spreaders,000003828
CURRENT_TIMESTAMP,CURRENT_TIMESTAMP,100003616,100003173,1,Wheelbarrows,000003616
CURRENT_TIMESTAMP,CURRENT_TIMESTAMP,100000693,100002962,1,Greenhouses,000000693
CURRENT_TIMESTAMP,CURRENT_TIMESTAMP,100003103,100002962,1,Herbicides,000003103
CURRENT_TIMESTAMP,CURRENT_TIMESTAMP,100006381,100002962,1,Landscape Fabric,000006381
CURRENT_TIMESTAMP,CURRENT_TIMESTAMP,100006413,100002962,1,Landscape Fabric Accessories,000006413
CURRENT_TIMESTAMP,CURRENT_TIMESTAMP,100006422,100006413,1,Landscape Fabric Staples & Pins,000006422
CURRENT_TIMESTAMP,CURRENT_TIMESTAMP,100006421,100006413,1,Landscape Fabric Tape,000006421
CURRENT_TIMESTAMP,CURRENT_TIMESTAMP,100002988,100002962,1,Mulch,000002988
CURRENT_TIMESTAMP,CURRENT_TIMESTAMP,100499894,100002962,1,Plant Cages & Supports,000499894
CURRENT_TIMESTAMP,CURRENT_TIMESTAMP,100006428,100002962,1,Plant Stands,000006428
CURRENT_TIMESTAMP,CURRENT_TIMESTAMP,100499962,100002962,1,Pot & Planter Liners,000499962
CURRENT_TIMESTAMP,CURRENT_TIMESTAMP,100000721,100002962,1,Pots & Planters,000000721
CURRENT_TIMESTAMP,CURRENT_TIMESTAMP,100006834,100002962,1,Rain Barrels,000006834
CURRENT_TIMESTAMP,CURRENT_TIMESTAMP,100001794,100002962,1,Sands & Soils,000001794
CURRENT_TIMESTAMP,CURRENT_TIMESTAMP,100543677,100001794,1,Sand,000543677
CURRENT_TIMESTAMP,CURRENT_TIMESTAMP,100543678,100001794,1,Soil,000543678
CURRENT_TIMESTAMP,CURRENT_TIMESTAMP,100002918,100000689,1,Outdoor Living,000002918
CURRENT_TIMESTAMP,CURRENT_TIMESTAMP,100499908,100002918,1,Awning Accessories,000499908
CURRENT_TIMESTAMP,CURRENT_TIMESTAMP,100499907,100002918,1,Awnings,000499907
CURRENT_TIMESTAMP,CURRENT_TIMESTAMP,100006737,100002918,1,Hammock Parts & Accessories,000006737
CURRENT_TIMESTAMP,CURRENT_TIMESTAMP,100000717,100002918,1,Hammocks,000000717
CURRENT_TIMESTAMP,CURRENT_TIMESTAMP,100005910,100002918,1,Outdoor Blankets,000005910
CURRENT_TIMESTAMP,CURRENT_TIMESTAMP,100005911,100005910,1,Beach Mats,000005911
CURRENT_TIMESTAMP,CURRENT_TIMESTAMP,100005913,100005910,1,Picnic Blankets,000005913
CURRENT_TIMESTAMP,CURRENT_TIMESTAMP,100005912,100005910,1,Poncho Liners,000005912
CURRENT_TIMESTAMP,CURRENT_TIMESTAMP,100002613,100002918,1,Outdoor Structures,000002613
CURRENT_TIMESTAMP,CURRENT_TIMESTAMP,100000716,100002613,1,Canopies & Gazebos,000000716
CURRENT_TIMESTAMP,CURRENT_TIMESTAMP,100006105,100002613,1,Canopy & Gazebo Accessories,000006105
CURRENT_TIMESTAMP,CURRENT_TIMESTAMP,100006107,100006105,1,Canopy & Gazebo Enclosure Kits,000006107
CURRENT_TIMESTAMP,CURRENT_TIMESTAMP,100006106,100006105,1,Canopy & Gazebo Frames,000006106
CURRENT_TIMESTAMP,CURRENT_TIMESTAMP,100006108,100006105,1,Canopy & Gazebo Tops,000006108
CURRENT_TIMESTAMP,CURRENT_TIMESTAMP,100007423,100006105,1,Canopy Poles,000007423
CURRENT_TIMESTAMP,CURRENT_TIMESTAMP,100007424,100006105,1,Canopy Weights,000007424
CURRENT_TIMESTAMP,CURRENT_TIMESTAMP,100000703,100002613,1,Garden Arches,000000703
CURRENT_TIMESTAMP,CURRENT_TIMESTAMP,100000700,100002613,1,Garden Bridges,000000700
CURRENT_TIMESTAMP,CURRENT_TIMESTAMP,100000720,100002613,1,Sheds,000000720
CURRENT_TIMESTAMP,CURRENT_TIMESTAMP,100006751,100002918,1,Outdoor Umbrella & Sunshade Accessories,000006751
CURRENT_TIMESTAMP,CURRENT_TIMESTAMP,100007108,100006751,1,Outdoor Umbrella & Sunshade Fabric,000007108
CURRENT_TIMESTAMP,CURRENT_TIMESTAMP,100005493,100006751,1,Outdoor Umbrella Bases,000005493
CURRENT_TIMESTAMP,CURRENT_TIMESTAMP,100007107,100006751,1,Outdoor Umbrella Covers,000007107
CURRENT_TIMESTAMP,CURRENT_TIMESTAMP,100499948,100006751,1,Outdoor Umbrella Enclosure Kits,000499948
CURRENT_TIMESTAMP,CURRENT_TIMESTAMP,100008020,100006751,1,Outdoor Umbrella Lights,000008020
CURRENT_TIMESTAMP,CURRENT_TIMESTAMP,100000719,100002918,1,Outdoor Umbrellas & Sunshades,000000719
CURRENT_TIMESTAMP,CURRENT_TIMESTAMP,100499955,100002918,1,Porch Swing Accessories,000499955
CURRENT_TIMESTAMP,CURRENT_TIMESTAMP,100000718,100002918,1,Porch Swings,000000718
CURRENT_TIMESTAMP,CURRENT_TIMESTAMP,100003798,100000689,1,Outdoor Power Equipment,000003798
CURRENT_TIMESTAMP,CURRENT_TIMESTAMP,100003610,100003798,1,Chainsaws,000003610
CURRENT_TIMESTAMP,CURRENT_TIMESTAMP,100002218,100003798,1,Grass Edgers,000002218
CURRENT_TIMESTAMP,CURRENT_TIMESTAMP,100003120,100003798,1,Hedge Trimmers,000003120
CURRENT_TIMESTAMP,CURRENT_TIMESTAMP,100500034,100003798,1,Lawn Aerators & Dethatchers,000500034
CURRENT_TIMESTAMP,CURRENT_TIMESTAMP,100000694,100003798,1,Lawn Mowers,000000694
CURRENT_TIMESTAMP,CURRENT_TIMESTAMP,100003311,100000694,1,Riding Mowers,000003311
CURRENT_TIMESTAMP,CURRENT_TIMESTAMP,100006788,100000694,1,Robotic Mowers,000006788
CURRENT_TIMESTAMP,CURRENT_TIMESTAMP,100006258,100000694,1,Tow-Behind Mowers,000006258
CURRENT_TIMESTAMP,CURRENT_TIMESTAMP,100003730,100000694,1,Walk-Behind Mowers,000003730
CURRENT_TIMESTAMP,CURRENT_TIMESTAMP,100006789,100003798,1,Lawn Vacuums,000006789
CURRENT_TIMESTAMP,CURRENT_TIMESTAMP,100003340,100003798,1,Leaf Blowers,000003340
CURRENT_TIMESTAMP,CURRENT_TIMESTAMP,100007332,100003798,1,Outdoor Power Equipment Base Units,000007332
CURRENT_TIMESTAMP,CURRENT_TIMESTAMP,100007245,100003798,1,Outdoor Power Equipment Sets,000007245
CURRENT_TIMESTAMP,CURRENT_TIMESTAMP,100500016,100003798,1,Power Sweepers,000500016
CURRENT_TIMESTAMP,CURRENT_TIMESTAMP,100002204,100003798,1,Power Tillers & Cultivators,000002204
CURRENT_TIMESTAMP,CURRENT_TIMESTAMP,100001226,100003798,1,Pressure Washers,000001226
CURRENT_TIMESTAMP,CURRENT_TIMESTAMP,100001541,100003798,1,Snow Blowers,000001541
CURRENT_TIMESTAMP,CURRENT_TIMESTAMP,100005866,100003798,1,Tractors,000005866
CURRENT_TIMESTAMP,CURRENT_TIMESTAMP,100001223,100003798,1,Weed Trimmers,000001223
CURRENT_TIMESTAMP,CURRENT_TIMESTAMP,100004564,100000689,1,Outdoor Power Equipment Accessories,000004564
CURRENT_TIMESTAMP,CURRENT_TIMESTAMP,100004565,100004564,1,Chainsaw Accessories,000004565
CURRENT_TIMESTAMP,CURRENT_TIMESTAMP,100004647,100004565,1,Chainsaw Bars,000004647
CURRENT_TIMESTAMP,CURRENT_TIMESTAMP,100004646,100004565,1,Chainsaw Chains,000004646
CURRENT_TIMESTAMP,CURRENT_TIMESTAMP,100007563,100004564,1,Grass Edger Accessories,000007563
CURRENT_TIMESTAMP,CURRENT_TIMESTAMP,100007265,100004564,1,Hedge Trimmer Accessories,000007265
CURRENT_TIMESTAMP,CURRENT_TIMESTAMP,100004566,100004564,1,Lawn Mower Accessories,000004566
CURRENT_TIMESTAMP,CURRENT_TIMESTAMP,100006542,100004566,1,Brush Mower Attachments,000006542
CURRENT_TIMESTAMP,CURRENT_TIMESTAMP,100004645,100004566,1,Lawn Mower Bags,000004645
CURRENT_TIMESTAMP,CURRENT_TIMESTAMP,100004643,100004566,1,Lawn Mower Belts,000004643
CURRENT_TIMESTAMP,CURRENT_TIMESTAMP,100004641,100004566,1,Lawn Mower Blades,000004641
CURRENT_TIMESTAMP,CURRENT_TIMESTAMP,100004642,100004566,1,Lawn Mower Covers,000004642
CURRENT_TIMESTAMP,CURRENT_TIMESTAMP,100499923,100004566,1,Lawn Mower Mulch Kits,000499923
CURRENT_TIMESTAMP,CURRENT_TIMESTAMP,100499960,100004566,1,Lawn Mower Mulch Plugs & Plates,000499960
CURRENT_TIMESTAMP,CURRENT_TIMESTAMP,100004644,100004566,1,Lawn Mower Pulleys & Idlers,000004644
CURRENT_TIMESTAMP,CURRENT_TIMESTAMP,100499872,100004566,1,Lawn Mower Tire Tubes,000499872
CURRENT_TIMESTAMP,CURRENT_TIMESTAMP,100006095,100004566,1,Lawn Mower Tires,000006095
CURRENT_TIMESTAMP,CURRENT_TIMESTAMP,100006094,100004566,1,Lawn Mower Wheels,000006094
CURRENT_TIMESTAMP,CURRENT_TIMESTAMP,100499921,100004566,1,Lawn Striping Kits,000499921
CURRENT_TIMESTAMP,CURRENT_TIMESTAMP,100006541,100004566,1,Lawn Sweepers,000006541
CURRENT_TIMESTAMP,CURRENT_TIMESTAMP,100007168,100004564,1,Leaf Blower Accessories,000007168
CURRENT_TIMESTAMP,CURRENT_TIMESTAMP,100007171,100007168,1,Leaf Blower Tubes,000007171
CURRENT_TIMESTAMP,CURRENT_TIMESTAMP,100008485,100004564,1,Multifunction Outdoor Power Equipment Attachments,000008485
CURRENT_TIMESTAMP,CURRENT_TIMESTAMP,100007564,100008485,1,Grass Edger Attachments,000007564
CURRENT_TIMESTAMP,CURRENT_TIMESTAMP,100008487,100008485,1,Ground & Leaf Blower Attachments,000008487
CURRENT_TIMESTAMP,CURRENT_TIMESTAMP,100007334,100008485,1,Hedge Trimmer Attachments,000007334
CURRENT_TIMESTAMP,CURRENT_TIMESTAMP,100008489,100008485,1,Pole Saw Attachments,000008489
CURRENT_TIMESTAMP,CURRENT_TIMESTAMP,100008488,100008485,1,Tiller & Cultivator Attachments,000008488
CURRENT_TIMESTAMP,CURRENT_TIMESTAMP,100007335,100008485,1,Weed Trimmer Attachments,000007335
CURRENT_TIMESTAMP,CURRENT_TIMESTAMP,100007333,100004564,1,Outdoor Power Equipment Batteries,000007333
CURRENT_TIMESTAMP,CURRENT_TIMESTAMP,100006328,100004564,1,Pressure Washer Accessories,000006328
CURRENT_TIMESTAMP,CURRENT_TIMESTAMP,100004567,100004564,1,Snow Blower Accessories,000004567
CURRENT_TIMESTAMP,CURRENT_TIMESTAMP,100005867,100004564,1,Tractor Parts & Accessories,000005867
CURRENT_TIMESTAMP,CURRENT_TIMESTAMP,100499880,100005867,1,Tractor Tires,000499880
CURRENT_TIMESTAMP,CURRENT_TIMESTAMP,100499881,100005867,1,Tractor Wheels,000499881
CURRENT_TIMESTAMP,CURRENT_TIMESTAMP,100007169,100004564,1,Weed Trimmer Accessories,000007169
CURRENT_TIMESTAMP,CURRENT_TIMESTAMP,100007170,100007169,1,Weed Trimmer Blades & Spools,000007170
CURRENT_TIMESTAMP,CURRENT_TIMESTAMP,100008034,100007169,1,Weed Trimmer Spool Covers,000008034
CURRENT_TIMESTAMP,CURRENT_TIMESTAMP,100005362,100000689,1,Snow Removal,000005362
CURRENT_TIMESTAMP,CURRENT_TIMESTAMP,100005364,100005362,1,Ice Scrapers & Snow Brushes,000005364
CURRENT_TIMESTAMP,CURRENT_TIMESTAMP,100005363,100005362,1,Snow Shovels,000005363
CURRENT_TIMESTAMP,CURRENT_TIMESTAMP,100003568,100000689,1,Watering & Irrigation,000003568
CURRENT_TIMESTAMP,CURRENT_TIMESTAMP,100004718,100003568,1,Garden Hose Fittings & Valves,000004718
CURRENT_TIMESTAMP,CURRENT_TIMESTAMP,100004201,100003568,1,Garden Hose Spray Nozzles,000004201
CURRENT_TIMESTAMP,CURRENT_TIMESTAMP,100002313,100003568,1,Garden Hoses,000002313
CURRENT_TIMESTAMP,CURRENT_TIMESTAMP,100003780,100003568,1,Sprinkler Accessories,000003780
CURRENT_TIMESTAMP,CURRENT_TIMESTAMP,100001302,100003780,1,Sprinkler Controls,000001302
CURRENT_TIMESTAMP,CURRENT_TIMESTAMP,100003491,100003780,1,Sprinkler Valves,000003491
CURRENT_TIMESTAMP,CURRENT_TIMESTAMP,100007561,100003568,1,Sprinklers & Sprinkler Heads,000007561
CURRENT_TIMESTAMP,CURRENT_TIMESTAMP,100505814,100003568,1,Watering Can Accesssories,000505814
CURRENT_TIMESTAMP,CURRENT_TIMESTAMP,100006318,100003568,1,Watering Cans,000006318
CURRENT_TIMESTAMP,CURRENT_TIMESTAMP,100230912,100003568,1,Watering Globes & Spikes,000230912
CURRENT_TIMESTAMP,CURRENT_TIMESTAMP,100000594,100000536,1,Lighting,000000594
CURRENT_TIMESTAMP,CURRENT_TIMESTAMP,100001436,100000594,1,Emergency Lighting,000001436
CURRENT_TIMESTAMP,CURRENT_TIMESTAMP,100500003,100000594,1,Floating & Submersible Lights,000500003
CURRENT_TIMESTAMP,CURRENT_TIMESTAMP,100001546,100000594,1,Flood & Spot Lights,000001546
CURRENT_TIMESTAMP,CURRENT_TIMESTAMP,100007401,100000594,1,In-Ground Lights,000007401
CURRENT_TIMESTAMP,CURRENT_TIMESTAMP,100004636,100000594,1,Lamps,000004636
CURRENT_TIMESTAMP,CURRENT_TIMESTAMP,100007400,100000594,1,Landscape Pathway Lighting,000007400
CURRENT_TIMESTAMP,CURRENT_TIMESTAMP,100002425,100000594,1,Light Bulbs,000002425
CURRENT_TIMESTAMP,CURRENT_TIMESTAMP,100002947,100002425,1,Compact Fluorescent Lamps,000002947
CURRENT_TIMESTAMP,CURRENT_TIMESTAMP,100002690,100002425,1,Fluorescent Tubes,000002690
CURRENT_TIMESTAMP,CURRENT_TIMESTAMP,100002944,100002425,1,Incandescent Light Bulbs,000002944
CURRENT_TIMESTAMP,CURRENT_TIMESTAMP,100003329,100002425,1,LED Light Bulbs,000003329
CURRENT_TIMESTAMP,CURRENT_TIMESTAMP,100002608,100000594,1,Light Ropes & Strings,000002608
CURRENT_TIMESTAMP,CURRENT_TIMESTAMP,100003006,100000594,1,Lighting Fixtures,000003006
CURRENT_TIMESTAMP,CURRENT_TIMESTAMP,100002809,100003006,1,Cabinet Light Fixtures,000002809
CURRENT_TIMESTAMP,CURRENT_TIMESTAMP,100002524,100003006,1,Ceiling Light Fixtures,000002524
CURRENT_TIMESTAMP,CURRENT_TIMESTAMP,100002249,100003006,1,Chandeliers,000002249
CURRENT_TIMESTAMP,CURRENT_TIMESTAMP,100006073,100003006,1,Wall Light Fixtures,000006073
CURRENT_TIMESTAMP,CURRENT_TIMESTAMP,100505826,100000594,1,Night Lights & Ambient Lighting,000505826
CURRENT_TIMESTAMP,CURRENT_TIMESTAMP,100002370,100000594,1,Picture Lights,000002370
CURRENT_TIMESTAMP,CURRENT_TIMESTAMP,100007399,100000594,1,Tiki Torches & Oil Lamps,000007399
CURRENT_TIMESTAMP,CURRENT_TIMESTAMP,100006274,100000594,1,Track Lighting,000006274
CURRENT_TIMESTAMP,CURRENT_TIMESTAMP,100006272,100006274,1,Track Lighting Accessories,000006272
CURRENT_TIMESTAMP,CURRENT_TIMESTAMP,100004932,100006274,1,Track Lighting Fixtures,000004932
CURRENT_TIMESTAMP,CURRENT_TIMESTAMP,100006273,100006274,1,Track Lighting Rails,000006273
CURRENT_TIMESTAMP,CURRENT_TIMESTAMP,100002956,100000536,1,Lighting Accessories,000002956
CURRENT_TIMESTAMP,CURRENT_TIMESTAMP,100007338,100002956,1,Lamp Post Bases,000007338
CURRENT_TIMESTAMP,CURRENT_TIMESTAMP,100007447,100002956,1,Lamp Post Mounts,000007447
CURRENT_TIMESTAMP,CURRENT_TIMESTAMP,100003185,100002956,1,Lamp Shades,000003185
CURRENT_TIMESTAMP,CURRENT_TIMESTAMP,100003522,100002956,1,Lighting Timers,000003522
CURRENT_TIMESTAMP,CURRENT_TIMESTAMP,100505312,100002956,1,Oil Lamp Fuel,000505312
CURRENT_TIMESTAMP,CURRENT_TIMESTAMP,100004171,100000536,1,Linens & Bedding,000004171
CURRENT_TIMESTAMP,CURRENT_TIMESTAMP,100000569,100004171,1,Bedding,000000569
CURRENT_TIMESTAMP,CURRENT_TIMESTAMP,100505803,100000569,1,Bed Canopies,000505803
CURRENT_TIMESTAMP,CURRENT_TIMESTAMP,100002314,100000569,1,Bed Sheets,000002314
CURRENT_TIMESTAMP,CURRENT_TIMESTAMP,100002974,100000569,1,Bedskirts,000002974
CURRENT_TIMESTAMP,CURRENT_TIMESTAMP,100001985,100000569,1,Blankets,000001985
CURRENT_TIMESTAMP,CURRENT_TIMESTAMP,100002541,100000569,1,Duvet Covers,000002541
CURRENT_TIMESTAMP,CURRENT_TIMESTAMP,100004452,100000569,1,Mattress Protectors,000004452
CURRENT_TIMESTAMP,CURRENT_TIMESTAMP,100004420,100004452,1,Mattress Encasements,000004420
CURRENT_TIMESTAMP,CURRENT_TIMESTAMP,100002991,100004452,1,Mattress Pads,000002991
CURRENT_TIMESTAMP,CURRENT_TIMESTAMP,100001599,100000569,1,Nap Mats,000001599
CURRENT_TIMESTAMP,CURRENT_TIMESTAMP,100002927,100000569,1,Pillowcases & Shams,000002927
CURRENT_TIMESTAMP,CURRENT_TIMESTAMP,100002700,100000569,1,Pillows,000002700
CURRENT_TIMESTAMP,CURRENT_TIMESTAMP,100505287,100000569,1,Quilts & Comforters,000505287
CURRENT_TIMESTAMP,CURRENT_TIMESTAMP,100505832,100004171,1,Kitchen Linens Sets,000505832
CURRENT_TIMESTAMP,CURRENT_TIMESTAMP,100000601,100004171,1,Table Linens,000000601
CURRENT_TIMESTAMP,CURRENT_TIMESTAMP,100004203,100000601,1,Cloth Napkins,000004203
CURRENT_TIMESTAMP,CURRENT_TIMESTAMP,100004343,100000601,1,Doilies,000004343
CURRENT_TIMESTAMP,CURRENT_TIMESTAMP,100002547,100000601,1,Placemats,000002547
CURRENT_TIMESTAMP,CURRENT_TIMESTAMP,100006325,100000601,1,Table Runners,000006325
CURRENT_TIMESTAMP,CURRENT_TIMESTAMP,100006322,100000601,1,Table Skirts,000006322
CURRENT_TIMESTAMP,CURRENT_TIMESTAMP,100004143,100000601,1,Tablecloths,000004143
CURRENT_TIMESTAMP,CURRENT_TIMESTAMP,100004077,100004171,1,Towels,000004077
CURRENT_TIMESTAMP,CURRENT_TIMESTAMP,100000576,100004077,1,Bath Towels & Washcloths,000000576
CURRENT_TIMESTAMP,CURRENT_TIMESTAMP,100004126,100004077,1,Beach Towels,000004126
CURRENT_TIMESTAMP,CURRENT_TIMESTAMP,100004257,100004077,1,Kitchen Towels,000004257
CURRENT_TIMESTAMP,CURRENT_TIMESTAMP,100004358,100000536,1,Parasols & Rain Umbrellas,000004358
CURRENT_TIMESTAMP,CURRENT_TIMESTAMP,100000985,100000536,1,Plants,000000985
CURRENT_TIMESTAMP,CURRENT_TIMESTAMP,100005590,100000985,1,Aquatic Plants,000005590
CURRENT_TIMESTAMP,CURRENT_TIMESTAMP,100000984,100000985,1,Flowers,000000984
CURRENT_TIMESTAMP,CURRENT_TIMESTAMP,100006762,100000985,1,Indoor & Outdoor Plants,000006762
CURRENT_TIMESTAMP,CURRENT_TIMESTAMP,100543559,100006762,1,Bushes & Shrubs,000543559
CURRENT_TIMESTAMP,CURRENT_TIMESTAMP,100543560,100006762,1,Landscaping & Garden Plants,000543560
CURRENT_TIMESTAMP,CURRENT_TIMESTAMP,100543558,100006762,1,Potted Houseplants,000543558
CURRENT_TIMESTAMP,CURRENT_TIMESTAMP,100505285,100000985,1,Plant & Herb Growing Kits,000505285
CURRENT_TIMESTAMP,CURRENT_TIMESTAMP,100002802,100000985,1,Seeds,000002802
CURRENT_TIMESTAMP,CURRENT_TIMESTAMP,100543561,100002802,1,Plant & Flower Bulbs,000543561
CURRENT_TIMESTAMP,CURRENT_TIMESTAMP,100543562,100002802,1,Seeds & Seed Tape,000543562
CURRENT_TIMESTAMP,CURRENT_TIMESTAMP,100001684,100000985,1,Trees,000001684
CURRENT_TIMESTAMP,CURRENT_TIMESTAMP,100000729,100000536,1,Pool & Spa,000000729
CURRENT_TIMESTAMP,CURRENT_TIMESTAMP,100002832,100000729,1,Pool & Spa Accessories,000002832
CURRENT_TIMESTAMP,CURRENT_TIMESTAMP,100002939,100002832,1,Diving Boards,000002939
CURRENT_TIMESTAMP,CURRENT_TIMESTAMP,100500042,100002832,1,Pool & Spa Chlorine Generators,000500042
CURRENT_TIMESTAMP,CURRENT_TIMESTAMP,100002981,100002832,1,Pool & Spa Filters,000002981
CURRENT_TIMESTAMP,CURRENT_TIMESTAMP,100505815,100002832,1,Pool & Spa Maintenance Kits,000505815
CURRENT_TIMESTAMP,CURRENT_TIMESTAMP,100006996,100002832,1,Pool Brushes & Brooms,000006996
CURRENT_TIMESTAMP,CURRENT_TIMESTAMP,100006771,100002832,1,Pool Cleaner Hoses,000006771
CURRENT_TIMESTAMP,CURRENT_TIMESTAMP,100003017,100002832,1,Pool Cleaners & Chemicals,000003017
CURRENT_TIMESTAMP,CURRENT_TIMESTAMP,100500050,100002832,1,Pool Cover Accessories,000500050
CURRENT_TIMESTAMP,CURRENT_TIMESTAMP,100002994,100002832,1,Pool Covers & Ground Cloths,000002994
CURRENT_TIMESTAMP,CURRENT_TIMESTAMP,100007496,100002832,1,Pool Deck Kits,000007496
CURRENT_TIMESTAMP,CURRENT_TIMESTAMP,100002860,100002832,1,Pool Floats & Loungers,000002860
CURRENT_TIMESTAMP,CURRENT_TIMESTAMP,100005654,100002832,1,Pool Heaters,000005654
CURRENT_TIMESTAMP,CURRENT_TIMESTAMP,100006766,100002832,1,Pool Ladders,000006766
CURRENT_TIMESTAMP,CURRENT_TIMESTAMP,100503751,100002832,1,Pool Liners,000503751
CURRENT_TIMESTAMP,CURRENT_TIMESTAMP,100002755,100002832,1,Pool Skimmers,000002755
CURRENT_TIMESTAMP,CURRENT_TIMESTAMP,100002997,100002832,1,Pool Sweeps & Vacuums,000002997
CURRENT_TIMESTAMP,CURRENT_TIMESTAMP,100002672,100002832,1,Pool Toys,000002672
CURRENT_TIMESTAMP,CURRENT_TIMESTAMP,100005546,100002832,1,Pool Water Slides,000005546
CURRENT_TIMESTAMP,CURRENT_TIMESTAMP,100543687,100000729,1,Sauna Accessories,000543687
CURRENT_TIMESTAMP,CURRENT_TIMESTAMP,100543633,100543687,1,Sauna Buckets & Ladles,000543633
CURRENT_TIMESTAMP,CURRENT_TIMESTAMP,100543632,100543687,1,Sauna Heaters,000543632
CURRENT_TIMESTAMP,CURRENT_TIMESTAMP,100543631,100543687,1,Sauna Kits,000543631
CURRENT_TIMESTAMP,CURRENT_TIMESTAMP,100003992,100000729,1,Saunas,000003992
CURRENT_TIMESTAMP,CURRENT_TIMESTAMP,100002982,100000729,1,Spas,000002982
CURRENT_TIMESTAMP,CURRENT_TIMESTAMP,100002810,100000729,1,Swimming Pools,000002810
CURRENT_TIMESTAMP,CURRENT_TIMESTAMP,100000600,100000536,1,Smoking Accessories,000000600
CURRENT_TIMESTAMP,CURRENT_TIMESTAMP,100004082,100000600,1,Ashtrays,000004082
CURRENT_TIMESTAMP,CURRENT_TIMESTAMP,100006882,100000600,1,Cigar Cases,000006882
CURRENT_TIMESTAMP,CURRENT_TIMESTAMP,100006879,100000600,1,Cigar Cutters & Punches,000006879
CURRENT_TIMESTAMP,CURRENT_TIMESTAMP,100006881,100000600,1,Cigarette Cases,000006881
CURRENT_TIMESTAMP,CURRENT_TIMESTAMP,100500007,100000600,1,Cigarette Holders,000500007
CURRENT_TIMESTAMP,CURRENT_TIMESTAMP,100006880,100000600,1,Humidor Accessories,000006880
CURRENT_TIMESTAMP,CURRENT_TIMESTAMP,100006878,100000600,1,Humidors,000006878
CURRENT_TIMESTAMP,CURRENT_TIMESTAMP,100006173,100000536,1,Umbrella Sleeves & Cases,000006173
CURRENT_TIMESTAMP,CURRENT_TIMESTAMP,100002639,100000536,1,Wood Stoves,000002639
CURRENT_TIMESTAMP,CURRENT_TIMESTAMP,100005181,null,1,Luggage & Bags,000005181
CURRENT_TIMESTAMP,CURRENT_TIMESTAMP,100000100,100005181,1,Backpacks,000000100
CURRENT_TIMESTAMP,CURRENT_TIMESTAMP,100000101,100005181,1,Briefcases,000000101
CURRENT_TIMESTAMP,CURRENT_TIMESTAMP,100000108,100005181,1,Cosmetic & Toiletry Bags,000000108
CURRENT_TIMESTAMP,CURRENT_TIMESTAMP,100000549,100005181,1,Diaper Bags,000000549
CURRENT_TIMESTAMP,CURRENT_TIMESTAMP,100502974,100005181,1,Dry Boxes,000502974
CURRENT_TIMESTAMP,CURRENT_TIMESTAMP,100000103,100005181,1,Duffel Bags,000000103
CURRENT_TIMESTAMP,CURRENT_TIMESTAMP,100000104,100005181,1,Fanny Packs,000000104
CURRENT_TIMESTAMP,CURRENT_TIMESTAMP,100000105,100005181,1,Garment Bags,000000105
CURRENT_TIMESTAMP,CURRENT_TIMESTAMP,100000110,100005181,1,Luggage Accessories,000000110
CURRENT_TIMESTAMP,CURRENT_TIMESTAMP,100503014,100000110,1,Dry Box Liners & Inserts,000503014
CURRENT_TIMESTAMP,CURRENT_TIMESTAMP,100007521,100000110,1,Luggage Covers,000007521
CURRENT_TIMESTAMP,CURRENT_TIMESTAMP,100499691,100000110,1,Luggage Racks & Stands,000499691
CURRENT_TIMESTAMP,CURRENT_TIMESTAMP,100005652,100000110,1,Luggage Straps,000005652
CURRENT_TIMESTAMP,CURRENT_TIMESTAMP,100005651,100000110,1,Luggage Tags,000005651
CURRENT_TIMESTAMP,CURRENT_TIMESTAMP,100005620,100000110,1,Packing Organizers,000005620
CURRENT_TIMESTAMP,CURRENT_TIMESTAMP,100006919,100000110,1,Travel Bottles & Containers,000006919
CURRENT_TIMESTAMP,CURRENT_TIMESTAMP,100005650,100000110,1,Travel Pouches,000005650
CURRENT_TIMESTAMP,CURRENT_TIMESTAMP,100000106,100005181,1,Messenger Bags,000000106
CURRENT_TIMESTAMP,CURRENT_TIMESTAMP,100005608,100005181,1,Shopping Totes,000005608
CURRENT_TIMESTAMP,CURRENT_TIMESTAMP,100000107,100005181,1,Suitcases,000000107
CURRENT_TIMESTAMP,CURRENT_TIMESTAMP,100006553,100005181,1,Train Cases,000006553
CURRENT_TIMESTAMP,CURRENT_TIMESTAMP,100000772,null,1,Mature,000000772
CURRENT_TIMESTAMP,CURRENT_TIMESTAMP,100000773,100000772,1,Erotic,000000773
CURRENT_TIMESTAMP,CURRENT_TIMESTAMP,100000779,100000773,1,Erotic Books,000000779
CURRENT_TIMESTAMP,CURRENT_TIMESTAMP,100000774,100000773,1,Erotic Clothing,000000774
CURRENT_TIMESTAMP,CURRENT_TIMESTAMP,100000776,100000773,1,Erotic DVDs & Videos,000000776
CURRENT_TIMESTAMP,CURRENT_TIMESTAMP,100005055,100000773,1,Erotic Food & Edibles,000005055
CURRENT_TIMESTAMP,CURRENT_TIMESTAMP,100006040,100000773,1,Erotic Games,000006040
CURRENT_TIMESTAMP,CURRENT_TIMESTAMP,100004060,100000773,1,Erotic Magazines,000004060
CURRENT_TIMESTAMP,CURRENT_TIMESTAMP,100006536,100000773,1,Pole Dancing Kits,000006536
CURRENT_TIMESTAMP,CURRENT_TIMESTAMP,100000778,100000773,1,Sex Toys,000000778
CURRENT_TIMESTAMP,CURRENT_TIMESTAMP,100000780,100000772,1,Weapons,000000780
CURRENT_TIMESTAMP,CURRENT_TIMESTAMP,100003833,100000780,1,Brass Knuckles,000003833
CURRENT_TIMESTAMP,CURRENT_TIMESTAMP,100007567,100000780,1,Clubs & Batons,000007567
CURRENT_TIMESTAMP,CURRENT_TIMESTAMP,100006109,100000780,1,Combat Knives,000006109
CURRENT_TIMESTAMP,CURRENT_TIMESTAMP,100002214,100000780,1,Gun Care & Accessories,000002214
CURRENT_TIMESTAMP,CURRENT_TIMESTAMP,100000781,100002214,1,Ammunition,000000781
CURRENT_TIMESTAMP,CURRENT_TIMESTAMP,100505762,100002214,1,Ammunition Cases & Holders,000505762
CURRENT_TIMESTAMP,CURRENT_TIMESTAMP,100500048,100002214,1,Gun Cases & Range Bags,000500048
CURRENT_TIMESTAMP,CURRENT_TIMESTAMP,100503021,100002214,1,Gun Cleaning,000503021
CURRENT_TIMESTAMP,CURRENT_TIMESTAMP,100499855,100503021,1,Gun Cleaning Cloths & Swabs,000499855
CURRENT_TIMESTAMP,CURRENT_TIMESTAMP,100499856,100503021,1,Gun Cleaning Patches,000499856
CURRENT_TIMESTAMP,CURRENT_TIMESTAMP,100499854,100503021,1,Gun Cleaning Solvents,000499854
CURRENT_TIMESTAMP,CURRENT_TIMESTAMP,100001806,100002214,1,Gun Grips,000001806
CURRENT_TIMESTAMP,CURRENT_TIMESTAMP,100001783,100002214,1,Gun Holsters,000001783
CURRENT_TIMESTAMP,CURRENT_TIMESTAMP,100005067,100002214,1,Gun Lights,000005067
CURRENT_TIMESTAMP,CURRENT_TIMESTAMP,100001822,100002214,1,Gun Rails,000001822
CURRENT_TIMESTAMP,CURRENT_TIMESTAMP,100499853,100002214,1,Gun Slings,000499853
CURRENT_TIMESTAMP,CURRENT_TIMESTAMP,100503026,100002214,1,Reloading Supplies & Equipment,000503026
CURRENT_TIMESTAMP,CURRENT_TIMESTAMP,100499857,100503026,1,Ammunition Reloading Presses,000499857
CURRENT_TIMESTAMP,CURRENT_TIMESTAMP,100000782,100000780,1,Guns,000000782
CURRENT_TIMESTAMP,CURRENT_TIMESTAMP,100000726,100000780,1,Mace & Pepper Spray,000000726
CURRENT_TIMESTAMP,CURRENT_TIMESTAMP,100003092,100000780,1,Nunchucks,000003092
CURRENT_TIMESTAMP,CURRENT_TIMESTAMP,100007175,100000780,1,Spears,000007175
CURRENT_TIMESTAMP,CURRENT_TIMESTAMP,100003924,100000780,1,Staff & Stick Weapons,000003924
CURRENT_TIMESTAMP,CURRENT_TIMESTAMP,100000727,100000780,1,Stun Guns & Tasers,000000727
CURRENT_TIMESTAMP,CURRENT_TIMESTAMP,100003666,100000780,1,Swords,000003666
CURRENT_TIMESTAMP,CURRENT_TIMESTAMP,100003694,100000780,1,Throwing Stars,000003694
CURRENT_TIMESTAMP,CURRENT_TIMESTAMP,100003437,100000780,1,Whips,000003437
CURRENT_TIMESTAMP,CURRENT_TIMESTAMP,100000783,null,1,Media,000000783
CURRENT_TIMESTAMP,CURRENT_TIMESTAMP,100000784,100000783,1,Books,000000784
CURRENT_TIMESTAMP,CURRENT_TIMESTAMP,100543541,100000784,1,Audiobooks,000543541
CURRENT_TIMESTAMP,CURRENT_TIMESTAMP,100543542,100000784,1,E-books,000543542
CURRENT_TIMESTAMP,CURRENT_TIMESTAMP,100543543,100000784,1,Print Books,000543543
CURRENT_TIMESTAMP,CURRENT_TIMESTAMP,100499995,100000783,1,Carpentry & Woodworking Project Plans,000499995
CURRENT_TIMESTAMP,CURRENT_TIMESTAMP,100000839,100000783,1,DVDs & Videos,000000839
CURRENT_TIMESTAMP,CURRENT_TIMESTAMP,100543527,100000839,1,Film & Television DVDs,000543527
CURRENT_TIMESTAMP,CURRENT_TIMESTAMP,100543529,100000839,1,Film & Television Digital Downloads,000543529
CURRENT_TIMESTAMP,CURRENT_TIMESTAMP,100543528,100000839,1,Film & Television VHS Tapes,000543528
CURRENT_TIMESTAMP,CURRENT_TIMESTAMP,100000886,100000783,1,Magazines & Newspapers,000000886
CURRENT_TIMESTAMP,CURRENT_TIMESTAMP,100543539,100000886,1,Magazines,000543539
CURRENT_TIMESTAMP,CURRENT_TIMESTAMP,100543540,100000886,1,Newspapers,000543540
CURRENT_TIMESTAMP,CURRENT_TIMESTAMP,100000855,100000783,1,Music & Sound Recordings,000000855
CURRENT_TIMESTAMP,CURRENT_TIMESTAMP,100543526,100000855,1,Digital Music Downloads,000543526
CURRENT_TIMESTAMP,CURRENT_TIMESTAMP,100543522,100000855,1,Music CDs,000543522
CURRENT_TIMESTAMP,CURRENT_TIMESTAMP,100543524,100000855,1,Music Cassette Tapes,000543524
CURRENT_TIMESTAMP,CURRENT_TIMESTAMP,100543523,100000855,1,Records & LPs,000543523
CURRENT_TIMESTAMP,CURRENT_TIMESTAMP,100543525,100000855,1,Spoken Word & Field Recordings,000543525
CURRENT_TIMESTAMP,CURRENT_TIMESTAMP,100005037,100000783,1,Product Manuals,000005037
CURRENT_TIMESTAMP,CURRENT_TIMESTAMP,100499821,100005037,1,Camera & Optics Manuals,000499821
CURRENT_TIMESTAMP,CURRENT_TIMESTAMP,100005038,100005037,1,Electronics Manuals,000005038
CURRENT_TIMESTAMP,CURRENT_TIMESTAMP,100005861,100005037,1,Exercise & Fitness Equipment Manuals,000005861
CURRENT_TIMESTAMP,CURRENT_TIMESTAMP,100005039,100005037,1,Household Appliance Manuals,000005039
CURRENT_TIMESTAMP,CURRENT_TIMESTAMP,100005040,100005037,1,Kitchen Appliance Manuals,000005040
CURRENT_TIMESTAMP,CURRENT_TIMESTAMP,100005860,100005037,1,Model & Toys Manuals,000005860
CURRENT_TIMESTAMP,CURRENT_TIMESTAMP,100499866,100005037,1,Office Supply Manuals,000499866
CURRENT_TIMESTAMP,CURRENT_TIMESTAMP,100007516,100005037,1,Power Tool & Equipment Manuals,000007516
CURRENT_TIMESTAMP,CURRENT_TIMESTAMP,100005041,100005037,1,Vehicle Service Manuals,000005041
CURRENT_TIMESTAMP,CURRENT_TIMESTAMP,100000887,100000783,1,Sheet Music,000000887
CURRENT_TIMESTAMP,CURRENT_TIMESTAMP,100000922,null,1,Office Supplies,000000922
CURRENT_TIMESTAMP,CURRENT_TIMESTAMP,100006174,100000922,1,Book Accessories,000006174
CURRENT_TIMESTAMP,CURRENT_TIMESTAMP,100006176,100006174,1,Book Covers,000006176
CURRENT_TIMESTAMP,CURRENT_TIMESTAMP,100004941,100006174,1,Book Lights,000004941
CURRENT_TIMESTAMP,CURRENT_TIMESTAMP,100006175,100006174,1,Book Stands & Rests,000006175
CURRENT_TIMESTAMP,CURRENT_TIMESTAMP,100000093,100006174,1,Bookmarks,000000093
CURRENT_TIMESTAMP,CURRENT_TIMESTAMP,100008078,100000922,1,Desk Pads & Blotters,000008078
CURRENT_TIMESTAMP,CURRENT_TIMESTAMP,100000923,100000922,1,Filing & Organization,000000923
CURRENT_TIMESTAMP,CURRENT_TIMESTAMP,100005997,100000923,1,Address Books,000005997
CURRENT_TIMESTAMP,CURRENT_TIMESTAMP,100004312,100000923,1,Binding Supplies,000004312
CURRENT_TIMESTAMP,CURRENT_TIMESTAMP,100004086,100004312,1,Binder Accessories,000004086
CURRENT_TIMESTAMP,CURRENT_TIMESTAMP,100004212,100004086,1,Binder Rings,000004212
CURRENT_TIMESTAMP,CURRENT_TIMESTAMP,100004183,100004086,1,Index Dividers,000004183
CURRENT_TIMESTAMP,CURRENT_TIMESTAMP,100002139,100004086,1,Sheet Protectors,000002139
CURRENT_TIMESTAMP,CURRENT_TIMESTAMP,100004303,100004312,1,Binders,000004303
CURRENT_TIMESTAMP,CURRENT_TIMESTAMP,100004182,100004312,1,Binding Combs & Spines,000004182
CURRENT_TIMESTAMP,CURRENT_TIMESTAMP,100007080,100004312,1,Binding Machines,000007080
CURRENT_TIMESTAMP,CURRENT_TIMESTAMP,100006190,100000923,1,Business Card Books,000006190
CURRENT_TIMESTAMP,CURRENT_TIMESTAMP,100006171,100000923,1,Business Card Stands,000006171
CURRENT_TIMESTAMP,CURRENT_TIMESTAMP,100000926,100000923,1,CD/DVD Cases & Organizers,000000926
CURRENT_TIMESTAMP,CURRENT_TIMESTAMP,100000927,100000923,1,Calendars,000000927
CURRENT_TIMESTAMP,CURRENT_TIMESTAMP,100005531,100000923,1,Card Files,000005531
CURRENT_TIMESTAMP,CURRENT_TIMESTAMP,100006177,100000923,1,Card Sleeves,000006177
CURRENT_TIMESTAMP,CURRENT_TIMESTAMP,100000928,100000923,1,Cash Boxes,000000928
CURRENT_TIMESTAMP,CURRENT_TIMESTAMP,100000939,100000923,1,Desk Organizers,000000939
CURRENT_TIMESTAMP,CURRENT_TIMESTAMP,100000925,100000923,1,File Boxes,000000925
CURRENT_TIMESTAMP,CURRENT_TIMESTAMP,100000930,100000923,1,File Folders,000000930
CURRENT_TIMESTAMP,CURRENT_TIMESTAMP,100006884,100000923,1,Folders & Report Covers,000006884
CURRENT_TIMESTAMP,CURRENT_TIMESTAMP,100543663,100006884,1,Pocket Folders,000543663
CURRENT_TIMESTAMP,CURRENT_TIMESTAMP,100543662,100006884,1,Report Covers,000543662
CURRENT_TIMESTAMP,CURRENT_TIMESTAMP,100005070,100000923,1,Greeting Card Organizers,000005070
CURRENT_TIMESTAMP,CURRENT_TIMESTAMP,100006962,100000923,1,Mail Sorters,000006962
CURRENT_TIMESTAMP,CURRENT_TIMESTAMP,100003062,100000923,1,Pen & Pencil Cases,000003062
CURRENT_TIMESTAMP,CURRENT_TIMESTAMP,100006885,100000923,1,Portfolios & Padfolios,000006885
CURRENT_TIMESTAMP,CURRENT_TIMESTAMP,100543641,100006885,1,Padfolios,000543641
CURRENT_TIMESTAMP,CURRENT_TIMESTAMP,100543640,100006885,1,Portfolios,000543640
CURRENT_TIMESTAMP,CURRENT_TIMESTAMP,100006779,100000923,1,Recipe Card Boxes,000006779
CURRENT_TIMESTAMP,CURRENT_TIMESTAMP,100000932,100000922,1,General Office Supplies,000000932
CURRENT_TIMESTAMP,CURRENT_TIMESTAMP,100006319,100000932,1,Brass Fasteners,000006319
CURRENT_TIMESTAMP,CURRENT_TIMESTAMP,100002591,100000932,1,Correction Fluids,000002591
CURRENT_TIMESTAMP,CURRENT_TIMESTAMP,100543618,100002591,1,Correction Fluids,000543618
CURRENT_TIMESTAMP,CURRENT_TIMESTAMP,100543620,100002591,1,Correction Pens,000543620
CURRENT_TIMESTAMP,CURRENT_TIMESTAMP,100543619,100002591,1,Correction Tapes,000543619
CURRENT_TIMESTAMP,CURRENT_TIMESTAMP,100000938,100000932,1,Erasers,000000938
CURRENT_TIMESTAMP,CURRENT_TIMESTAMP,100000960,100000932,1,Labels & Tags,000000960
CURRENT_TIMESTAMP,CURRENT_TIMESTAMP,100004377,100000960,1,Address Labels,000004377
CURRENT_TIMESTAMP,CURRENT_TIMESTAMP,100004154,100000960,1,Folder Tabs,000004154
CURRENT_TIMESTAMP,CURRENT_TIMESTAMP,100004137,100000960,1,Label Clips,000004137
CURRENT_TIMESTAMP,CURRENT_TIMESTAMP,100005502,100000960,1,Label Tapes & Refill Rolls,000005502
CURRENT_TIMESTAMP,CURRENT_TIMESTAMP,100004200,100000960,1,Shipping Labels,000004200
CURRENT_TIMESTAMP,CURRENT_TIMESTAMP,100004117,100000960,1,Shipping Tags,000004117
CURRENT_TIMESTAMP,CURRENT_TIMESTAMP,100008015,100000932,1,Laminating Film,000008015
CURRENT_TIMESTAMP,CURRENT_TIMESTAMP,100505805,100000932,1,Mounting Putty,000505805
CURRENT_TIMESTAMP,CURRENT_TIMESTAMP,100000934,100000932,1,Office Tape,000000934
CURRENT_TIMESTAMP,CURRENT_TIMESTAMP,100000936,100000932,1,Paper Clips & Clamps,000000936
CURRENT_TIMESTAMP,CURRENT_TIMESTAMP,100543676,100000936,1,Binder Clips,000543676
CURRENT_TIMESTAMP,CURRENT_TIMESTAMP,100543675,100000936,1,Paper Clips,000543675
CURRENT_TIMESTAMP,CURRENT_TIMESTAMP,100000956,100000932,1,Paper Products,000000956
CURRENT_TIMESTAMP,CURRENT_TIMESTAMP,100002658,100000956,1,Binder Paper,000002658
CURRENT_TIMESTAMP,CURRENT_TIMESTAMP,100005264,100000956,1,Blank ID Cards,000005264
CURRENT_TIMESTAMP,CURRENT_TIMESTAMP,100000957,100000956,1,Business Cards,000000957
CURRENT_TIMESTAMP,CURRENT_TIMESTAMP,100005918,100000956,1,Business Forms & Receipts,000005918
CURRENT_TIMESTAMP,CURRENT_TIMESTAMP,100006930,100000956,1,Checks,000006930
CURRENT_TIMESTAMP,CURRENT_TIMESTAMP,100001513,100000956,1,Cover Paper,000001513
CURRENT_TIMESTAMP,CURRENT_TIMESTAMP,100000958,100000956,1,Envelopes,000000958
CURRENT_TIMESTAMP,CURRENT_TIMESTAMP,100000959,100000956,1,Index Cards,000000959
CURRENT_TIMESTAMP,CURRENT_TIMESTAMP,100000961,100000956,1,Notebooks & Notepads,000000961
CURRENT_TIMESTAMP,CURRENT_TIMESTAMP,100003871,100000956,1,Post Cards,000003871
CURRENT_TIMESTAMP,CURRENT_TIMESTAMP,100000962,100000956,1,Printer & Copier Paper,000000962
CURRENT_TIMESTAMP,CURRENT_TIMESTAMP,100005919,100000956,1,Receipt & Adding Machine Paper Rolls,000005919
CURRENT_TIMESTAMP,CURRENT_TIMESTAMP,100003457,100000956,1,Stationery,000003457
CURRENT_TIMESTAMP,CURRENT_TIMESTAMP,100002689,100000956,1,Sticky Notes,000002689
CURRENT_TIMESTAMP,CURRENT_TIMESTAMP,100000944,100000932,1,Rubber Bands,000000944
CURRENT_TIMESTAMP,CURRENT_TIMESTAMP,100000948,100000932,1,Staples,000000948
CURRENT_TIMESTAMP,CURRENT_TIMESTAMP,100000949,100000932,1,Tacks & Pushpins,000000949
CURRENT_TIMESTAMP,CURRENT_TIMESTAMP,100005829,100000922,1,Impulse Sealers,000005829
CURRENT_TIMESTAMP,CURRENT_TIMESTAMP,100008499,100000922,1,Lap Desks,000008499
CURRENT_TIMESTAMP,CURRENT_TIMESTAMP,100002435,100000922,1,Name Plates,000002435
CURRENT_TIMESTAMP,CURRENT_TIMESTAMP,100006519,100000922,1,Office & Chair Mats,000006519
CURRENT_TIMESTAMP,CURRENT_TIMESTAMP,100006462,100006519,1,Anti-Fatigue Mats,000006462
CURRENT_TIMESTAMP,CURRENT_TIMESTAMP,100006521,100006519,1,Chair Mats,000006521
CURRENT_TIMESTAMP,CURRENT_TIMESTAMP,100006520,100006519,1,Office Mats,000006520
CURRENT_TIMESTAMP,CURRENT_TIMESTAMP,100006373,100000922,1,Office Carts,000006373
CURRENT_TIMESTAMP,CURRENT_TIMESTAMP,100001996,100006373,1,AV Carts,000001996
CURRENT_TIMESTAMP,CURRENT_TIMESTAMP,100006182,100006373,1,Book Carts,000006182
CURRENT_TIMESTAMP,CURRENT_TIMESTAMP,100006180,100006373,1,File Carts,000006180
CURRENT_TIMESTAMP,CURRENT_TIMESTAMP,100006181,100006373,1,Mail Carts,000006181
CURRENT_TIMESTAMP,CURRENT_TIMESTAMP,100006179,100006373,1,Utility Carts,000006179
CURRENT_TIMESTAMP,CURRENT_TIMESTAMP,100000950,100000922,1,Office Equipment,000000950
CURRENT_TIMESTAMP,CURRENT_TIMESTAMP,100499864,100000950,1,Calculator Accessories,000499864
CURRENT_TIMESTAMP,CURRENT_TIMESTAMP,100000333,100000950,1,Calculators,000000333
CURRENT_TIMESTAMP,CURRENT_TIMESTAMP,100543518,100000333,1,Basic Calculators,000543518
CURRENT_TIMESTAMP,CURRENT_TIMESTAMP,100543521,100000333,1,Construction Calculators,000543521
CURRENT_TIMESTAMP,CURRENT_TIMESTAMP,100543519,100000333,1,Financial Calculators,000543519
CURRENT_TIMESTAMP,CURRENT_TIMESTAMP,100543517,100000333,1,Graphing Calculators,000543517
CURRENT_TIMESTAMP,CURRENT_TIMESTAMP,100543520,100000333,1,Scientific Calculators,000543520
CURRENT_TIMESTAMP,CURRENT_TIMESTAMP,100000337,100000950,1,Electronic Dictionaries & Translators,000000337
CURRENT_TIMESTAMP,CURRENT_TIMESTAMP,100000952,100000950,1,Label Makers,000000952
CURRENT_TIMESTAMP,CURRENT_TIMESTAMP,100001625,100000950,1,Laminators,000001625
CURRENT_TIMESTAMP,CURRENT_TIMESTAMP,100000953,100000950,1,Office Shredders,000000953
CURRENT_TIMESTAMP,CURRENT_TIMESTAMP,100001708,100000950,1,Postage Meters,000001708
CURRENT_TIMESTAMP,CURRENT_TIMESTAMP,100006404,100000950,1,Time & Attendance Clocks,000006404
CURRENT_TIMESTAMP,CURRENT_TIMESTAMP,100000954,100000950,1,Transcribers & Dictation Systems,000000954
CURRENT_TIMESTAMP,CURRENT_TIMESTAMP,100000955,100000950,1,Typewriters,000000955
CURRENT_TIMESTAMP,CURRENT_TIMESTAMP,100002986,100000922,1,Office Instruments,000002986
CURRENT_TIMESTAMP,CURRENT_TIMESTAMP,100002883,100002986,1,Call Bells,000002883
CURRENT_TIMESTAMP,CURRENT_TIMESTAMP,100000935,100002986,1,Clipboards,000000935
CURRENT_TIMESTAMP,CURRENT_TIMESTAMP,100505830,100002986,1,Letter Openers,000505830
CURRENT_TIMESTAMP,CURRENT_TIMESTAMP,100000941,100002986,1,Magnifiers,000000941
CURRENT_TIMESTAMP,CURRENT_TIMESTAMP,100004341,100002986,1,Office Rubber Stamps,000004341
CURRENT_TIMESTAMP,CURRENT_TIMESTAMP,100000943,100002986,1,Pencil Sharpeners,000000943
CURRENT_TIMESTAMP,CURRENT_TIMESTAMP,100004499,100002986,1,Staple Removers,000004499
CURRENT_TIMESTAMP,CURRENT_TIMESTAMP,100000947,100002986,1,Staplers,000000947
CURRENT_TIMESTAMP,CURRENT_TIMESTAMP,100503746,100002986,1,Tape Dispensers,000503746
CURRENT_TIMESTAMP,CURRENT_TIMESTAMP,100004470,100002986,1,Writing & Drawing Instrument Accessories,000004470
CURRENT_TIMESTAMP,CURRENT_TIMESTAMP,100007117,100004470,1,Marker & Highlighter Ink Refills,000007117
CURRENT_TIMESTAMP,CURRENT_TIMESTAMP,100543667,100007117,1,Highlighter Refills,000543667
CURRENT_TIMESTAMP,CURRENT_TIMESTAMP,100543666,100007117,1,Marker Refills,000543666
CURRENT_TIMESTAMP,CURRENT_TIMESTAMP,100004471,100004470,1,Pen Ink & Refills,000004471
CURRENT_TIMESTAMP,CURRENT_TIMESTAMP,100004472,100004470,1,Pencil Lead & Refills,000004472
CURRENT_TIMESTAMP,CURRENT_TIMESTAMP,100000977,100002986,1,Writing & Drawing Instruments,000000977
CURRENT_TIMESTAMP,CURRENT_TIMESTAMP,100002623,100000977,1,Art Charcoals,000002623
CURRENT_TIMESTAMP,CURRENT_TIMESTAMP,100000978,100000977,1,Chalk,000000978
CURRENT_TIMESTAMP,CURRENT_TIMESTAMP,100000979,100000977,1,Crayons,000000979
CURRENT_TIMESTAMP,CURRENT_TIMESTAMP,100000980,100000977,1,Markers & Highlighters,000000980
CURRENT_TIMESTAMP,CURRENT_TIMESTAMP,100543609,100000980,1,Highlighters,000543609
CURRENT_TIMESTAMP,CURRENT_TIMESTAMP,100543608,100000980,1,Markers,000543608
CURRENT_TIMESTAMP,CURRENT_TIMESTAMP,100006067,100000977,1,Multifunction Writing Instruments,000006067
CURRENT_TIMESTAMP,CURRENT_TIMESTAMP,100004752,100000977,1,Pastels,000004752
CURRENT_TIMESTAMP,CURRENT_TIMESTAMP,100006065,100000977,1,Pens & Pencils,000006065
CURRENT_TIMESTAMP,CURRENT_TIMESTAMP,100006066,100006065,1,Pen & Pencil Sets,000006066
CURRENT_TIMESTAMP,CURRENT_TIMESTAMP,100006068,100006065,1,Pencils,000006068
CURRENT_TIMESTAMP,CURRENT_TIMESTAMP,100003026,100006068,1,Art Pencils,000003026
CURRENT_TIMESTAMP,CURRENT_TIMESTAMP,100000981,100006068,1,Writing Pencils,000000981
CURRENT_TIMESTAMP,CURRENT_TIMESTAMP,100543660,100000981,1,Mechanical Pencils,000543660
CURRENT_TIMESTAMP,CURRENT_TIMESTAMP,100543661,100000981,1,Wooden Pencils,000543661
CURRENT_TIMESTAMP,CURRENT_TIMESTAMP,100000982,100006065,1,Pens,000000982
CURRENT_TIMESTAMP,CURRENT_TIMESTAMP,100002014,100000922,1,Paper Handling,000002014
CURRENT_TIMESTAMP,CURRENT_TIMESTAMP,100006486,100002014,1,Fingertip Grips,000006486
CURRENT_TIMESTAMP,CURRENT_TIMESTAMP,100006467,100002014,1,Hole Punches,000006467
CURRENT_TIMESTAMP,CURRENT_TIMESTAMP,100002207,100002014,1,Paper Folding Machines,000002207
CURRENT_TIMESTAMP,CURRENT_TIMESTAMP,100001836,100002014,1,Paper Joggers,000001836
CURRENT_TIMESTAMP,CURRENT_TIMESTAMP,100001803,100002014,1,Paperweights,000001803
CURRENT_TIMESTAMP,CURRENT_TIMESTAMP,100006178,100002014,1,Pencil Boards,000006178
CURRENT_TIMESTAMP,CURRENT_TIMESTAMP,100000964,100000922,1,Presentation Supplies,000000964
CURRENT_TIMESTAMP,CURRENT_TIMESTAMP,100000965,100000964,1,Chalkboards,000000965
CURRENT_TIMESTAMP,CURRENT_TIMESTAMP,100000966,100000964,1,Display Boards,000000966
CURRENT_TIMESTAMP,CURRENT_TIMESTAMP,100007525,100000966,1,Bulletin Board Accessories,000007525
CURRENT_TIMESTAMP,CURRENT_TIMESTAMP,100007526,100007525,1,Bulletin Board Trim,000007526
CURRENT_TIMESTAMP,CURRENT_TIMESTAMP,100543688,100007525,1,Bulletin Board Trim Sets,000543688
CURRENT_TIMESTAMP,CURRENT_TIMESTAMP,100002401,100000966,1,Bulletin Boards,000002401
CURRENT_TIMESTAMP,CURRENT_TIMESTAMP,100002263,100000966,1,Foam Boards,000002263
CURRENT_TIMESTAMP,CURRENT_TIMESTAMP,100001627,100000966,1,Mounting Boards,000001627
CURRENT_TIMESTAMP,CURRENT_TIMESTAMP,100002674,100000966,1,Poster Boards,000002674
CURRENT_TIMESTAMP,CURRENT_TIMESTAMP,100004492,100000964,1,Document Cameras,000004492
CURRENT_TIMESTAMP,CURRENT_TIMESTAMP,100000971,100000964,1,Dry-Erase Boards,000000971
CURRENT_TIMESTAMP,CURRENT_TIMESTAMP,100000967,100000964,1,Easel Pads,000000967
CURRENT_TIMESTAMP,CURRENT_TIMESTAMP,100000968,100000964,1,Easels,000000968
CURRENT_TIMESTAMP,CURRENT_TIMESTAMP,100000969,100000964,1,Laser Pointers,000000969
CURRENT_TIMESTAMP,CURRENT_TIMESTAMP,100000970,100000964,1,Lecterns,000000970
CURRENT_TIMESTAMP,CURRENT_TIMESTAMP,100000963,100000964,1,Transparencies,000000963
CURRENT_TIMESTAMP,CURRENT_TIMESTAMP,100004465,100000964,1,Wireless Presenters,000004465
CURRENT_TIMESTAMP,CURRENT_TIMESTAMP,100002636,100000922,1,Shipping Supplies,000002636
CURRENT_TIMESTAMP,CURRENT_TIMESTAMP,100000973,100002636,1,Moving & Shipping Boxes,000000973
CURRENT_TIMESTAMP,CURRENT_TIMESTAMP,100000974,100002636,1,Packing Materials,000000974
CURRENT_TIMESTAMP,CURRENT_TIMESTAMP,100000975,100002636,1,Packing Tape,000000975
CURRENT_TIMESTAMP,CURRENT_TIMESTAMP,100005605,null,1,Religious & Ceremonial,000005605
CURRENT_TIMESTAMP,CURRENT_TIMESTAMP,100005606,100005605,1,Memorial Ceremony Supplies,000005606
CURRENT_TIMESTAMP,CURRENT_TIMESTAMP,100005607,100005606,1,Memorial Urns,000005607
CURRENT_TIMESTAMP,CURRENT_TIMESTAMP,100000097,100005605,1,Religious Items,000000097
CURRENT_TIMESTAMP,CURRENT_TIMESTAMP,100003923,100000097,1,Prayer Beads,000003923
CURRENT_TIMESTAMP,CURRENT_TIMESTAMP,100328060,100000097,1,Prayer Cards,000328060
CURRENT_TIMESTAMP,CURRENT_TIMESTAMP,100007120,100000097,1,Religious Altars,000007120
CURRENT_TIMESTAMP,CURRENT_TIMESTAMP,100001949,100000097,1,Religious Veils,000001949
CURRENT_TIMESTAMP,CURRENT_TIMESTAMP,100499711,100000097,1,Tarot Cards,000499711
CURRENT_TIMESTAMP,CURRENT_TIMESTAMP,100005455,100005605,1,Wedding Ceremony Supplies,000005455
CURRENT_TIMESTAMP,CURRENT_TIMESTAMP,100503723,100005455,1,Aisle Runners,000503723
CURRENT_TIMESTAMP,CURRENT_TIMESTAMP,100005456,100005455,1,Flower Girl Baskets,000005456
CURRENT_TIMESTAMP,CURRENT_TIMESTAMP,100005457,100005455,1,Ring Pillows & Holders,000005457
CURRENT_TIMESTAMP,CURRENT_TIMESTAMP,100002092,null,1,Software,000002092
CURRENT_TIMESTAMP,CURRENT_TIMESTAMP,100000313,100002092,1,Computer Software,000000313
CURRENT_TIMESTAMP,CURRENT_TIMESTAMP,100005299,100000313,1,Antivirus & Security Software,000005299
CURRENT_TIMESTAMP,CURRENT_TIMESTAMP,100005300,100000313,1,Business & Productivity Software,000005300
CURRENT_TIMESTAMP,CURRENT_TIMESTAMP,100000315,100000313,1,Compilers & Programming Tools,000000315
CURRENT_TIMESTAMP,CURRENT_TIMESTAMP,100005301,100000313,1,Computer Utilities & Maintenance Software,000005301
CURRENT_TIMESTAMP,CURRENT_TIMESTAMP,100005127,100000313,1,Dictionary & Translation Software,000005127
CURRENT_TIMESTAMP,CURRENT_TIMESTAMP,100000317,100000313,1,Educational Software,000000317
CURRENT_TIMESTAMP,CURRENT_TIMESTAMP,100005304,100000313,1,Financial,000005304
CURRENT_TIMESTAMP,CURRENT_TIMESTAMP,100003283,100000313,1,GPS Map Data & Software,000003283
CURRENT_TIMESTAMP,CURRENT_TIMESTAMP,100000318,100000313,1,Handheld & PDA Software,000000318
CURRENT_TIMESTAMP,CURRENT_TIMESTAMP,100000319,100000313,1,Multimedia & Design Software,000000319
CURRENT_TIMESTAMP,CURRENT_TIMESTAMP,100006027,100000319,1,3D Modeling Software,000006027
CURRENT_TIMESTAMP,CURRENT_TIMESTAMP,100004950,100000319,1,Animation Editing Software,000004950
CURRENT_TIMESTAMP,CURRENT_TIMESTAMP,100004951,100000319,1,Graphic Design & Illustration Software,000004951
CURRENT_TIMESTAMP,CURRENT_TIMESTAMP,100006029,100000319,1,Home & Interior Design Software,000006029
CURRENT_TIMESTAMP,CURRENT_TIMESTAMP,100004949,100000319,1,Home Publishing Software,000004949
CURRENT_TIMESTAMP,CURRENT_TIMESTAMP,100006028,100000319,1,Media Viewing Software,000006028
CURRENT_TIMESTAMP,CURRENT_TIMESTAMP,100005096,100000319,1,Music Composition Software,000005096
CURRENT_TIMESTAMP,CURRENT_TIMESTAMP,100004952,100000319,1,Sound Editing Software,000004952
CURRENT_TIMESTAMP,CURRENT_TIMESTAMP,100004953,100000319,1,Video Editing Software,000004953
CURRENT_TIMESTAMP,CURRENT_TIMESTAMP,100004954,100000319,1,Web Design Software,000004954
CURRENT_TIMESTAMP,CURRENT_TIMESTAMP,100005302,100000313,1,Network Software,000005302
CURRENT_TIMESTAMP,CURRENT_TIMESTAMP,100005303,100000313,1,Office Application Software,000005303
CURRENT_TIMESTAMP,CURRENT_TIMESTAMP,100000321,100000313,1,Operating Systems,000000321
CURRENT_TIMESTAMP,CURRENT_TIMESTAMP,100007225,100000313,1,Restore Disks,000007225
CURRENT_TIMESTAMP,CURRENT_TIMESTAMP,100005032,100002092,1,Digital Goods & Currency,000005032
CURRENT_TIMESTAMP,CURRENT_TIMESTAMP,100005034,100005032,1,Computer Icons,000005034
CURRENT_TIMESTAMP,CURRENT_TIMESTAMP,100005035,100005032,1,Desktop Wallpaper,000005035
CURRENT_TIMESTAMP,CURRENT_TIMESTAMP,100500046,100005032,1,Digital Artwork,000500046
CURRENT_TIMESTAMP,CURRENT_TIMESTAMP,100008022,100005032,1,Document Templates,000008022
CURRENT_TIMESTAMP,CURRENT_TIMESTAMP,100005036,100005032,1,Fonts,000005036
CURRENT_TIMESTAMP,CURRENT_TIMESTAMP,100002065,100005032,1,Stock Photographs & Video Footage,000002065
CURRENT_TIMESTAMP,CURRENT_TIMESTAMP,100005935,100005032,1,Virtual Currency,000005935
CURRENT_TIMESTAMP,CURRENT_TIMESTAMP,100001279,100002092,1,Video Game Software,000001279
CURRENT_TIMESTAMP,CURRENT_TIMESTAMP,100000988,null,1,Sporting Goods,000000988
CURRENT_TIMESTAMP,CURRENT_TIMESTAMP,100499713,100000988,1,Athletics,000499713
CURRENT_TIMESTAMP,CURRENT_TIMESTAMP,100001070,100499713,1,Baseball & Softball,000001070
CURRENT_TIMESTAMP,CURRENT_TIMESTAMP,100003544,100001070,1,Baseball & Softball Bases & Plates,000003544
CURRENT_TIMESTAMP,CURRENT_TIMESTAMP,100003747,100001070,1,Baseball & Softball Batting Gloves,000003747
CURRENT_TIMESTAMP,CURRENT_TIMESTAMP,100001076,100001070,1,Baseball & Softball Gloves & Mitts,000001076
CURRENT_TIMESTAMP,CURRENT_TIMESTAMP,100234671,100001070,1,Baseball & Softball Pitching Mats,000234671
CURRENT_TIMESTAMP,CURRENT_TIMESTAMP,100234670,100001070,1,Baseball & Softball Pitching Mounds,000234670
CURRENT_TIMESTAMP,CURRENT_TIMESTAMP,100001078,100001070,1,Baseball & Softball Protective Gear,000001078
CURRENT_TIMESTAMP,CURRENT_TIMESTAMP,100003668,100001078,1,Baseball & Softball Batting Helmets,000003668
CURRENT_TIMESTAMP,CURRENT_TIMESTAMP,100499715,100001078,1,Baseball & Softball Chest Protectors,000499715
CURRENT_TIMESTAMP,CURRENT_TIMESTAMP,100499718,100001078,1,Baseball & Softball Leg Guards,000499718
CURRENT_TIMESTAMP,CURRENT_TIMESTAMP,100499716,100001078,1,Catchers Equipment Sets,000499716
CURRENT_TIMESTAMP,CURRENT_TIMESTAMP,100499717,100001078,1,Catchers Helmets & Masks,000499717
CURRENT_TIMESTAMP,CURRENT_TIMESTAMP,100003790,100001070,1,Baseball Bats,000003790
CURRENT_TIMESTAMP,CURRENT_TIMESTAMP,100003783,100001070,1,Baseballs,000003783
CURRENT_TIMESTAMP,CURRENT_TIMESTAMP,100001077,100001070,1,Pitching Machines,000001077
CURRENT_TIMESTAMP,CURRENT_TIMESTAMP,100003679,100001070,1,Softball Bats,000003679
CURRENT_TIMESTAMP,CURRENT_TIMESTAMP,100003671,100001070,1,Softballs,000003671
CURRENT_TIMESTAMP,CURRENT_TIMESTAMP,100001081,100499713,1,Basketball,000001081
CURRENT_TIMESTAMP,CURRENT_TIMESTAMP,100004676,100001081,1,Basketball Hoop Parts & Accessories,000004676
CURRENT_TIMESTAMP,CURRENT_TIMESTAMP,100004089,100004676,1,Basketball Backboards,000004089
CURRENT_TIMESTAMP,CURRENT_TIMESTAMP,100007251,100004676,1,Basketball Hoop Padding,000007251
CURRENT_TIMESTAMP,CURRENT_TIMESTAMP,100004050,100004676,1,Basketball Hoop Posts,000004050
CURRENT_TIMESTAMP,CURRENT_TIMESTAMP,100003829,100004676,1,Basketball Nets,000003829
CURRENT_TIMESTAMP,CURRENT_TIMESTAMP,100004192,100004676,1,Basketball Rims,000004192
CURRENT_TIMESTAMP,CURRENT_TIMESTAMP,100001082,100001081,1,Basketball Hoops,000001082
CURRENT_TIMESTAMP,CURRENT_TIMESTAMP,100499751,100001081,1,Basketball Training Aids,000499751
CURRENT_TIMESTAMP,CURRENT_TIMESTAMP,100001083,100001081,1,Basketballs,000001083
CURRENT_TIMESTAMP,CURRENT_TIMESTAMP,100499719,100499713,1,Boxing & Martial Arts,000499719
CURRENT_TIMESTAMP,CURRENT_TIMESTAMP,100004008,100499719,1,Boxing & Martial Arts Protective Gear,000004008
CURRENT_TIMESTAMP,CURRENT_TIMESTAMP,100499726,100004008,1,Boxing & MMA Hand Wraps,000499726
CURRENT_TIMESTAMP,CURRENT_TIMESTAMP,100499725,100004008,1,Boxing & Martial Arts Arm Guards,000499725
CURRENT_TIMESTAMP,CURRENT_TIMESTAMP,100499723,100004008,1,Boxing & Martial Arts Body Protectors,000499723
CURRENT_TIMESTAMP,CURRENT_TIMESTAMP,100499722,100004008,1,Boxing & Martial Arts Headgear,000499722
CURRENT_TIMESTAMP,CURRENT_TIMESTAMP,100003235,100004008,1,Boxing Gloves & Mitts,000003235
CURRENT_TIMESTAMP,CURRENT_TIMESTAMP,100499724,100004008,1,MMA Shin Guards,000499724
CURRENT_TIMESTAMP,CURRENT_TIMESTAMP,100499720,100499719,1,Boxing & Martial Arts Training Equipment,000499720
CURRENT_TIMESTAMP,CURRENT_TIMESTAMP,100499769,100499720,1,Boxing & MMA Punch Mitts,000499769
CURRENT_TIMESTAMP,CURRENT_TIMESTAMP,100007116,100499720,1,Grappling Dummies,000007116
CURRENT_TIMESTAMP,CURRENT_TIMESTAMP,100007129,100499720,1,Punching & Training Bag Accessories,000007129
CURRENT_TIMESTAMP,CURRENT_TIMESTAMP,100003297,100499720,1,Punching & Training Bags,000003297
CURRENT_TIMESTAMP,CURRENT_TIMESTAMP,100499721,100499720,1,Strike Shields,000499721
CURRENT_TIMESTAMP,CURRENT_TIMESTAMP,100003411,100499719,1,Boxing Ring Parts,000003411
CURRENT_TIMESTAMP,CURRENT_TIMESTAMP,100003652,100499719,1,Boxing Rings,000003652
CURRENT_TIMESTAMP,CURRENT_TIMESTAMP,100003717,100499719,1,Martial Arts Belts,000003717
CURRENT_TIMESTAMP,CURRENT_TIMESTAMP,100004282,100499719,1,Martial Arts Weapons,000004282
CURRENT_TIMESTAMP,CURRENT_TIMESTAMP,100006734,100499713,1,Broomball Equipment,000006734
CURRENT_TIMESTAMP,CURRENT_TIMESTAMP,100003354,100499713,1,Cheerleading,000003354
CURRENT_TIMESTAMP,CURRENT_TIMESTAMP,100003953,100003354,1,Cheerleading Pom Poms,000003953
CURRENT_TIMESTAMP,CURRENT_TIMESTAMP,100006739,100499713,1,Coaching & Officiating,000006739
CURRENT_TIMESTAMP,CURRENT_TIMESTAMP,100499729,100006739,1,Captains Armbands,000499729
CURRENT_TIMESTAMP,CURRENT_TIMESTAMP,100505813,100006739,1,Field & Court Boundary Markers,000505813
CURRENT_TIMESTAMP,CURRENT_TIMESTAMP,100499732,100006739,1,Flip Coins & Discs,000499732
CURRENT_TIMESTAMP,CURRENT_TIMESTAMP,100006731,100006739,1,Linesman Flags,000006731
CURRENT_TIMESTAMP,CURRENT_TIMESTAMP,100006729,100006739,1,Penalty Cards & Flags,000006729
CURRENT_TIMESTAMP,CURRENT_TIMESTAMP,100499731,100006739,1,Pitch Counters,000499731
CURRENT_TIMESTAMP,CURRENT_TIMESTAMP,100499733,100006739,1,Referee Stands & Chairs,000499733
CURRENT_TIMESTAMP,CURRENT_TIMESTAMP,100499727,100006739,1,Referee Wallets,000499727
CURRENT_TIMESTAMP,CURRENT_TIMESTAMP,100008505,100006739,1,Scoreboards,000008505
CURRENT_TIMESTAMP,CURRENT_TIMESTAMP,100006730,100006739,1,Sport & Safety Whistles,000006730
CURRENT_TIMESTAMP,CURRENT_TIMESTAMP,100499730,100006739,1,Umpire Indicators,000499730
CURRENT_TIMESTAMP,CURRENT_TIMESTAMP,100001087,100499713,1,Cricket,000001087
CURRENT_TIMESTAMP,CURRENT_TIMESTAMP,100003870,100001087,1,Cricket Balls,000003870
CURRENT_TIMESTAMP,CURRENT_TIMESTAMP,100499737,100001087,1,Cricket Bat Accessories,000499737
CURRENT_TIMESTAMP,CURRENT_TIMESTAMP,100499738,100499737,1,Cricket Bat Grips,000499738
CURRENT_TIMESTAMP,CURRENT_TIMESTAMP,100003815,100001087,1,Cricket Bats,000003815
CURRENT_TIMESTAMP,CURRENT_TIMESTAMP,100499735,100001087,1,Cricket Equipment Sets,000499735
CURRENT_TIMESTAMP,CURRENT_TIMESTAMP,100499736,100001087,1,Cricket Protective Gear,000499736
CURRENT_TIMESTAMP,CURRENT_TIMESTAMP,100003339,100499736,1,Cricket Gloves,000003339
CURRENT_TIMESTAMP,CURRENT_TIMESTAMP,100003543,100499736,1,Cricket Helmets,000003543
CURRENT_TIMESTAMP,CURRENT_TIMESTAMP,100499739,100499736,1,Cricket Leg Guards,000499739
CURRENT_TIMESTAMP,CURRENT_TIMESTAMP,100499734,100001087,1,Cricket Stumps,000499734
CURRENT_TIMESTAMP,CURRENT_TIMESTAMP,100000989,100499713,1,Dancing,000000989
CURRENT_TIMESTAMP,CURRENT_TIMESTAMP,100003269,100000989,1,Ballet Barres,000003269
CURRENT_TIMESTAMP,CURRENT_TIMESTAMP,100001006,100499713,1,Fencing,000001006
CURRENT_TIMESTAMP,CURRENT_TIMESTAMP,100003261,100001006,1,Fencing Protective Gear,000003261
CURRENT_TIMESTAMP,CURRENT_TIMESTAMP,100003366,100003261,1,Fencing Gloves & Cuffs,000003366
CURRENT_TIMESTAMP,CURRENT_TIMESTAMP,100499740,100003261,1,Fencing Jackets & Lamés,000499740
CURRENT_TIMESTAMP,CURRENT_TIMESTAMP,100003707,100003261,1,Fencing Masks,000003707
CURRENT_TIMESTAMP,CURRENT_TIMESTAMP,100003622,100001006,1,Fencing Weapons,000003622
CURRENT_TIMESTAMP,CURRENT_TIMESTAMP,100499741,100499713,1,Field Hockey & Lacrosse,000499741
CURRENT_TIMESTAMP,CURRENT_TIMESTAMP,100499744,100499741,1,Field Hockey & Lacrosse Protective Gear,000499744
CURRENT_TIMESTAMP,CURRENT_TIMESTAMP,100499745,100499744,1,Field Hockey & Lacrosse Gloves,000499745
CURRENT_TIMESTAMP,CURRENT_TIMESTAMP,100499746,100499744,1,Field Hockey & Lacrosse Helmets,000499746
CURRENT_TIMESTAMP,CURRENT_TIMESTAMP,100499747,100499744,1,Field Hockey & Lacrosse Masks & Goggles,000499747
CURRENT_TIMESTAMP,CURRENT_TIMESTAMP,100502970,100499744,1,Field Hockey & Lacrosse Pads,000502970
CURRENT_TIMESTAMP,CURRENT_TIMESTAMP,100001089,100499741,1,Field Hockey Balls,000001089
CURRENT_TIMESTAMP,CURRENT_TIMESTAMP,100003001,100499741,1,Field Hockey Goals,000003001
CURRENT_TIMESTAMP,CURRENT_TIMESTAMP,100001092,100499741,1,Field Hockey Sticks,000001092
CURRENT_TIMESTAMP,CURRENT_TIMESTAMP,100003536,100499741,1,Lacrosse Balls,000003536
CURRENT_TIMESTAMP,CURRENT_TIMESTAMP,100499742,100499741,1,Lacrosse Equipment Sets,000499742
CURRENT_TIMESTAMP,CURRENT_TIMESTAMP,100003970,100499741,1,Lacrosse Goals,000003970
CURRENT_TIMESTAMP,CURRENT_TIMESTAMP,100003336,100499741,1,Lacrosse Stick Parts,000003336
CURRENT_TIMESTAMP,CURRENT_TIMESTAMP,100003785,100003336,1,Lacrosse Mesh & String,000003785
CURRENT_TIMESTAMP,CURRENT_TIMESTAMP,100003418,100003336,1,Lacrosse Stick Heads,000003418
CURRENT_TIMESTAMP,CURRENT_TIMESTAMP,100003423,100003336,1,Lacrosse Stick Shafts,000003423
CURRENT_TIMESTAMP,CURRENT_TIMESTAMP,100003817,100499741,1,Lacrosse Sticks,000003817
CURRENT_TIMESTAMP,CURRENT_TIMESTAMP,100003204,100499741,1,Lacrosse Training Aids,000003204
CURRENT_TIMESTAMP,CURRENT_TIMESTAMP,100499915,100499713,1,Figure Skating & Hockey,000499915
CURRENT_TIMESTAMP,CURRENT_TIMESTAMP,100006077,100499915,1,Hockey Balls & Pucks,000006077
CURRENT_TIMESTAMP,CURRENT_TIMESTAMP,100006074,100499915,1,Hockey Goals,000006074
CURRENT_TIMESTAMP,CURRENT_TIMESTAMP,100001105,100499915,1,Hockey Protective Gear,000001105
CURRENT_TIMESTAMP,CURRENT_TIMESTAMP,100499756,100001105,1,Hockey Elbow Pads,000499756
CURRENT_TIMESTAMP,CURRENT_TIMESTAMP,100006078,100001105,1,Hockey Gloves,000006078
CURRENT_TIMESTAMP,CURRENT_TIMESTAMP,100499890,100001105,1,Hockey Goalie Equipment Sets,000499890
CURRENT_TIMESTAMP,CURRENT_TIMESTAMP,100006080,100001105,1,Hockey Helmets,000006080
CURRENT_TIMESTAMP,CURRENT_TIMESTAMP,100003615,100001105,1,Hockey Pants,000003615
CURRENT_TIMESTAMP,CURRENT_TIMESTAMP,100499755,100001105,1,Hockey Shin Guards & Leg Pads,000499755
CURRENT_TIMESTAMP,CURRENT_TIMESTAMP,100499757,100001105,1,Hockey Shoulder Pads & Chest Protectors,000499757
CURRENT_TIMESTAMP,CURRENT_TIMESTAMP,100499975,100001105,1,Hockey Suspenders & Belts,000499975
CURRENT_TIMESTAMP,CURRENT_TIMESTAMP,100006857,100499915,1,Hockey Sledges,000006857
CURRENT_TIMESTAMP,CURRENT_TIMESTAMP,100007012,100499915,1,Hockey Stick Care,000007012
CURRENT_TIMESTAMP,CURRENT_TIMESTAMP,100007011,100499915,1,Hockey Stick Parts,000007011
CURRENT_TIMESTAMP,CURRENT_TIMESTAMP,100006852,100007011,1,Hockey Stick Blades,000006852
CURRENT_TIMESTAMP,CURRENT_TIMESTAMP,100006942,100007011,1,Hockey Stick Shafts,000006942
CURRENT_TIMESTAMP,CURRENT_TIMESTAMP,100006076,100499915,1,Hockey Sticks,000006076
CURRENT_TIMESTAMP,CURRENT_TIMESTAMP,100003791,100499915,1,Ice Skate Parts & Accessories,000003791
CURRENT_TIMESTAMP,CURRENT_TIMESTAMP,100006708,100003791,1,Figure Skate Boots,000006708
CURRENT_TIMESTAMP,CURRENT_TIMESTAMP,100007000,100003791,1,Ice Skate Blades,000007000
CURRENT_TIMESTAMP,CURRENT_TIMESTAMP,100003623,100003791,1,Ice Skate Sharpeners,000003623
CURRENT_TIMESTAMP,CURRENT_TIMESTAMP,100004019,100003791,1,Skate Blade Guards,000004019
CURRENT_TIMESTAMP,CURRENT_TIMESTAMP,100003241,100003791,1,Skate Lace Tighteners,000003241
CURRENT_TIMESTAMP,CURRENT_TIMESTAMP,100001057,100499915,1,Ice Skates,000001057
CURRENT_TIMESTAMP,CURRENT_TIMESTAMP,100001093,100499713,1,Football,000001093
CURRENT_TIMESTAMP,CURRENT_TIMESTAMP,100003442,100001093,1,Football Gloves,000003442
CURRENT_TIMESTAMP,CURRENT_TIMESTAMP,100003492,100001093,1,Football Goal Posts,000003492
CURRENT_TIMESTAMP,CURRENT_TIMESTAMP,100003656,100001093,1,Football Kicking Tees & Holders,000003656
CURRENT_TIMESTAMP,CURRENT_TIMESTAMP,100001097,100001093,1,Football Protective Gear,000001097
CURRENT_TIMESTAMP,CURRENT_TIMESTAMP,100003510,100001097,1,Football Girdles,000003510
CURRENT_TIMESTAMP,CURRENT_TIMESTAMP,100003060,100001097,1,Football Helmet Accessories,000003060
CURRENT_TIMESTAMP,CURRENT_TIMESTAMP,100003247,100003060,1,Football Chin Straps,000003247
CURRENT_TIMESTAMP,CURRENT_TIMESTAMP,100003090,100003060,1,Football Face Masks,000003090
CURRENT_TIMESTAMP,CURRENT_TIMESTAMP,100003343,100003060,1,Football Helmet Padding,000003343
CURRENT_TIMESTAMP,CURRENT_TIMESTAMP,100003063,100003060,1,Football Helmet Visors,000003063
CURRENT_TIMESTAMP,CURRENT_TIMESTAMP,100001098,100001097,1,Football Helmets,000001098
CURRENT_TIMESTAMP,CURRENT_TIMESTAMP,100003497,100001097,1,Football Neck Rolls,000003497
CURRENT_TIMESTAMP,CURRENT_TIMESTAMP,100499778,100001097,1,Football Rib Protection Shirts & Vests,000499778
CURRENT_TIMESTAMP,CURRENT_TIMESTAMP,100003621,100001097,1,Football Shoulder Pads,000003621
CURRENT_TIMESTAMP,CURRENT_TIMESTAMP,100003998,100001093,1,Football Training Equipment,000003998
CURRENT_TIMESTAMP,CURRENT_TIMESTAMP,100499779,100003998,1,Football Dummies & Sleds,000499779
CURRENT_TIMESTAMP,CURRENT_TIMESTAMP,100001094,100001093,1,Footballs,000001094
CURRENT_TIMESTAMP,CURRENT_TIMESTAMP,100499799,100499713,1,General Purpose Athletic Equipment,000499799
CURRENT_TIMESTAMP,CURRENT_TIMESTAMP,100008222,100499799,1,Altitude Training Masks,000008222
CURRENT_TIMESTAMP,CURRENT_TIMESTAMP,100499800,100499799,1,Athletic Cups,000499800
CURRENT_TIMESTAMP,CURRENT_TIMESTAMP,100007397,100499799,1,Ball Carrying Bags & Carts,000007397
CURRENT_TIMESTAMP,CURRENT_TIMESTAMP,100007433,100499799,1,Ball Pump Accessories,000007433
CURRENT_TIMESTAMP,CURRENT_TIMESTAMP,100007435,100007433,1,Ball Pump Needles,000007435
CURRENT_TIMESTAMP,CURRENT_TIMESTAMP,100007434,100499799,1,Ball Pumps,000007434
CURRENT_TIMESTAMP,CURRENT_TIMESTAMP,100499903,100499799,1,Exercise & Gym Mat Storage Racks & Carts,000499903
CURRENT_TIMESTAMP,CURRENT_TIMESTAMP,100003971,100499799,1,Grip Spray & Chalk,000003971
CURRENT_TIMESTAMP,CURRENT_TIMESTAMP,100499803,100499799,1,Gym Mats,000499803
CURRENT_TIMESTAMP,CURRENT_TIMESTAMP,100008077,100499799,1,Practice Nets & Screens,000008077
CURRENT_TIMESTAMP,CURRENT_TIMESTAMP,100499802,100499799,1,Speed & Agility Ladders & Hurdles,000499802
CURRENT_TIMESTAMP,CURRENT_TIMESTAMP,100008319,100499799,1,Sports & Agility Cones,000008319
CURRENT_TIMESTAMP,CURRENT_TIMESTAMP,100003877,100499799,1,Sports Megaphones,000003877
CURRENT_TIMESTAMP,CURRENT_TIMESTAMP,100499801,100499799,1,Sports Mouthguards,000499801
CURRENT_TIMESTAMP,CURRENT_TIMESTAMP,100006344,100499799,1,Stadium Seats & Cushions,000006344
CURRENT_TIMESTAMP,CURRENT_TIMESTAMP,100001000,100499713,1,Gymnastics,000001000
CURRENT_TIMESTAMP,CURRENT_TIMESTAMP,100503763,100001000,1,Gymnastics Bars & Balance Beams,000503763
CURRENT_TIMESTAMP,CURRENT_TIMESTAMP,100003808,100001000,1,Gymnastics Protective Gear,000003808
CURRENT_TIMESTAMP,CURRENT_TIMESTAMP,100499781,100003808,1,Gymnastics Grips,000499781
CURRENT_TIMESTAMP,CURRENT_TIMESTAMP,100003774,100001000,1,Gymnastics Rings,000003774
CURRENT_TIMESTAMP,CURRENT_TIMESTAMP,100003123,100001000,1,Gymnastics Springboards,000003123
CURRENT_TIMESTAMP,CURRENT_TIMESTAMP,100003182,100001000,1,Pommel Horses,000003182
CURRENT_TIMESTAMP,CURRENT_TIMESTAMP,100003779,100001000,1,Vaulting Horses,000003779
CURRENT_TIMESTAMP,CURRENT_TIMESTAMP,100503752,100499713,1,Racquetball & Squash,000503752
CURRENT_TIMESTAMP,CURRENT_TIMESTAMP,100503753,100503752,1,Racquetball & Squash Balls,000503753
CURRENT_TIMESTAMP,CURRENT_TIMESTAMP,100003119,100503752,1,Racquetball & Squash Eyewear,000003119
CURRENT_TIMESTAMP,CURRENT_TIMESTAMP,100499783,100503752,1,Racquetball & Squash Gloves,000499783
CURRENT_TIMESTAMP,CURRENT_TIMESTAMP,100003714,100503752,1,Racquetball Racquets,000003714
CURRENT_TIMESTAMP,CURRENT_TIMESTAMP,100004002,100503752,1,Squash Racquets,000004002
CURRENT_TIMESTAMP,CURRENT_TIMESTAMP,100007156,100499713,1,Rounders,000007156
CURRENT_TIMESTAMP,CURRENT_TIMESTAMP,100007158,100007156,1,Rounders Bats,000007158
CURRENT_TIMESTAMP,CURRENT_TIMESTAMP,100007157,100007156,1,Rounders Gloves,000007157
CURRENT_TIMESTAMP,CURRENT_TIMESTAMP,100001110,100499713,1,Rugby,000001110
CURRENT_TIMESTAMP,CURRENT_TIMESTAMP,100003761,100001110,1,Rugby Balls,000003761
CURRENT_TIMESTAMP,CURRENT_TIMESTAMP,100003487,100001110,1,Rugby Gloves,000003487
CURRENT_TIMESTAMP,CURRENT_TIMESTAMP,100003881,100001110,1,Rugby Posts,000003881
CURRENT_TIMESTAMP,CURRENT_TIMESTAMP,100499782,100001110,1,Rugby Protective Gear,000499782
CURRENT_TIMESTAMP,CURRENT_TIMESTAMP,100003077,100499782,1,Rugby Headgear,000003077
CURRENT_TIMESTAMP,CURRENT_TIMESTAMP,100003983,100001110,1,Rugby Training Aids,000003983
CURRENT_TIMESTAMP,CURRENT_TIMESTAMP,100001111,100499713,1,Soccer,000001111
CURRENT_TIMESTAMP,CURRENT_TIMESTAMP,100001112,100001111,1,Soccer Balls,000001112
CURRENT_TIMESTAMP,CURRENT_TIMESTAMP,100003973,100001111,1,Soccer Corner Flags,000003973
CURRENT_TIMESTAMP,CURRENT_TIMESTAMP,100003141,100001111,1,Soccer Gloves,000003141
CURRENT_TIMESTAMP,CURRENT_TIMESTAMP,100006055,100001111,1,Soccer Goal Accessories,000006055
CURRENT_TIMESTAMP,CURRENT_TIMESTAMP,100001113,100001111,1,Soccer Goals,000001113
CURRENT_TIMESTAMP,CURRENT_TIMESTAMP,100499784,100001111,1,Soccer Protective Gear,000499784
CURRENT_TIMESTAMP,CURRENT_TIMESTAMP,100001114,100499784,1,Soccer Shin Guards,000001114
CURRENT_TIMESTAMP,CURRENT_TIMESTAMP,100001047,100499713,1,Team Handball,000001047
CURRENT_TIMESTAMP,CURRENT_TIMESTAMP,100499785,100001047,1,Handballs,000499785
CURRENT_TIMESTAMP,CURRENT_TIMESTAMP,100001065,100499713,1,Tennis,000001065
CURRENT_TIMESTAMP,CURRENT_TIMESTAMP,100003105,100001065,1,Tennis Ball Hoppers & Carts,000003105
CURRENT_TIMESTAMP,CURRENT_TIMESTAMP,100003985,100001065,1,Tennis Ball Machines,000003985
CURRENT_TIMESTAMP,CURRENT_TIMESTAMP,100003565,100001065,1,Tennis Ball Savers,000003565
CURRENT_TIMESTAMP,CURRENT_TIMESTAMP,100003113,100001065,1,Tennis Balls,000003113
CURRENT_TIMESTAMP,CURRENT_TIMESTAMP,100003961,100001065,1,Tennis Nets,000003961
CURRENT_TIMESTAMP,CURRENT_TIMESTAMP,100003658,100001065,1,Tennis Racquet Accessories,000003658
CURRENT_TIMESTAMP,CURRENT_TIMESTAMP,100003352,100003658,1,Racquet Vibration Dampeners,000003352
CURRENT_TIMESTAMP,CURRENT_TIMESTAMP,100003638,100003658,1,Tennis Racquet Bags,000003638
CURRENT_TIMESTAMP,CURRENT_TIMESTAMP,100003403,100003658,1,Tennis Racquet Grips & Tape,000003403
CURRENT_TIMESTAMP,CURRENT_TIMESTAMP,100003295,100003658,1,Tennis Racquet Grommets,000003295
CURRENT_TIMESTAMP,CURRENT_TIMESTAMP,100003922,100003658,1,Tennis Racquet String,000003922
CURRENT_TIMESTAMP,CURRENT_TIMESTAMP,100003906,100001065,1,Tennis Racquets,000003906
CURRENT_TIMESTAMP,CURRENT_TIMESTAMP,100001060,100499713,1,Track & Field,000001060
CURRENT_TIMESTAMP,CURRENT_TIMESTAMP,100003478,100001060,1,Discus,000003478
CURRENT_TIMESTAMP,CURRENT_TIMESTAMP,100003445,100001060,1,High Jump Crossbars,000003445
CURRENT_TIMESTAMP,CURRENT_TIMESTAMP,100003864,100001060,1,High Jump Pits,000003864
CURRENT_TIMESTAMP,CURRENT_TIMESTAMP,100003389,100001060,1,Javelins,000003389
CURRENT_TIMESTAMP,CURRENT_TIMESTAMP,100003987,100001060,1,Pole Vault Pits,000003987
CURRENT_TIMESTAMP,CURRENT_TIMESTAMP,100003878,100001060,1,Relay Batons,000003878
CURRENT_TIMESTAMP,CURRENT_TIMESTAMP,100003770,100001060,1,Shot Puts,000003770
CURRENT_TIMESTAMP,CURRENT_TIMESTAMP,100003997,100001060,1,Starter Pistols,000003997
CURRENT_TIMESTAMP,CURRENT_TIMESTAMP,100003880,100001060,1,Throwing Hammers,000003880
CURRENT_TIMESTAMP,CURRENT_TIMESTAMP,100003149,100001060,1,Track Hurdles,000003149
CURRENT_TIMESTAMP,CURRENT_TIMESTAMP,100499786,100001060,1,Track Starting Blocks,000499786
CURRENT_TIMESTAMP,CURRENT_TIMESTAMP,100004020,100001060,1,Vaulting Poles,000004020
CURRENT_TIMESTAMP,CURRENT_TIMESTAMP,100001115,100499713,1,Volleyball,000001115
CURRENT_TIMESTAMP,CURRENT_TIMESTAMP,100001117,100001115,1,Volleyball Nets,000001117
CURRENT_TIMESTAMP,CURRENT_TIMESTAMP,100499788,100001115,1,Volleyball Protective Gear,000499788
CURRENT_TIMESTAMP,CURRENT_TIMESTAMP,100499789,100499788,1,Volleyball Knee Pads,000499789
CURRENT_TIMESTAMP,CURRENT_TIMESTAMP,100499787,100001115,1,Volleyball Training Aids,000499787
CURRENT_TIMESTAMP,CURRENT_TIMESTAMP,100001116,100001115,1,Volleyballs,000001116
CURRENT_TIMESTAMP,CURRENT_TIMESTAMP,100499861,100499713,1,Wallyball Equipment,000499861
CURRENT_TIMESTAMP,CURRENT_TIMESTAMP,100001145,100499713,1,Water Polo,000001145
CURRENT_TIMESTAMP,CURRENT_TIMESTAMP,100003794,100001145,1,Water Polo Balls,000003794
CURRENT_TIMESTAMP,CURRENT_TIMESTAMP,100003575,100001145,1,Water Polo Caps,000003575
CURRENT_TIMESTAMP,CURRENT_TIMESTAMP,100003678,100001145,1,Water Polo Goals,000003678
CURRENT_TIMESTAMP,CURRENT_TIMESTAMP,100001068,100499713,1,Wrestling,000001068
CURRENT_TIMESTAMP,CURRENT_TIMESTAMP,100003057,100001068,1,Wrestling Protective Gear,000003057
CURRENT_TIMESTAMP,CURRENT_TIMESTAMP,100499791,100003057,1,Wrestling Headgear,000499791
CURRENT_TIMESTAMP,CURRENT_TIMESTAMP,100499790,100003057,1,Wrestling Knee Pads,000499790
CURRENT_TIMESTAMP,CURRENT_TIMESTAMP,100000990,100000988,1,Exercise & Fitness,000000990
CURRENT_TIMESTAMP,CURRENT_TIMESTAMP,100499797,100000990,1,Ab Wheels & Rollers,000499797
CURRENT_TIMESTAMP,CURRENT_TIMESTAMP,100237166,100000990,1,Aerobic Steps,000237166
CURRENT_TIMESTAMP,CURRENT_TIMESTAMP,100499796,100000990,1,Balance Trainers,000499796
CURRENT_TIMESTAMP,CURRENT_TIMESTAMP,100499792,100000990,1,Cardio,000499792
CURRENT_TIMESTAMP,CURRENT_TIMESTAMP,100004598,100499792,1,Cardio Machine Accessories,000004598
CURRENT_TIMESTAMP,CURRENT_TIMESTAMP,100499703,100004598,1,Elliptical Trainer Accessories,000499703
CURRENT_TIMESTAMP,CURRENT_TIMESTAMP,100499702,100004598,1,Exercise Bike Accessories,000499702
CURRENT_TIMESTAMP,CURRENT_TIMESTAMP,100499701,100004598,1,Rowing Machine Accessories,000499701
CURRENT_TIMESTAMP,CURRENT_TIMESTAMP,100499700,100004598,1,Stair Climber & Stepper Accessories,000499700
CURRENT_TIMESTAMP,CURRENT_TIMESTAMP,100499699,100004598,1,Treadmill Accessories,000499699
CURRENT_TIMESTAMP,CURRENT_TIMESTAMP,100004589,100499792,1,Cardio Machines,000004589
CURRENT_TIMESTAMP,CURRENT_TIMESTAMP,100000992,100004589,1,Elliptical Trainers,000000992
CURRENT_TIMESTAMP,CURRENT_TIMESTAMP,100000994,100004589,1,Exercise Bikes,000000994
CURRENT_TIMESTAMP,CURRENT_TIMESTAMP,100000995,100004589,1,Rowing Machines,000000995
CURRENT_TIMESTAMP,CURRENT_TIMESTAMP,100000996,100004589,1,Stair Climbers & Steppers,000000996
CURRENT_TIMESTAMP,CURRENT_TIMESTAMP,100543610,100000996,1,Stair Climbers,000543610
CURRENT_TIMESTAMP,CURRENT_TIMESTAMP,100543611,100000996,1,Stair Steppers,000543611
CURRENT_TIMESTAMP,CURRENT_TIMESTAMP,100000997,100004589,1,Treadmills,000000997
CURRENT_TIMESTAMP,CURRENT_TIMESTAMP,100002614,100499792,1,Jump Ropes,000002614
CURRENT_TIMESTAMP,CURRENT_TIMESTAMP,100000993,100000990,1,Exercise Balls,000000993
CURRENT_TIMESTAMP,CURRENT_TIMESTAMP,100005869,100000990,1,Exercise Bands,000005869
CURRENT_TIMESTAMP,CURRENT_TIMESTAMP,100499795,100000990,1,Exercise Benches,000499795
CURRENT_TIMESTAMP,CURRENT_TIMESTAMP,100004669,100000990,1,Exercise Equipment Mats,000004669
CURRENT_TIMESTAMP,CURRENT_TIMESTAMP,100499978,100000990,1,Exercise Machine & Equipment Sets,000499978
CURRENT_TIMESTAMP,CURRENT_TIMESTAMP,100008471,100000990,1,Exercise Wedges,000008471
CURRENT_TIMESTAMP,CURRENT_TIMESTAMP,100006337,100000990,1,Foam Roller Accessories,000006337
CURRENT_TIMESTAMP,CURRENT_TIMESTAMP,100006338,100006337,1,Foam Roller Storage Bags,000006338
CURRENT_TIMESTAMP,CURRENT_TIMESTAMP,100005319,100000990,1,Foam Rollers,000005319
CURRENT_TIMESTAMP,CURRENT_TIMESTAMP,100006867,100000990,1,Hand Exercisers,000006867
CURRENT_TIMESTAMP,CURRENT_TIMESTAMP,100355576,100000990,1,Inversion Tables & Systems,000355576
CURRENT_TIMESTAMP,CURRENT_TIMESTAMP,100003938,100000990,1,Medicine Balls,000003938
CURRENT_TIMESTAMP,CURRENT_TIMESTAMP,100499912,100000990,1,Power Towers,000499912
CURRENT_TIMESTAMP,CURRENT_TIMESTAMP,100008215,100000990,1,Push Up & Pull Up Bars,000008215
CURRENT_TIMESTAMP,CURRENT_TIMESTAMP,100007174,100000990,1,Reaction Balls,000007174
CURRENT_TIMESTAMP,CURRENT_TIMESTAMP,100008062,100000990,1,Speed & Resistance Parachutes,000008062
CURRENT_TIMESTAMP,CURRENT_TIMESTAMP,100505302,100000990,1,Sport Safety Lights & Reflectors,000505302
CURRENT_TIMESTAMP,CURRENT_TIMESTAMP,100005693,100000990,1,Stopwatches,000005693
CURRENT_TIMESTAMP,CURRENT_TIMESTAMP,100499798,100000990,1,Suspension Trainers,000499798
CURRENT_TIMESTAMP,CURRENT_TIMESTAMP,100008066,100000990,1,Vibration Exercise Machines,000008066
CURRENT_TIMESTAMP,CURRENT_TIMESTAMP,100499793,100000990,1,Weight Lifting,000499793
CURRENT_TIMESTAMP,CURRENT_TIMESTAMP,100006452,100499793,1,Free Weight Accessories,000006452
CURRENT_TIMESTAMP,CURRENT_TIMESTAMP,100008083,100006452,1,Free Weight Storage Racks,000008083
CURRENT_TIMESTAMP,CURRENT_TIMESTAMP,100499794,100006452,1,Weight Bar Collars,000499794
CURRENT_TIMESTAMP,CURRENT_TIMESTAMP,100003271,100006452,1,Weight Bars,000003271
CURRENT_TIMESTAMP,CURRENT_TIMESTAMP,100003164,100499793,1,Free Weights,000003164
CURRENT_TIMESTAMP,CURRENT_TIMESTAMP,100003654,100499793,1,Weight Lifting Belts,000003654
CURRENT_TIMESTAMP,CURRENT_TIMESTAMP,100003858,100499793,1,Weight Lifting Gloves & Hand Supports,000003858
CURRENT_TIMESTAMP,CURRENT_TIMESTAMP,100003217,100499793,1,Weight Lifting Machine & Exercise Bench Accessories,000003217
CURRENT_TIMESTAMP,CURRENT_TIMESTAMP,100003542,100499793,1,Weight Lifting Machines & Racks,000003542
CURRENT_TIMESTAMP,CURRENT_TIMESTAMP,100006103,100000990,1,Weighted Clothing,000006103
CURRENT_TIMESTAMP,CURRENT_TIMESTAMP,100000999,100000990,1,Yoga & Pilates,000000999
CURRENT_TIMESTAMP,CURRENT_TIMESTAMP,100003810,100000999,1,Pilates Machines,000003810
CURRENT_TIMESTAMP,CURRENT_TIMESTAMP,100006750,100000999,1,Yoga & Pilates Blocks,000006750
CURRENT_TIMESTAMP,CURRENT_TIMESTAMP,100003640,100000999,1,Yoga & Pilates Mats,000003640
CURRENT_TIMESTAMP,CURRENT_TIMESTAMP,100006743,100000999,1,Yoga & Pilates Towels,000006743
CURRENT_TIMESTAMP,CURRENT_TIMESTAMP,100005107,100000999,1,Yoga Mat Bags & Straps,000005107
CURRENT_TIMESTAMP,CURRENT_TIMESTAMP,100001001,100000988,1,Indoor Games,000001001
CURRENT_TIMESTAMP,CURRENT_TIMESTAMP,100001002,100001001,1,Air Hockey,000001002
CURRENT_TIMESTAMP,CURRENT_TIMESTAMP,100505330,100001002,1,Air Hockey Equipment,000505330
CURRENT_TIMESTAMP,CURRENT_TIMESTAMP,100003548,100001002,1,Air Hockey Table Parts,000003548
CURRENT_TIMESTAMP,CURRENT_TIMESTAMP,100003245,100001002,1,Air Hockey Tables,000003245
CURRENT_TIMESTAMP,CURRENT_TIMESTAMP,100001003,100001001,1,Billiards,000001003
CURRENT_TIMESTAMP,CURRENT_TIMESTAMP,100003059,100001003,1,Billiard Ball Racks,000003059
CURRENT_TIMESTAMP,CURRENT_TIMESTAMP,100003135,100001003,1,Billiard Balls,000003135
CURRENT_TIMESTAMP,CURRENT_TIMESTAMP,100003222,100001003,1,Billiard Cue Accessories,000003222
CURRENT_TIMESTAMP,CURRENT_TIMESTAMP,100499993,100003222,1,Billiard Cue Cases,000499993
CURRENT_TIMESTAMP,CURRENT_TIMESTAMP,100499994,100003222,1,Billiard Cue Chalk,000499994
CURRENT_TIMESTAMP,CURRENT_TIMESTAMP,100003720,100003222,1,Billiard Cue Racks,000003720
CURRENT_TIMESTAMP,CURRENT_TIMESTAMP,100003910,100001003,1,Billiard Cues & Bridges,000003910
CURRENT_TIMESTAMP,CURRENT_TIMESTAMP,100003755,100001003,1,Billiard Gloves,000003755
CURRENT_TIMESTAMP,CURRENT_TIMESTAMP,100003469,100001003,1,Billiard Table Lights,000003469
CURRENT_TIMESTAMP,CURRENT_TIMESTAMP,100003183,100001003,1,Billiard Table Parts & Accessories,000003183
CURRENT_TIMESTAMP,CURRENT_TIMESTAMP,100003574,100003183,1,Billiard Pockets,000003574
CURRENT_TIMESTAMP,CURRENT_TIMESTAMP,100003754,100003183,1,Billiard Table Brushes,000003754
CURRENT_TIMESTAMP,CURRENT_TIMESTAMP,100003547,100003183,1,Billiard Table Cloth,000003547
CURRENT_TIMESTAMP,CURRENT_TIMESTAMP,100008065,100003183,1,Billiard Table Covers,000008065
CURRENT_TIMESTAMP,CURRENT_TIMESTAMP,100003139,100001003,1,Billiard Tables,000003139
CURRENT_TIMESTAMP,CURRENT_TIMESTAMP,100001004,100001001,1,Bowling,000001004
CURRENT_TIMESTAMP,CURRENT_TIMESTAMP,100003698,100001004,1,Bowling Ball Bags,000003698
CURRENT_TIMESTAMP,CURRENT_TIMESTAMP,100003219,100001004,1,Bowling Balls,000003219
CURRENT_TIMESTAMP,CURRENT_TIMESTAMP,100003535,100001004,1,Bowling Gloves,000003535
CURRENT_TIMESTAMP,CURRENT_TIMESTAMP,100003669,100001004,1,Bowling Pins,000003669
CURRENT_TIMESTAMP,CURRENT_TIMESTAMP,100003260,100001004,1,Bowling Wrist Supports,000003260
CURRENT_TIMESTAMP,CURRENT_TIMESTAMP,100001007,100001001,1,Foosball,000001007
CURRENT_TIMESTAMP,CURRENT_TIMESTAMP,100003641,100001007,1,Foosball Balls,000003641
CURRENT_TIMESTAMP,CURRENT_TIMESTAMP,100003524,100001007,1,Foosball Table Parts & Accessories,000003524
CURRENT_TIMESTAMP,CURRENT_TIMESTAMP,100003847,100001007,1,Foosball Tables,000003847
CURRENT_TIMESTAMP,CURRENT_TIMESTAMP,100007010,100001001,1,Multi-Game Tables,000007010
CURRENT_TIMESTAMP,CURRENT_TIMESTAMP,100001008,100001001,1,Ping Pong,000001008
CURRENT_TIMESTAMP,CURRENT_TIMESTAMP,100003964,100001008,1,Ping Pong Balls,000003964
CURRENT_TIMESTAMP,CURRENT_TIMESTAMP,100003788,100001008,1,Ping Pong Nets & Posts,000003788
CURRENT_TIMESTAMP,CURRENT_TIMESTAMP,100003900,100001008,1,Ping Pong Paddle Accessories,000003900
CURRENT_TIMESTAMP,CURRENT_TIMESTAMP,100003375,100001008,1,Ping Pong Paddles & Sets,000003375
CURRENT_TIMESTAMP,CURRENT_TIMESTAMP,100003132,100001008,1,Ping Pong Robot Accessories,000003132
CURRENT_TIMESTAMP,CURRENT_TIMESTAMP,100003546,100001008,1,Ping Pong Robots,000003546
CURRENT_TIMESTAMP,CURRENT_TIMESTAMP,100003345,100001008,1,Ping Pong Tables,000003345
CURRENT_TIMESTAMP,CURRENT_TIMESTAMP,100001009,100001001,1,Table Shuffleboard,000001009
CURRENT_TIMESTAMP,CURRENT_TIMESTAMP,100003148,100001009,1,Shuffleboard Tables,000003148
CURRENT_TIMESTAMP,CURRENT_TIMESTAMP,100003996,100001009,1,Table Shuffleboard Powder,000003996
CURRENT_TIMESTAMP,CURRENT_TIMESTAMP,100004021,100001009,1,Table Shuffleboard Pucks,000004021
CURRENT_TIMESTAMP,CURRENT_TIMESTAMP,100001005,100001001,1,Throwing Darts,000001005
CURRENT_TIMESTAMP,CURRENT_TIMESTAMP,100003957,100001005,1,Dart Backboards,000003957
CURRENT_TIMESTAMP,CURRENT_TIMESTAMP,100003327,100001005,1,Dart Parts,000003327
CURRENT_TIMESTAMP,CURRENT_TIMESTAMP,100003766,100003327,1,Dart Flights,000003766
CURRENT_TIMESTAMP,CURRENT_TIMESTAMP,100003109,100003327,1,Dart Shafts,000003109
CURRENT_TIMESTAMP,CURRENT_TIMESTAMP,100003250,100003327,1,Dart Tips,000003250
CURRENT_TIMESTAMP,CURRENT_TIMESTAMP,100003559,100001005,1,Dartboards,000003559
CURRENT_TIMESTAMP,CURRENT_TIMESTAMP,100003839,100001005,1,Darts,000003839
CURRENT_TIMESTAMP,CURRENT_TIMESTAMP,100001011,100000988,1,Outdoor Recreation,000001011
CURRENT_TIMESTAMP,CURRENT_TIMESTAMP,100499811,100001011,1,Boating & Water Sports,000499811
CURRENT_TIMESTAMP,CURRENT_TIMESTAMP,100001120,100499811,1,Boating & Rafting,000001120
CURRENT_TIMESTAMP,CURRENT_TIMESTAMP,100007449,100001120,1,Boating Gloves,000007449
CURRENT_TIMESTAMP,CURRENT_TIMESTAMP,100006314,100001120,1,Canoe Accessories,000006314
CURRENT_TIMESTAMP,CURRENT_TIMESTAMP,100001124,100001120,1,Canoes,000001124
CURRENT_TIMESTAMP,CURRENT_TIMESTAMP,100006312,100001120,1,Kayak Accessories,000006312
CURRENT_TIMESTAMP,CURRENT_TIMESTAMP,100001127,100001120,1,Kayaks,000001127
CURRENT_TIMESTAMP,CURRENT_TIMESTAMP,100499964,100001120,1,Paddle Leashes,000499964
CURRENT_TIMESTAMP,CURRENT_TIMESTAMP,100001129,100001120,1,Paddles & Oars,000001129
CURRENT_TIMESTAMP,CURRENT_TIMESTAMP,100006097,100001120,1,Pedal Boats,000006097
CURRENT_TIMESTAMP,CURRENT_TIMESTAMP,100003406,100001120,1,Row Boats,000003406
CURRENT_TIMESTAMP,CURRENT_TIMESTAMP,100003476,100001120,1,Whitewater Rafts,000003476
CURRENT_TIMESTAMP,CURRENT_TIMESTAMP,100499813,100499811,1,Boating & Water Sport Apparel,000499813
CURRENT_TIMESTAMP,CURRENT_TIMESTAMP,100001138,100499813,1,Drysuits,000001138
CURRENT_TIMESTAMP,CURRENT_TIMESTAMP,100006496,100499813,1,Life Jacket Accessories,000006496
CURRENT_TIMESTAMP,CURRENT_TIMESTAMP,100001128,100499813,1,Life Jackets,000001128
CURRENT_TIMESTAMP,CURRENT_TIMESTAMP,100003376,100499813,1,Rash Guards & Swim Shirts,000003376
CURRENT_TIMESTAMP,CURRENT_TIMESTAMP,100499687,100499813,1,Water Sport Helmets,000499687
CURRENT_TIMESTAMP,CURRENT_TIMESTAMP,100499814,100499813,1,Wetsuit Pieces,000499814
CURRENT_TIMESTAMP,CURRENT_TIMESTAMP,100005400,100499814,1,Wetsuit Bottoms,000005400
CURRENT_TIMESTAMP,CURRENT_TIMESTAMP,100005399,100499814,1,Wetsuit Hoods,000005399
CURRENT_TIMESTAMP,CURRENT_TIMESTAMP,100005401,100499814,1,Wetsuit Tops,000005401
CURRENT_TIMESTAMP,CURRENT_TIMESTAMP,100001147,100499813,1,Wetsuits,000001147
CURRENT_TIMESTAMP,CURRENT_TIMESTAMP,100001135,100499811,1,Diving & Snorkeling,000001135
CURRENT_TIMESTAMP,CURRENT_TIMESTAMP,100001136,100001135,1,Buoyancy Compensators,000001136
CURRENT_TIMESTAMP,CURRENT_TIMESTAMP,100001137,100001135,1,Dive Computers,000001137
CURRENT_TIMESTAMP,CURRENT_TIMESTAMP,100499867,100001135,1,Diving & Snorkeling Equipment Sets,000499867
CURRENT_TIMESTAMP,CURRENT_TIMESTAMP,100001139,100001135,1,Diving & Snorkeling Fins,000001139
CURRENT_TIMESTAMP,CURRENT_TIMESTAMP,100001140,100001135,1,Diving & Snorkeling Masks,000001140
CURRENT_TIMESTAMP,CURRENT_TIMESTAMP,100006514,100001135,1,Diving Belts,000006514
CURRENT_TIMESTAMP,CURRENT_TIMESTAMP,100005312,100001135,1,Diving Knives & Shears,000005312
CURRENT_TIMESTAMP,CURRENT_TIMESTAMP,100001141,100001135,1,Diving Regulators,000001141
CURRENT_TIMESTAMP,CURRENT_TIMESTAMP,100001142,100001135,1,Snorkels,000001142
CURRENT_TIMESTAMP,CURRENT_TIMESTAMP,100005579,100499811,1,Kitesurfing,000005579
CURRENT_TIMESTAMP,CURRENT_TIMESTAMP,100005584,100005579,1,Kiteboard Cases,000005584
CURRENT_TIMESTAMP,CURRENT_TIMESTAMP,100005581,100005579,1,Kiteboard Parts,000005581
CURRENT_TIMESTAMP,CURRENT_TIMESTAMP,100005580,100005579,1,Kiteboards,000005580
CURRENT_TIMESTAMP,CURRENT_TIMESTAMP,100005583,100005579,1,Kitesurfing & Windsurfing Harnesses,000005583
CURRENT_TIMESTAMP,CURRENT_TIMESTAMP,100005582,100005579,1,Kitesurfing Kites,000005582
CURRENT_TIMESTAMP,CURRENT_TIMESTAMP,100001143,100499811,1,Surfing,000001143
CURRENT_TIMESTAMP,CURRENT_TIMESTAMP,100006287,100001143,1,Bodyboards,000006287
CURRENT_TIMESTAMP,CURRENT_TIMESTAMP,100006288,100001143,1,Paddleboards,000006288
CURRENT_TIMESTAMP,CURRENT_TIMESTAMP,100006286,100001143,1,Skimboards,000006286
CURRENT_TIMESTAMP,CURRENT_TIMESTAMP,100003649,100001143,1,Surf Leashes,000003649
CURRENT_TIMESTAMP,CURRENT_TIMESTAMP,100003579,100001143,1,Surfboard Cases & Bags,000003579
CURRENT_TIMESTAMP,CURRENT_TIMESTAMP,100003525,100001143,1,Surfboard Fins,000003525
CURRENT_TIMESTAMP,CURRENT_TIMESTAMP,100003801,100001143,1,Surfboard Wax,000003801
CURRENT_TIMESTAMP,CURRENT_TIMESTAMP,100003320,100001143,1,Surfboards,000003320
CURRENT_TIMESTAMP,CURRENT_TIMESTAMP,100007451,100001143,1,Surfing Gloves,000007451
CURRENT_TIMESTAMP,CURRENT_TIMESTAMP,100003762,100001143,1,Surfing Tail Pads,000003762
CURRENT_TIMESTAMP,CURRENT_TIMESTAMP,100001144,100499811,1,Swimming,000001144
CURRENT_TIMESTAMP,CURRENT_TIMESTAMP,100007104,100001144,1,Child Swimming Aids,000007104
CURRENT_TIMESTAMP,CURRENT_TIMESTAMP,100006473,100001144,1,Hand Paddles,000006473
CURRENT_TIMESTAMP,CURRENT_TIMESTAMP,100002966,100001144,1,Kickboards,000002966
CURRENT_TIMESTAMP,CURRENT_TIMESTAMP,100003595,100001144,1,Pull Buoys,000003595
CURRENT_TIMESTAMP,CURRENT_TIMESTAMP,100006513,100001144,1,Swim Belts,000006513
CURRENT_TIMESTAMP,CURRENT_TIMESTAMP,100003807,100001144,1,Swim Caps,000003807
CURRENT_TIMESTAMP,CURRENT_TIMESTAMP,100003304,100001144,1,Swim Gloves,000003304
CURRENT_TIMESTAMP,CURRENT_TIMESTAMP,100006330,100001144,1,Swim Goggle & Mask Accessories,000006330
CURRENT_TIMESTAMP,CURRENT_TIMESTAMP,100003360,100001144,1,Swim Goggles & Masks,000003360
CURRENT_TIMESTAMP,CURRENT_TIMESTAMP,100006550,100001144,1,Swim Weights,000006550
CURRENT_TIMESTAMP,CURRENT_TIMESTAMP,100006511,100001144,1,Swimming Fins,000006511
CURRENT_TIMESTAMP,CURRENT_TIMESTAMP,100006512,100006511,1,Monofins,000006512
CURRENT_TIMESTAMP,CURRENT_TIMESTAMP,100002512,100006511,1,Training Fins,000002512
CURRENT_TIMESTAMP,CURRENT_TIMESTAMP,100003596,100001144,1,Swimming Machines,000003596
CURRENT_TIMESTAMP,CURRENT_TIMESTAMP,100006515,100001144,1,Swimming Nose Clips,000006515
CURRENT_TIMESTAMP,CURRENT_TIMESTAMP,100003195,100499811,1,Towed Water Sports,000003195
CURRENT_TIMESTAMP,CURRENT_TIMESTAMP,100003370,100003195,1,Kneeboarding,000003370
CURRENT_TIMESTAMP,CURRENT_TIMESTAMP,100003101,100003370,1,Kneeboards,000003101
CURRENT_TIMESTAMP,CURRENT_TIMESTAMP,100006301,100003195,1,Towable Rafts & Tubes,000006301
CURRENT_TIMESTAMP,CURRENT_TIMESTAMP,100007452,100003195,1,Towed Water Sport Gloves,000007452
CURRENT_TIMESTAMP,CURRENT_TIMESTAMP,100003282,100003195,1,Wakeboarding,000003282
CURRENT_TIMESTAMP,CURRENT_TIMESTAMP,100505317,100003282,1,Kiteboard & Wakeboard Bindings,000505317
CURRENT_TIMESTAMP,CURRENT_TIMESTAMP,100505291,100003282,1,Wakeboard Parts,000505291
CURRENT_TIMESTAMP,CURRENT_TIMESTAMP,100003353,100003282,1,Wakeboards,000003353
CURRENT_TIMESTAMP,CURRENT_TIMESTAMP,100001146,100003195,1,Water Skiing,000001146
CURRENT_TIMESTAMP,CURRENT_TIMESTAMP,100003289,100001146,1,Sit-Down Hydrofoils,000003289
CURRENT_TIMESTAMP,CURRENT_TIMESTAMP,100006302,100001146,1,Water Ski Bindings,000006302
CURRENT_TIMESTAMP,CURRENT_TIMESTAMP,100006296,100001146,1,Water Ski Cases & Bags,000006296
CURRENT_TIMESTAMP,CURRENT_TIMESTAMP,100003350,100001146,1,Water Skis,000003350
CURRENT_TIMESTAMP,CURRENT_TIMESTAMP,100003636,100003195,1,Water Sport Tow Cables,000003636
CURRENT_TIMESTAMP,CURRENT_TIMESTAMP,100007178,100499811,1,Watercraft Storage Racks,000007178
CURRENT_TIMESTAMP,CURRENT_TIMESTAMP,100008172,100007178,1,Boat Storage Racks,000008172
CURRENT_TIMESTAMP,CURRENT_TIMESTAMP,100008173,100007178,1,Water Sport Board Storage Racks,000008173
CURRENT_TIMESTAMP,CURRENT_TIMESTAMP,100001148,100499811,1,Windsurfing,000001148
CURRENT_TIMESTAMP,CURRENT_TIMESTAMP,100003624,100001148,1,Windsurfing Board Parts,000003624
CURRENT_TIMESTAMP,CURRENT_TIMESTAMP,100003908,100003624,1,Windsurfing Board Fins,000003908
CURRENT_TIMESTAMP,CURRENT_TIMESTAMP,100003285,100003624,1,Windsurfing Board Masts,000003285
CURRENT_TIMESTAMP,CURRENT_TIMESTAMP,100003894,100001148,1,Windsurfing Boards,000003894
CURRENT_TIMESTAMP,CURRENT_TIMESTAMP,100003413,100001148,1,Windsurfing Sails,000003413
CURRENT_TIMESTAMP,CURRENT_TIMESTAMP,100001013,100001011,1,Camping & Hiking,000001013
CURRENT_TIMESTAMP,CURRENT_TIMESTAMP,100001014,100001013,1,Camp Furniture,000001014
CURRENT_TIMESTAMP,CURRENT_TIMESTAMP,100004451,100001014,1,Air Mattress & Sleeping Pad Accessories,000004451
CURRENT_TIMESTAMP,CURRENT_TIMESTAMP,100003695,100001014,1,Air Mattresses,000003695
CURRENT_TIMESTAMP,CURRENT_TIMESTAMP,100003089,100001014,1,Cots,000003089
CURRENT_TIMESTAMP,CURRENT_TIMESTAMP,100001016,100001013,1,Camping Cookware & Dinnerware,000001016
CURRENT_TIMESTAMP,CURRENT_TIMESTAMP,100001019,100001013,1,Camping Lights & Lanterns,000001019
CURRENT_TIMESTAMP,CURRENT_TIMESTAMP,100003937,100001013,1,Camping Tools,000003937
CURRENT_TIMESTAMP,CURRENT_TIMESTAMP,100003495,100003937,1,Hunting & Survival Knives,000003495
CURRENT_TIMESTAMP,CURRENT_TIMESTAMP,100004095,100003937,1,Multifunction Tools & Knives,000004095
CURRENT_TIMESTAMP,CURRENT_TIMESTAMP,100003508,100001013,1,Chemical Hand Warmers,000003508
CURRENT_TIMESTAMP,CURRENT_TIMESTAMP,100005636,100001013,1,Compression Sacks,000005636
CURRENT_TIMESTAMP,CURRENT_TIMESTAMP,100007154,100001013,1,Hiking Pole Accessories,000007154
CURRENT_TIMESTAMP,CURRENT_TIMESTAMP,100003738,100001013,1,Hiking Poles,000003738
CURRENT_TIMESTAMP,CURRENT_TIMESTAMP,100003538,100001013,1,Mosquito Nets & Insect Screens,000003538
CURRENT_TIMESTAMP,CURRENT_TIMESTAMP,100004785,100001013,1,Navigational Compasses,000004785
CURRENT_TIMESTAMP,CURRENT_TIMESTAMP,100502993,100001013,1,Portable Toilets & Showers,000502993
CURRENT_TIMESTAMP,CURRENT_TIMESTAMP,100502994,100502993,1,Portable Showers & Privacy Enclosures,000502994
CURRENT_TIMESTAMP,CURRENT_TIMESTAMP,100503009,100502993,1,Portable Toilets & Urination Devices,000503009
CURRENT_TIMESTAMP,CURRENT_TIMESTAMP,100001023,100001013,1,Portable Water Filters & Purifiers,000001023
CURRENT_TIMESTAMP,CURRENT_TIMESTAMP,100005881,100001013,1,Sleeping Bag Liners,000005881
CURRENT_TIMESTAMP,CURRENT_TIMESTAMP,100001020,100001013,1,Sleeping Bags,000001020
CURRENT_TIMESTAMP,CURRENT_TIMESTAMP,100001021,100001013,1,Sleeping Pads,000001021
CURRENT_TIMESTAMP,CURRENT_TIMESTAMP,100005655,100001013,1,Tent Accessories,000005655
CURRENT_TIMESTAMP,CURRENT_TIMESTAMP,100499680,100005655,1,Inner Tents,000499680
CURRENT_TIMESTAMP,CURRENT_TIMESTAMP,100005656,100005655,1,Tent Footprints,000005656
CURRENT_TIMESTAMP,CURRENT_TIMESTAMP,100005658,100005655,1,Tent Poles & Stakes,000005658
CURRENT_TIMESTAMP,CURRENT_TIMESTAMP,100005657,100005655,1,Tent Vestibules,000005657
CURRENT_TIMESTAMP,CURRENT_TIMESTAMP,100001022,100001013,1,Tents,000001022
CURRENT_TIMESTAMP,CURRENT_TIMESTAMP,100008079,100001013,1,Windbreaks,000008079
CURRENT_TIMESTAMP,CURRENT_TIMESTAMP,100007059,100001011,1,Climbing,000007059
CURRENT_TIMESTAMP,CURRENT_TIMESTAMP,100003363,100007059,1,Belay Devices,000003363
CURRENT_TIMESTAMP,CURRENT_TIMESTAMP,100003746,100007059,1,Carabiners,000003746
CURRENT_TIMESTAMP,CURRENT_TIMESTAMP,100499815,100007059,1,Climbing Apparel & Accessories,000499815
CURRENT_TIMESTAMP,CURRENT_TIMESTAMP,100499816,100499815,1,Climbing Gloves,000499816
CURRENT_TIMESTAMP,CURRENT_TIMESTAMP,100003314,100499815,1,Climbing Helmets,000003314
CURRENT_TIMESTAMP,CURRENT_TIMESTAMP,100005394,100499815,1,Crampons,000005394
CURRENT_TIMESTAMP,CURRENT_TIMESTAMP,100003454,100007059,1,Climbing Ascenders & Descenders,000003454
CURRENT_TIMESTAMP,CURRENT_TIMESTAMP,100003211,100007059,1,Climbing Chalk Bags,000003211
CURRENT_TIMESTAMP,CURRENT_TIMESTAMP,100003322,100007059,1,Climbing Crash Pads,000003322
CURRENT_TIMESTAMP,CURRENT_TIMESTAMP,100003218,100007059,1,Climbing Harnesses,000003218
CURRENT_TIMESTAMP,CURRENT_TIMESTAMP,100003266,100007059,1,Climbing Protection Devices,000003266
CURRENT_TIMESTAMP,CURRENT_TIMESTAMP,100003825,100007059,1,Climbing Rope,000003825
CURRENT_TIMESTAMP,CURRENT_TIMESTAMP,100003201,100007059,1,Climbing Rope Bags,000003201
CURRENT_TIMESTAMP,CURRENT_TIMESTAMP,100003369,100007059,1,Climbing Webbing,000003369
CURRENT_TIMESTAMP,CURRENT_TIMESTAMP,100007060,100007059,1,Ice Climbing Tools,000007060
CURRENT_TIMESTAMP,CURRENT_TIMESTAMP,100007061,100007059,1,Ice Screws,000007061
CURRENT_TIMESTAMP,CURRENT_TIMESTAMP,100003518,100007059,1,Indoor Climbing Holds,000003518
CURRENT_TIMESTAMP,CURRENT_TIMESTAMP,100003849,100007059,1,Quickdraws,000003849
CURRENT_TIMESTAMP,CURRENT_TIMESTAMP,100001025,100001011,1,Cycling,000001025
CURRENT_TIMESTAMP,CURRENT_TIMESTAMP,100003214,100001025,1,Bicycle Accessories,000003214
CURRENT_TIMESTAMP,CURRENT_TIMESTAMP,100003778,100003214,1,Bicycle Bags & Panniers,000003778
CURRENT_TIMESTAMP,CURRENT_TIMESTAMP,100003341,100003214,1,Bicycle Baskets,000003341
CURRENT_TIMESTAMP,CURRENT_TIMESTAMP,100003879,100003214,1,Bicycle Bells & Horns,000003879
CURRENT_TIMESTAMP,CURRENT_TIMESTAMP,100004145,100003214,1,Bicycle Cages,000004145
CURRENT_TIMESTAMP,CURRENT_TIMESTAMP,100500067,100003214,1,Bicycle Child Seat Accessories,000500067
CURRENT_TIMESTAMP,CURRENT_TIMESTAMP,100005842,100003214,1,Bicycle Child Seats,000005842
CURRENT_TIMESTAMP,CURRENT_TIMESTAMP,100005540,100003214,1,Bicycle Computer Accessories,000005540
CURRENT_TIMESTAMP,CURRENT_TIMESTAMP,100003243,100003214,1,Bicycle Computers,000003243
CURRENT_TIMESTAMP,CURRENT_TIMESTAMP,100006442,100003214,1,Bicycle Covers,000006442
CURRENT_TIMESTAMP,CURRENT_TIMESTAMP,100003719,100003214,1,Bicycle Fenders,000003719
CURRENT_TIMESTAMP,CURRENT_TIMESTAMP,100001028,100003214,1,Bicycle Front & Rear Racks,000001028
CURRENT_TIMESTAMP,CURRENT_TIMESTAMP,100500092,100003214,1,Bicycle Handlebar Grips & Decor,000500092
CURRENT_TIMESTAMP,CURRENT_TIMESTAMP,100001027,100003214,1,Bicycle Locks,000001027
CURRENT_TIMESTAMP,CURRENT_TIMESTAMP,100003368,100003214,1,Bicycle Mirrors,000003368
CURRENT_TIMESTAMP,CURRENT_TIMESTAMP,100003827,100003214,1,Bicycle Pumps,000003827
CURRENT_TIMESTAMP,CURRENT_TIMESTAMP,100006445,100003214,1,Bicycle Saddle Pads & Seat Covers,000006445
CURRENT_TIMESTAMP,CURRENT_TIMESTAMP,100006506,100003214,1,Bicycle Shock Pumps,000006506
CURRENT_TIMESTAMP,CURRENT_TIMESTAMP,100007448,100003214,1,Bicycle Spoke Beads,000007448
CURRENT_TIMESTAMP,CURRENT_TIMESTAMP,100003428,100003214,1,Bicycle Stands & Storage,000003428
CURRENT_TIMESTAMP,CURRENT_TIMESTAMP,100499694,100003214,1,Bicycle Tire Repair Supplies & Kits,000499694
CURRENT_TIMESTAMP,CURRENT_TIMESTAMP,100007223,100003214,1,Bicycle Toe Straps & Clips,000007223
CURRENT_TIMESTAMP,CURRENT_TIMESTAMP,100505668,100003214,1,Bicycle Tools,000505668
CURRENT_TIMESTAMP,CURRENT_TIMESTAMP,100003811,100003214,1,Bicycle Trailers,000003811
CURRENT_TIMESTAMP,CURRENT_TIMESTAMP,100003868,100003214,1,Bicycle Trainers,000003868
CURRENT_TIMESTAMP,CURRENT_TIMESTAMP,100003631,100003214,1,Bicycle Training Wheels,000003631
CURRENT_TIMESTAMP,CURRENT_TIMESTAMP,100003558,100003214,1,Bicycle Transport Bags & Cases,000003558
CURRENT_TIMESTAMP,CURRENT_TIMESTAMP,100006048,100003214,1,Bicycle Water Sport Board Racks,000006048
CURRENT_TIMESTAMP,CURRENT_TIMESTAMP,100500109,100003214,1,Electric Bicycle Conversion Kits,000500109
CURRENT_TIMESTAMP,CURRENT_TIMESTAMP,100003618,100001025,1,Bicycle Parts,000003618
CURRENT_TIMESTAMP,CURRENT_TIMESTAMP,100003740,100003618,1,Bicycle Brake Parts,000003740
CURRENT_TIMESTAMP,CURRENT_TIMESTAMP,100004574,100003740,1,Bicycle Brake Calipers,000004574
CURRENT_TIMESTAMP,CURRENT_TIMESTAMP,100004575,100003740,1,Bicycle Brake Levers,000004575
CURRENT_TIMESTAMP,CURRENT_TIMESTAMP,100004576,100003740,1,Bicycle Brake Rotors,000004576
CURRENT_TIMESTAMP,CURRENT_TIMESTAMP,100004577,100003740,1,Bicycle Brake Sets,000004577
CURRENT_TIMESTAMP,CURRENT_TIMESTAMP,100499684,100003618,1,Bicycle Cable Housings,000499684
CURRENT_TIMESTAMP,CURRENT_TIMESTAMP,100499685,100003618,1,Bicycle Cables,000499685
CURRENT_TIMESTAMP,CURRENT_TIMESTAMP,100004585,100003618,1,Bicycle Drivetrain Parts,000004585
CURRENT_TIMESTAMP,CURRENT_TIMESTAMP,100004590,100004585,1,Bicycle Bottom Brackets,000004590
CURRENT_TIMESTAMP,CURRENT_TIMESTAMP,100004586,100004585,1,Bicycle Cassettes & Freewheels,000004586
CURRENT_TIMESTAMP,CURRENT_TIMESTAMP,100004591,100004585,1,Bicycle Chainrings,000004591
CURRENT_TIMESTAMP,CURRENT_TIMESTAMP,100004587,100004585,1,Bicycle Chains,000004587
CURRENT_TIMESTAMP,CURRENT_TIMESTAMP,100004592,100004585,1,Bicycle Cranks,000004592
CURRENT_TIMESTAMP,CURRENT_TIMESTAMP,100004588,100004585,1,Bicycle Derailleurs,000004588
CURRENT_TIMESTAMP,CURRENT_TIMESTAMP,100004593,100004585,1,Bicycle Pedals,000004593
CURRENT_TIMESTAMP,CURRENT_TIMESTAMP,100004594,100004585,1,Bicycle Shifters,000004594
CURRENT_TIMESTAMP,CURRENT_TIMESTAMP,100004603,100003618,1,Bicycle Forks,000004603
CURRENT_TIMESTAMP,CURRENT_TIMESTAMP,100003639,100003618,1,Bicycle Frames,000003639
CURRENT_TIMESTAMP,CURRENT_TIMESTAMP,100499868,100003618,1,Bicycle Groupsets,000499868
CURRENT_TIMESTAMP,CURRENT_TIMESTAMP,100006960,100003618,1,Bicycle Handlebar Extensions,000006960
CURRENT_TIMESTAMP,CURRENT_TIMESTAMP,100004582,100003618,1,Bicycle Handlebars,000004582
CURRENT_TIMESTAMP,CURRENT_TIMESTAMP,100007478,100003618,1,Bicycle Headset Parts,000007478
CURRENT_TIMESTAMP,CURRENT_TIMESTAMP,100007480,100007478,1,Bicycle Headset Bearings,000007480
CURRENT_TIMESTAMP,CURRENT_TIMESTAMP,100007479,100007478,1,Bicycle Headset Spacers,000007479
CURRENT_TIMESTAMP,CURRENT_TIMESTAMP,100007477,100003618,1,Bicycle Headsets,000007477
CURRENT_TIMESTAMP,CURRENT_TIMESTAMP,100008239,100003618,1,Bicycle Kickstands,000008239
CURRENT_TIMESTAMP,CURRENT_TIMESTAMP,100003292,100003618,1,Bicycle Saddles,000003292
CURRENT_TIMESTAMP,CURRENT_TIMESTAMP,100004595,100003618,1,Bicycle Seatpost Clamps,000004595
CURRENT_TIMESTAMP,CURRENT_TIMESTAMP,100004194,100003618,1,Bicycle Seatposts,000004194
CURRENT_TIMESTAMP,CURRENT_TIMESTAMP,100004596,100003618,1,Bicycle Small Parts,000004596
CURRENT_TIMESTAMP,CURRENT_TIMESTAMP,100004583,100003618,1,Bicycle Stems,000004583
CURRENT_TIMESTAMP,CURRENT_TIMESTAMP,100499871,100003618,1,Bicycle Tire Valve Adapters,000499871
CURRENT_TIMESTAMP,CURRENT_TIMESTAMP,100499869,100003618,1,Bicycle Tire Valve Caps,000499869
CURRENT_TIMESTAMP,CURRENT_TIMESTAMP,100499870,100003618,1,Bicycle Tire Valves,000499870
CURRENT_TIMESTAMP,CURRENT_TIMESTAMP,100004571,100003618,1,Bicycle Tires,000004571
CURRENT_TIMESTAMP,CURRENT_TIMESTAMP,100004572,100003618,1,Bicycle Tubes,000004572
CURRENT_TIMESTAMP,CURRENT_TIMESTAMP,100004597,100003618,1,Bicycle Wheel Parts,000004597
CURRENT_TIMESTAMP,CURRENT_TIMESTAMP,100007538,100004597,1,Bicycle Foot Pegs,000007538
CURRENT_TIMESTAMP,CURRENT_TIMESTAMP,100500053,100004597,1,Bicycle Hub Parts,000500053
CURRENT_TIMESTAMP,CURRENT_TIMESTAMP,100004599,100004597,1,Bicycle Hubs,000004599
CURRENT_TIMESTAMP,CURRENT_TIMESTAMP,100499875,100004597,1,Bicycle Rim Strips,000499875
CURRENT_TIMESTAMP,CURRENT_TIMESTAMP,100004600,100004597,1,Bicycle Spokes,000004600
CURRENT_TIMESTAMP,CURRENT_TIMESTAMP,100008528,100004597,1,Bicycle Wheel Axles & Skewers,000008528
CURRENT_TIMESTAMP,CURRENT_TIMESTAMP,100004601,100004597,1,Bicycle Wheel Nipples,000004601
CURRENT_TIMESTAMP,CURRENT_TIMESTAMP,100004602,100004597,1,Bicycle Wheel Rims,000004602
CURRENT_TIMESTAMP,CURRENT_TIMESTAMP,100003216,100003618,1,Bicycle Wheels,000003216
CURRENT_TIMESTAMP,CURRENT_TIMESTAMP,100001026,100001025,1,Bicycles,000001026
CURRENT_TIMESTAMP,CURRENT_TIMESTAMP,100003982,100001025,1,Cycling Apparel & Accessories,000003982
CURRENT_TIMESTAMP,CURRENT_TIMESTAMP,100007474,100003982,1,Bicycle Cleat Accessories,000007474
CURRENT_TIMESTAMP,CURRENT_TIMESTAMP,100007476,100007474,1,Bicycle Cleat Bolts,000007476
CURRENT_TIMESTAMP,CURRENT_TIMESTAMP,100007453,100007474,1,Bicycle Cleat Covers,000007453
CURRENT_TIMESTAMP,CURRENT_TIMESTAMP,100007475,100007474,1,Bicycle Cleat Shims & Wedges,000007475
CURRENT_TIMESTAMP,CURRENT_TIMESTAMP,100003118,100003982,1,Bicycle Cleats,000003118
CURRENT_TIMESTAMP,CURRENT_TIMESTAMP,100003246,100003982,1,Bicycle Gloves,000003246
CURRENT_TIMESTAMP,CURRENT_TIMESTAMP,100500028,100003982,1,Bicycle Helmet Parts & Accessories,000500028
CURRENT_TIMESTAMP,CURRENT_TIMESTAMP,100001029,100003982,1,Bicycle Helmets,000001029
CURRENT_TIMESTAMP,CURRENT_TIMESTAMP,100008061,100003982,1,Bicycle Protective Pads,000008061
CURRENT_TIMESTAMP,CURRENT_TIMESTAMP,100003272,100003982,1,Bicycle Shoe Covers,000003272
CURRENT_TIMESTAMP,CURRENT_TIMESTAMP,100003634,100001025,1,Tricycle Accessories,000003634
CURRENT_TIMESTAMP,CURRENT_TIMESTAMP,100003531,100001025,1,Tricycles,000003531
CURRENT_TIMESTAMP,CURRENT_TIMESTAMP,100003070,100001025,1,Unicycle Accessories,000003070
CURRENT_TIMESTAMP,CURRENT_TIMESTAMP,100001030,100001025,1,Unicycles,000001030
CURRENT_TIMESTAMP,CURRENT_TIMESTAMP,100001031,100001011,1,Equestrian,000001031
CURRENT_TIMESTAMP,CURRENT_TIMESTAMP,100003257,100001031,1,Horse Care,000003257
CURRENT_TIMESTAMP,CURRENT_TIMESTAMP,100006898,100003257,1,Horse Blankets & Sheets,000006898
CURRENT_TIMESTAMP,CURRENT_TIMESTAMP,100005569,100003257,1,Horse Boots & Leg Wraps,000005569
CURRENT_TIMESTAMP,CURRENT_TIMESTAMP,100007482,100003257,1,Horse Feed,000007482
CURRENT_TIMESTAMP,CURRENT_TIMESTAMP,100499817,100003257,1,Horse Fly Masks,000499817
CURRENT_TIMESTAMP,CURRENT_TIMESTAMP,100005025,100003257,1,Horse Grooming,000005025
CURRENT_TIMESTAMP,CURRENT_TIMESTAMP,100006386,100005025,1,Horse Clippers & Trimmers,000006386
CURRENT_TIMESTAMP,CURRENT_TIMESTAMP,100499818,100005025,1,Horse Grooming Combs,000499818
CURRENT_TIMESTAMP,CURRENT_TIMESTAMP,100007481,100003257,1,Horse Treats,000007481
CURRENT_TIMESTAMP,CURRENT_TIMESTAMP,100007459,100003257,1,Horse Vitamins & Supplements,000007459
CURRENT_TIMESTAMP,CURRENT_TIMESTAMP,100499819,100003257,1,Horse Wormers,000499819
CURRENT_TIMESTAMP,CURRENT_TIMESTAMP,100005593,100001031,1,Horse Tack,000005593
CURRENT_TIMESTAMP,CURRENT_TIMESTAMP,100004018,100005593,1,Bridle Bits,000004018
CURRENT_TIMESTAMP,CURRENT_TIMESTAMP,100003426,100005593,1,Bridles,000003426
CURRENT_TIMESTAMP,CURRENT_TIMESTAMP,100001491,100005593,1,Cinches,000001491
CURRENT_TIMESTAMP,CURRENT_TIMESTAMP,100499710,100005593,1,Horse Halters,000499710
CURRENT_TIMESTAMP,CURRENT_TIMESTAMP,100002756,100005593,1,Horse Harnesses,000002756
CURRENT_TIMESTAMP,CURRENT_TIMESTAMP,100499709,100005593,1,Horse Leads,000499709
CURRENT_TIMESTAMP,CURRENT_TIMESTAMP,100001754,100005593,1,Reins,000001754
CURRENT_TIMESTAMP,CURRENT_TIMESTAMP,100002210,100005593,1,Saddles,000002210
CURRENT_TIMESTAMP,CURRENT_TIMESTAMP,100008109,100005593,1,Stirrups,000008109
CURRENT_TIMESTAMP,CURRENT_TIMESTAMP,100007215,100001031,1,Horse Tack Accessories,000007215
CURRENT_TIMESTAMP,CURRENT_TIMESTAMP,100499820,100007215,1,Horse Tack Boxes,000499820
CURRENT_TIMESTAMP,CURRENT_TIMESTAMP,100008107,100007215,1,Saddle Accessories,000008107
CURRENT_TIMESTAMP,CURRENT_TIMESTAMP,100326122,100008107,1,Saddle Bags & Panniers,000326122
CURRENT_TIMESTAMP,CURRENT_TIMESTAMP,100499959,100008107,1,Saddle Covers & Cases,000499959
CURRENT_TIMESTAMP,CURRENT_TIMESTAMP,100008108,100008107,1,Saddle Pads & Blankets,000008108
CURRENT_TIMESTAMP,CURRENT_TIMESTAMP,100007216,100008107,1,Saddle Racks,000007216
CURRENT_TIMESTAMP,CURRENT_TIMESTAMP,100005594,100001031,1,Riding Apparel & Accessories,000005594
CURRENT_TIMESTAMP,CURRENT_TIMESTAMP,100003084,100005594,1,Equestrian Gloves,000003084
CURRENT_TIMESTAMP,CURRENT_TIMESTAMP,100003821,100005594,1,Equestrian Helmets,000003821
CURRENT_TIMESTAMP,CURRENT_TIMESTAMP,100003265,100005594,1,Riding Crops & Whips,000003265
CURRENT_TIMESTAMP,CURRENT_TIMESTAMP,100006914,100005594,1,Riding Pants,000006914
CURRENT_TIMESTAMP,CURRENT_TIMESTAMP,100003334,100001011,1,Fishing,000003334
CURRENT_TIMESTAMP,CURRENT_TIMESTAMP,100008064,100003334,1,Bite Alarms,000008064
CURRENT_TIMESTAMP,CURRENT_TIMESTAMP,100005406,100003334,1,Fishing & Hunting Waders,000005406
CURRENT_TIMESTAMP,CURRENT_TIMESTAMP,100006495,100003334,1,Fishing Bait & Chum Containers,000006495
CURRENT_TIMESTAMP,CURRENT_TIMESTAMP,100007342,100003334,1,Fishing Gaffs,000007342
CURRENT_TIMESTAMP,CURRENT_TIMESTAMP,100007344,100003334,1,Fishing Hook Removal Tools,000007344
CURRENT_TIMESTAMP,CURRENT_TIMESTAMP,100001037,100003334,1,Fishing Lines & Leaders,000001037
CURRENT_TIMESTAMP,CURRENT_TIMESTAMP,100003614,100003334,1,Fishing Nets,000003614
CURRENT_TIMESTAMP,CURRENT_TIMESTAMP,100008092,100003334,1,Fishing Reel Accessories,000008092
CURRENT_TIMESTAMP,CURRENT_TIMESTAMP,100008273,100008092,1,Fishing Reel Bags & Cases,000008273
CURRENT_TIMESTAMP,CURRENT_TIMESTAMP,100008094,100008092,1,Fishing Reel Lubricants,000008094
CURRENT_TIMESTAMP,CURRENT_TIMESTAMP,100008208,100008092,1,Fishing Reel Replacement Spools,000008208
CURRENT_TIMESTAMP,CURRENT_TIMESTAMP,100004926,100003334,1,Fishing Reels,000004926
CURRENT_TIMESTAMP,CURRENT_TIMESTAMP,100008093,100003334,1,Fishing Rod Accessories,000008093
CURRENT_TIMESTAMP,CURRENT_TIMESTAMP,100008272,100008093,1,Fishing Rod Bags & Cases,000008272
CURRENT_TIMESTAMP,CURRENT_TIMESTAMP,100499942,100008093,1,Fishing Rod Holders & Storage Racks,000499942
CURRENT_TIMESTAMP,CURRENT_TIMESTAMP,100004927,100003334,1,Fishing Rods,000004927
CURRENT_TIMESTAMP,CURRENT_TIMESTAMP,100007343,100003334,1,Fishing Spears,000007343
CURRENT_TIMESTAMP,CURRENT_TIMESTAMP,100499823,100003334,1,Fishing Tackle,000499823
CURRENT_TIMESTAMP,CURRENT_TIMESTAMP,100003603,100499823,1,Fishing Baits & Lures,000003603
CURRENT_TIMESTAMP,CURRENT_TIMESTAMP,100003859,100499823,1,Fishing Floats,000003859
CURRENT_TIMESTAMP,CURRENT_TIMESTAMP,100003359,100499823,1,Fishing Hooks,000003359
CURRENT_TIMESTAMP,CURRENT_TIMESTAMP,100003651,100499823,1,Fishing Sinkers,000003651
CURRENT_TIMESTAMP,CURRENT_TIMESTAMP,100007222,100499823,1,Fishing Snaps & Swivels,000007222
CURRENT_TIMESTAMP,CURRENT_TIMESTAMP,100007221,100003334,1,Fishing Traps,000007221
CURRENT_TIMESTAMP,CURRENT_TIMESTAMP,100007217,100003334,1,Fly Tying Materials,000007217
CURRENT_TIMESTAMP,CURRENT_TIMESTAMP,100007125,100007217,1,Fishing Beads,000007125
CURRENT_TIMESTAMP,CURRENT_TIMESTAMP,100006440,100007217,1,Fishing Yarn,000006440
CURRENT_TIMESTAMP,CURRENT_TIMESTAMP,100003096,100003334,1,Live Bait,000003096
CURRENT_TIMESTAMP,CURRENT_TIMESTAMP,100001041,100003334,1,Tackle Bags & Boxes,000001041
CURRENT_TIMESTAMP,CURRENT_TIMESTAMP,100001043,100001011,1,Golf,000001043
CURRENT_TIMESTAMP,CURRENT_TIMESTAMP,100008044,100001043,1,Divot Tools,000008044
CURRENT_TIMESTAMP,CURRENT_TIMESTAMP,100007314,100001043,1,Golf Accessory Sets,000007314
CURRENT_TIMESTAMP,CURRENT_TIMESTAMP,100004605,100001043,1,Golf Bag Accessories,000004605
CURRENT_TIMESTAMP,CURRENT_TIMESTAMP,100004537,100004605,1,Golf Bag Carts,000004537
CURRENT_TIMESTAMP,CURRENT_TIMESTAMP,100004525,100004605,1,Golf Bag Covers & Cases,000004525
CURRENT_TIMESTAMP,CURRENT_TIMESTAMP,100001044,100001043,1,Golf Bags,000001044
CURRENT_TIMESTAMP,CURRENT_TIMESTAMP,100006864,100001043,1,Golf Ball Markers,000006864
CURRENT_TIMESTAMP,CURRENT_TIMESTAMP,100001045,100001043,1,Golf Balls,000001045
CURRENT_TIMESTAMP,CURRENT_TIMESTAMP,100003642,100001043,1,Golf Club Parts & Accessories,000003642
CURRENT_TIMESTAMP,CURRENT_TIMESTAMP,100004254,100003642,1,Golf Club Grips,000004254
CURRENT_TIMESTAMP,CURRENT_TIMESTAMP,100004043,100003642,1,Golf Club Headcovers,000004043
CURRENT_TIMESTAMP,CURRENT_TIMESTAMP,100499780,100003642,1,Golf Club Shafts,000499780
CURRENT_TIMESTAMP,CURRENT_TIMESTAMP,100001046,100001043,1,Golf Clubs,000001046
CURRENT_TIMESTAMP,CURRENT_TIMESTAMP,100003578,100001043,1,Golf Flags,000003578
CURRENT_TIMESTAMP,CURRENT_TIMESTAMP,100004466,100001043,1,Golf Gloves,000004466
CURRENT_TIMESTAMP,CURRENT_TIMESTAMP,100003106,100001043,1,Golf Tees,000003106
CURRENT_TIMESTAMP,CURRENT_TIMESTAMP,100004467,100001043,1,Golf Towels,000004467
CURRENT_TIMESTAMP,CURRENT_TIMESTAMP,100003772,100001043,1,Golf Training Aids,000003772
CURRENT_TIMESTAMP,CURRENT_TIMESTAMP,100003789,100001011,1,Hang Gliding & Skydiving,000003789
CURRENT_TIMESTAMP,CURRENT_TIMESTAMP,100005877,100003789,1,Air Suits,000005877
CURRENT_TIMESTAMP,CURRENT_TIMESTAMP,100004327,100003789,1,Hang Gliders,000004327
CURRENT_TIMESTAMP,CURRENT_TIMESTAMP,100004023,100003789,1,Parachutes,000004023
CURRENT_TIMESTAMP,CURRENT_TIMESTAMP,100499824,100001011,1,Hunting & Shooting,000499824
CURRENT_TIMESTAMP,CURRENT_TIMESTAMP,100001033,100499824,1,Archery,000001033
CURRENT_TIMESTAMP,CURRENT_TIMESTAMP,100003773,100001033,1,Archery Armguards,000003773
CURRENT_TIMESTAMP,CURRENT_TIMESTAMP,100499833,100001033,1,Archery Gloves & Releases,000499833
CURRENT_TIMESTAMP,CURRENT_TIMESTAMP,100003883,100001033,1,Archery Targets,000003883
CURRENT_TIMESTAMP,CURRENT_TIMESTAMP,100003291,100001033,1,Arrow Parts & Accessories,000003291
CURRENT_TIMESTAMP,CURRENT_TIMESTAMP,100499831,100003291,1,Arrow Fletchings,000499831
CURRENT_TIMESTAMP,CURRENT_TIMESTAMP,100499832,100003291,1,Arrow Nocks,000499832
CURRENT_TIMESTAMP,CURRENT_TIMESTAMP,100499830,100003291,1,Broadheads & Field Points,000499830
CURRENT_TIMESTAMP,CURRENT_TIMESTAMP,100003533,100001033,1,Arrows & Bolts,000003533
CURRENT_TIMESTAMP,CURRENT_TIMESTAMP,100499826,100001033,1,Bow & Crossbow Accessories,000499826
CURRENT_TIMESTAMP,CURRENT_TIMESTAMP,100499825,100001033,1,Bows & Crossbows,000499825
CURRENT_TIMESTAMP,CURRENT_TIMESTAMP,100003332,100499825,1,Compound Bows,000003332
CURRENT_TIMESTAMP,CURRENT_TIMESTAMP,100003505,100499825,1,Crossbows,000003505
CURRENT_TIMESTAMP,CURRENT_TIMESTAMP,100003715,100499825,1,Recurve & Longbows,000003715
CURRENT_TIMESTAMP,CURRENT_TIMESTAMP,100003757,100001033,1,Quivers,000003757
CURRENT_TIMESTAMP,CURRENT_TIMESTAMP,100003125,100499824,1,Clay Pigeon Shooting,000003125
CURRENT_TIMESTAMP,CURRENT_TIMESTAMP,100003305,100003125,1,Clay Pigeon Throwers,000003305
CURRENT_TIMESTAMP,CURRENT_TIMESTAMP,100003528,100003125,1,Clay Pigeons,000003528
CURRENT_TIMESTAMP,CURRENT_TIMESTAMP,100003136,100499824,1,Hunting,000003136
CURRENT_TIMESTAMP,CURRENT_TIMESTAMP,100007460,100499824,1,Hunting & Shooting Protective Gear,000007460
CURRENT_TIMESTAMP,CURRENT_TIMESTAMP,100007461,100007460,1,Hunting & Shooting Gloves,000007461
CURRENT_TIMESTAMP,CURRENT_TIMESTAMP,100007518,100007460,1,Hunting & Shooting Jackets,000007518
CURRENT_TIMESTAMP,CURRENT_TIMESTAMP,100003674,100499824,1,Hunting,000003674
CURRENT_TIMESTAMP,CURRENT_TIMESTAMP,100007373,100499824,1,Hearing Enhancers,000007373
CURRENT_TIMESTAMP,CURRENT_TIMESTAMP,100001034,100499824,1,Hunting Blinds & Screens,000001034
CURRENT_TIMESTAMP,CURRENT_TIMESTAMP,100005917,100499824,1,Hunting Dog Equipment,000005917
CURRENT_TIMESTAMP,CURRENT_TIMESTAMP,100003748,100499824,1,Tree Stands,000003748
CURRENT_TIMESTAMP,CURRENT_TIMESTAMP,100006992,100499824,1,Wild Game Feeders,000006992
CURRENT_TIMESTAMP,CURRENT_TIMESTAMP,100008011,100499824,1,Wildlife Attractants,000008011
CURRENT_TIMESTAMP,CURRENT_TIMESTAMP,100008080,100008011,1,Cover Scents & Scent Attractants,000008080
CURRENT_TIMESTAMP,CURRENT_TIMESTAMP,100003756,100008011,1,Hunting & Wildlife Calls,000003756
CURRENT_TIMESTAMP,CURRENT_TIMESTAMP,100003583,100008011,1,Hunting & Wildlife Decoys,000003583
CURRENT_TIMESTAMP,CURRENT_TIMESTAMP,100008081,100008011,1,Wildlife Bait,000008081
CURRENT_TIMESTAMP,CURRENT_TIMESTAMP,100499834,100499824,1,Paintball & Airsoft,000499834
CURRENT_TIMESTAMP,CURRENT_TIMESTAMP,100002443,100499834,1,Airsoft,000002443
CURRENT_TIMESTAMP,CURRENT_TIMESTAMP,100003116,100002443,1,Airsoft Gun Parts & Accessories,000003116
CURRENT_TIMESTAMP,CURRENT_TIMESTAMP,100008005,100003116,1,Airsoft Gun Batteries,000008005
CURRENT_TIMESTAMP,CURRENT_TIMESTAMP,100003093,100002443,1,Airsoft Guns,000003093
CURRENT_TIMESTAMP,CURRENT_TIMESTAMP,100003925,100002443,1,Airsoft Pellets,000003925
CURRENT_TIMESTAMP,CURRENT_TIMESTAMP,100001049,100499834,1,Paintball,000001049
CURRENT_TIMESTAMP,CURRENT_TIMESTAMP,100499835,100499834,1,Paintball & Airsoft Protective Gear,000499835
CURRENT_TIMESTAMP,CURRENT_TIMESTAMP,100499836,100499835,1,Paintball & Airsoft Gloves,000499836
CURRENT_TIMESTAMP,CURRENT_TIMESTAMP,100499838,100499835,1,Paintball & Airsoft Goggles & Masks,000499838
CURRENT_TIMESTAMP,CURRENT_TIMESTAMP,100499839,100499835,1,Paintball & Airsoft Pads,000499839
CURRENT_TIMESTAMP,CURRENT_TIMESTAMP,100499837,100499835,1,Paintball & Airsoft Vests,000499837
CURRENT_TIMESTAMP,CURRENT_TIMESTAMP,100006748,100499834,1,Paintball,000006748
CURRENT_TIMESTAMP,CURRENT_TIMESTAMP,100003408,100499834,1,Paintball Grenades,000003408
CURRENT_TIMESTAMP,CURRENT_TIMESTAMP,100003187,100499834,1,Paintball Gun Parts & Accessories,000003187
CURRENT_TIMESTAMP,CURRENT_TIMESTAMP,100003244,100003187,1,Paintball Air Tanks,000003244
CURRENT_TIMESTAMP,CURRENT_TIMESTAMP,100003690,100003187,1,Paintball Gun Barrels,000003690
CURRENT_TIMESTAMP,CURRENT_TIMESTAMP,100008514,100003187,1,Paintball Gun Drop Forwards,000008514
CURRENT_TIMESTAMP,CURRENT_TIMESTAMP,100003152,100003187,1,Paintball Hoppers,000003152
CURRENT_TIMESTAMP,CURRENT_TIMESTAMP,100003234,100006748,1,Paintball Guns,000003234
CURRENT_TIMESTAMP,CURRENT_TIMESTAMP,100006781,100006748,1,Paintball Harnesses & Packs,000006781
CURRENT_TIMESTAMP,CURRENT_TIMESTAMP,100003438,100006748,1,Paintballs,000003438
CURRENT_TIMESTAMP,CURRENT_TIMESTAMP,100499840,100499824,1,Shooting & Range Accessories,000499840
CURRENT_TIMESTAMP,CURRENT_TIMESTAMP,100499842,100499840,1,Shooting Rests,000499842
CURRENT_TIMESTAMP,CURRENT_TIMESTAMP,100499841,100499840,1,Shooting Sticks & Bipods,000499841
CURRENT_TIMESTAMP,CURRENT_TIMESTAMP,100003170,100499840,1,Shooting Targets,000003170
CURRENT_TIMESTAMP,CURRENT_TIMESTAMP,100005998,100001011,1,Hydration System Accessories,000005998
CURRENT_TIMESTAMP,CURRENT_TIMESTAMP,100005635,100001011,1,Hydration Systems,000005635
CURRENT_TIMESTAMP,CURRENT_TIMESTAMP,100499761,100001011,1,Inline & Roller Skating,000499761
CURRENT_TIMESTAMP,CURRENT_TIMESTAMP,100499771,100499761,1,Inline & Roller Skating Protective Gear,000499771
CURRENT_TIMESTAMP,CURRENT_TIMESTAMP,100499775,100499771,1,Roller Skating Pads,000499775
CURRENT_TIMESTAMP,CURRENT_TIMESTAMP,100499759,100499761,1,Inline Skate Parts,000499759
CURRENT_TIMESTAMP,CURRENT_TIMESTAMP,100001058,100499761,1,Inline Skates,000001058
CURRENT_TIMESTAMP,CURRENT_TIMESTAMP,100499760,100499761,1,Roller Skate Parts,000499760
CURRENT_TIMESTAMP,CURRENT_TIMESTAMP,100002837,100499761,1,Roller Skates,000002837
CURRENT_TIMESTAMP,CURRENT_TIMESTAMP,100500029,100499761,1,Roller Skis,000500029
CURRENT_TIMESTAMP,CURRENT_TIMESTAMP,100007375,100001011,1,Kite Buggying,000007375
CURRENT_TIMESTAMP,CURRENT_TIMESTAMP,100007376,100007375,1,Kite Buggies,000007376
CURRENT_TIMESTAMP,CURRENT_TIMESTAMP,100007377,100007375,1,Kite Buggy Accessories,000007377
CURRENT_TIMESTAMP,CURRENT_TIMESTAMP,100499846,100001011,1,Outdoor Games,000499846
CURRENT_TIMESTAMP,CURRENT_TIMESTAMP,100001062,100499846,1,Badminton,000001062
CURRENT_TIMESTAMP,CURRENT_TIMESTAMP,100003107,100001062,1,Badminton Nets,000003107
CURRENT_TIMESTAMP,CURRENT_TIMESTAMP,100003950,100001062,1,Badminton Racquets & Sets,000003950
CURRENT_TIMESTAMP,CURRENT_TIMESTAMP,100003907,100001062,1,Shuttlecocks,000003907
CURRENT_TIMESTAMP,CURRENT_TIMESTAMP,100003787,100499846,1,Deck Shuffleboard,000003787
CURRENT_TIMESTAMP,CURRENT_TIMESTAMP,100003689,100003787,1,Deck Shuffleboard Cues,000003689
CURRENT_TIMESTAMP,CURRENT_TIMESTAMP,100003190,100003787,1,Deck Shuffleboard Pucks,000003190
CURRENT_TIMESTAMP,CURRENT_TIMESTAMP,100003484,100499846,1,Disc Golf,000003484
CURRENT_TIMESTAMP,CURRENT_TIMESTAMP,100003993,100003484,1,Disc Golf Bags,000003993
CURRENT_TIMESTAMP,CURRENT_TIMESTAMP,100003227,100003484,1,Disc Golf Baskets,000003227
CURRENT_TIMESTAMP,CURRENT_TIMESTAMP,100003405,100499846,1,Lawn Games,000003405
CURRENT_TIMESTAMP,CURRENT_TIMESTAMP,100007430,100499846,1,Paddle Ball Sets,000007430
CURRENT_TIMESTAMP,CURRENT_TIMESTAMP,100003390,100499846,1,Pickleball,000003390
CURRENT_TIMESTAMP,CURRENT_TIMESTAMP,100499848,100003390,1,Pickleball Paddles,000499848
CURRENT_TIMESTAMP,CURRENT_TIMESTAMP,100499847,100003390,1,Pickleballs,000499847
CURRENT_TIMESTAMP,CURRENT_TIMESTAMP,100499904,100499846,1,Platform & Paddle Tennis,000499904
CURRENT_TIMESTAMP,CURRENT_TIMESTAMP,100499850,100499904,1,Platform & Paddle Tennis Paddles,000499850
CURRENT_TIMESTAMP,CURRENT_TIMESTAMP,100499849,100499904,1,Platform Tennis Balls,000499849
CURRENT_TIMESTAMP,CURRENT_TIMESTAMP,100003126,100499846,1,Tetherball,000003126
CURRENT_TIMESTAMP,CURRENT_TIMESTAMP,100499882,100003126,1,Tetherball Poles,000499882
CURRENT_TIMESTAMP,CURRENT_TIMESTAMP,100499883,100003126,1,Tetherball Sets,000499883
CURRENT_TIMESTAMP,CURRENT_TIMESTAMP,100499884,100003126,1,Tetherballs,000499884
CURRENT_TIMESTAMP,CURRENT_TIMESTAMP,100005879,100001011,1,Riding Scooters,000005879
CURRENT_TIMESTAMP,CURRENT_TIMESTAMP,100003276,100001011,1,Skateboarding,000003276
CURRENT_TIMESTAMP,CURRENT_TIMESTAMP,100003127,100003276,1,Skate Rails,000003127
CURRENT_TIMESTAMP,CURRENT_TIMESTAMP,100003626,100003276,1,Skate Ramps,000003626
CURRENT_TIMESTAMP,CURRENT_TIMESTAMP,100003670,100003276,1,Skateboard Parts,000003670
CURRENT_TIMESTAMP,CURRENT_TIMESTAMP,100003869,100003670,1,Skateboard Decks,000003869
CURRENT_TIMESTAMP,CURRENT_TIMESTAMP,100505817,100003670,1,Skateboard Small Parts,000505817
CURRENT_TIMESTAMP,CURRENT_TIMESTAMP,100003192,100003670,1,Skateboard Trucks,000003192
CURRENT_TIMESTAMP,CURRENT_TIMESTAMP,100003637,100003670,1,Skateboard Wheels,000003637
CURRENT_TIMESTAMP,CURRENT_TIMESTAMP,100003067,100003276,1,Skateboarding Protective Gear,000003067
CURRENT_TIMESTAMP,CURRENT_TIMESTAMP,100499776,100003067,1,Skate Helmets,000499776
CURRENT_TIMESTAMP,CURRENT_TIMESTAMP,100007789,100003067,1,Skateboarding Gloves,000007789
CURRENT_TIMESTAMP,CURRENT_TIMESTAMP,100003488,100003067,1,Skateboarding Pads,000003488
CURRENT_TIMESTAMP,CURRENT_TIMESTAMP,100001059,100003276,1,Skateboards,000001059
CURRENT_TIMESTAMP,CURRENT_TIMESTAMP,100499844,100001011,1,Winter Sports & Activities,000499844
CURRENT_TIMESTAMP,CURRENT_TIMESTAMP,100499951,100499844,1,Avalanche Safety,000499951
CURRENT_TIMESTAMP,CURRENT_TIMESTAMP,100499952,100499951,1,Avalanche Probes,000499952
CURRENT_TIMESTAMP,CURRENT_TIMESTAMP,100499877,100499951,1,Avalanche Safety Airbags,000499877
CURRENT_TIMESTAMP,CURRENT_TIMESTAMP,100499845,100499844,1,Skiing & Snowboarding,000499845
CURRENT_TIMESTAMP,CURRENT_TIMESTAMP,100007224,100499845,1,Ski & Snowboard Bags,000007224
CURRENT_TIMESTAMP,CURRENT_TIMESTAMP,100008203,100499845,1,Ski & Snowboard Goggle Accessories,000008203
CURRENT_TIMESTAMP,CURRENT_TIMESTAMP,100005050,100008203,1,Ski & Snowboard Goggle Lenses,000005050
CURRENT_TIMESTAMP,CURRENT_TIMESTAMP,100003550,100499845,1,Ski & Snowboard Goggles,000003550
CURRENT_TIMESTAMP,CURRENT_TIMESTAMP,100001161,100499845,1,Ski & Snowboard Helmets,000001161
CURRENT_TIMESTAMP,CURRENT_TIMESTAMP,100499681,100499845,1,Ski & Snowboard Leashes,000499681
CURRENT_TIMESTAMP,CURRENT_TIMESTAMP,100007558,100499845,1,Ski & Snowboard Storage Racks,000007558
CURRENT_TIMESTAMP,CURRENT_TIMESTAMP,100505772,100499845,1,Ski & Snowboard Tuning Tools,000505772
CURRENT_TIMESTAMP,CURRENT_TIMESTAMP,100008074,100499845,1,Ski & Snowboard Wax,000008074
CURRENT_TIMESTAMP,CURRENT_TIMESTAMP,100505296,100499845,1,Ski Binding Parts,000505296
CURRENT_TIMESTAMP,CURRENT_TIMESTAMP,100006063,100499845,1,Ski Bindings,000006063
CURRENT_TIMESTAMP,CURRENT_TIMESTAMP,100006062,100499845,1,Ski Boots,000006062
CURRENT_TIMESTAMP,CURRENT_TIMESTAMP,100001157,100499845,1,Ski Poles,000001157
CURRENT_TIMESTAMP,CURRENT_TIMESTAMP,100006064,100499845,1,Skis,000006064
CURRENT_TIMESTAMP,CURRENT_TIMESTAMP,100003331,100006064,1,Cross-Country Skis,000003331
CURRENT_TIMESTAMP,CURRENT_TIMESTAMP,100001158,100006064,1,Downhill Skis,000001158
CURRENT_TIMESTAMP,CURRENT_TIMESTAMP,100005088,100499845,1,Snowboard Binding Parts,000005088
CURRENT_TIMESTAMP,CURRENT_TIMESTAMP,100001162,100499845,1,Snowboard Bindings,000001162
CURRENT_TIMESTAMP,CURRENT_TIMESTAMP,100001163,100499845,1,Snowboard Boots,000001163
CURRENT_TIMESTAMP,CURRENT_TIMESTAMP,100001164,100499845,1,Snowboards,000001164
CURRENT_TIMESTAMP,CURRENT_TIMESTAMP,100007539,100499844,1,Sleds,000007539
CURRENT_TIMESTAMP,CURRENT_TIMESTAMP,100001166,100499844,1,Snowshoeing,000001166
CURRENT_TIMESTAMP,CURRENT_TIMESTAMP,100003073,100001166,1,Snowshoe Bindings,000003073
CURRENT_TIMESTAMP,CURRENT_TIMESTAMP,100003064,100001166,1,Snowshoes,000003064
CURRENT_TIMESTAMP,CURRENT_TIMESTAMP,100001239,null,1,Toys & Games,000001239
CURRENT_TIMESTAMP,CURRENT_TIMESTAMP,100004648,100001239,1,Game Timers,000004648
CURRENT_TIMESTAMP,CURRENT_TIMESTAMP,100003793,100001239,1,Games,000003793
CURRENT_TIMESTAMP,CURRENT_TIMESTAMP,100006794,100003793,1,Battle Top Accessories,000006794
CURRENT_TIMESTAMP,CURRENT_TIMESTAMP,100006329,100003793,1,Battle Tops,000006329
CURRENT_TIMESTAMP,CURRENT_TIMESTAMP,100003749,100003793,1,Bingo Sets,000003749
CURRENT_TIMESTAMP,CURRENT_TIMESTAMP,100007411,100003793,1,Blackjack & Craps Sets,000007411
CURRENT_TIMESTAMP,CURRENT_TIMESTAMP,100001246,100003793,1,Board Games,000001246
CURRENT_TIMESTAMP,CURRENT_TIMESTAMP,100006853,100003793,1,Card Game Accessories,000006853
CURRENT_TIMESTAMP,CURRENT_TIMESTAMP,100001247,100003793,1,Card Games,000001247
CURRENT_TIMESTAMP,CURRENT_TIMESTAMP,100006054,100003793,1,Dexterity Games,000006054
CURRENT_TIMESTAMP,CURRENT_TIMESTAMP,100006037,100003793,1,Dice Sets & Games,000006037
CURRENT_TIMESTAMP,CURRENT_TIMESTAMP,100007383,100003793,1,Poker Chip Accessories,000007383
CURRENT_TIMESTAMP,CURRENT_TIMESTAMP,100007384,100007383,1,Poker Chip Carriers & Trays,000007384
CURRENT_TIMESTAMP,CURRENT_TIMESTAMP,100005403,100003793,1,Poker Chips & Sets,000005403
CURRENT_TIMESTAMP,CURRENT_TIMESTAMP,100004554,100003793,1,Portable Electronic Games,000004554
CURRENT_TIMESTAMP,CURRENT_TIMESTAMP,100007412,100003793,1,Roulette Wheels & Sets,000007412
CURRENT_TIMESTAMP,CURRENT_TIMESTAMP,100008472,100003793,1,Slot Machines,000008472
CURRENT_TIMESTAMP,CURRENT_TIMESTAMP,100006038,100003793,1,Tile Games,000006038
CURRENT_TIMESTAMP,CURRENT_TIMESTAMP,100001249,100001239,1,Outdoor Play Equipment,000001249
CURRENT_TIMESTAMP,CURRENT_TIMESTAMP,100007219,100001249,1,Inflatable Bouncer Accessories,000007219
CURRENT_TIMESTAMP,CURRENT_TIMESTAMP,100006396,100001249,1,Inflatable Bouncers,000006396
CURRENT_TIMESTAMP,CURRENT_TIMESTAMP,100006270,100001249,1,Play Swings,000006270
CURRENT_TIMESTAMP,CURRENT_TIMESTAMP,100006397,100001249,1,Play Tents & Tunnels,000006397
CURRENT_TIMESTAMP,CURRENT_TIMESTAMP,100001251,100001249,1,Playhouses,000001251
CURRENT_TIMESTAMP,CURRENT_TIMESTAMP,100001863,100001249,1,Pogo Sticks,000001863
CURRENT_TIMESTAMP,CURRENT_TIMESTAMP,100002743,100001249,1,Sandboxes,000002743
CURRENT_TIMESTAMP,CURRENT_TIMESTAMP,100006450,100001249,1,See Saws,000006450
CURRENT_TIMESTAMP,CURRENT_TIMESTAMP,100002867,100001249,1,Slides,000002867
CURRENT_TIMESTAMP,CURRENT_TIMESTAMP,100003948,100001249,1,Stilts,000003948
CURRENT_TIMESTAMP,CURRENT_TIMESTAMP,100006269,100001249,1,Swing Set & Playset Accessories,000006269
CURRENT_TIMESTAMP,CURRENT_TIMESTAMP,100006271,100001249,1,Swing Sets & Playsets,000006271
CURRENT_TIMESTAMP,CURRENT_TIMESTAMP,100005524,100001249,1,Trampoline Accessories,000005524
CURRENT_TIMESTAMP,CURRENT_TIMESTAMP,100001738,100001249,1,Trampolines,000001738
CURRENT_TIMESTAMP,CURRENT_TIMESTAMP,100006464,100001249,1,Water Play Equipment,000006464
CURRENT_TIMESTAMP,CURRENT_TIMESTAMP,100006465,100006464,1,Play Sprinkers,000006465
CURRENT_TIMESTAMP,CURRENT_TIMESTAMP,100500095,100006464,1,Water Parks & Slides,000500095
CURRENT_TIMESTAMP,CURRENT_TIMESTAMP,100003556,100006464,1,Water Tables,000003556
CURRENT_TIMESTAMP,CURRENT_TIMESTAMP,100003867,100001239,1,Puzzles,000003867
CURRENT_TIMESTAMP,CURRENT_TIMESTAMP,100007081,100003867,1,Jigsaw Puzzle Accessories,000007081
CURRENT_TIMESTAMP,CURRENT_TIMESTAMP,100002618,100003867,1,Jigsaw Puzzles,000002618
CURRENT_TIMESTAMP,CURRENT_TIMESTAMP,100004011,100003867,1,Mechanical Puzzles,000004011
CURRENT_TIMESTAMP,CURRENT_TIMESTAMP,100006725,100003867,1,Wooden & Pegged Puzzles,000006725
CURRENT_TIMESTAMP,CURRENT_TIMESTAMP,100001253,100001239,1,Toys,000001253
CURRENT_TIMESTAMP,CURRENT_TIMESTAMP,100004352,100001253,1,Activity Toys,000004352
CURRENT_TIMESTAMP,CURRENT_TIMESTAMP,100007519,100004352,1,Ball & Cup Games,000007519
CURRENT_TIMESTAMP,CURRENT_TIMESTAMP,100003733,100004352,1,Bouncy Balls,000003733
CURRENT_TIMESTAMP,CURRENT_TIMESTAMP,100003212,100004352,1,Bubble Blowing Solution,000003212
CURRENT_TIMESTAMP,CURRENT_TIMESTAMP,100003874,100004352,1,Bubble Blowing Toys,000003874
CURRENT_TIMESTAMP,CURRENT_TIMESTAMP,100004177,100004352,1,Coiled Spring Toys,000004177
CURRENT_TIMESTAMP,CURRENT_TIMESTAMP,100003534,100004352,1,Marbles,000003534
CURRENT_TIMESTAMP,CURRENT_TIMESTAMP,100007425,100004352,1,Paddle Ball Toys,000007425
CURRENT_TIMESTAMP,CURRENT_TIMESTAMP,100007473,100004352,1,Ribbon & Streamer Toys,000007473
CURRENT_TIMESTAMP,CURRENT_TIMESTAMP,100003466,100004352,1,Spinning Tops,000003466
CURRENT_TIMESTAMP,CURRENT_TIMESTAMP,100004216,100004352,1,Toy Jacks,000004216
CURRENT_TIMESTAMP,CURRENT_TIMESTAMP,100007148,100004352,1,Yo-Yo Parts & Accessories,000007148
CURRENT_TIMESTAMP,CURRENT_TIMESTAMP,100003929,100004352,1,Yo-Yos,000003929
CURRENT_TIMESTAMP,CURRENT_TIMESTAMP,100003731,100001253,1,Art & Drawing Toys,000003731
CURRENT_TIMESTAMP,CURRENT_TIMESTAMP,100505818,100003731,1,Play Dough & Putty,000505818
CURRENT_TIMESTAMP,CURRENT_TIMESTAMP,100003079,100003731,1,Toy Drawing Tablets,000003079
CURRENT_TIMESTAMP,CURRENT_TIMESTAMP,100007311,100001253,1,Ball Pit Accessories,000007311
CURRENT_TIMESTAMP,CURRENT_TIMESTAMP,100007312,100007311,1,Ball Pit Balls,000007312
CURRENT_TIMESTAMP,CURRENT_TIMESTAMP,100003207,100001253,1,Ball Pits,000003207
CURRENT_TIMESTAMP,CURRENT_TIMESTAMP,100003911,100001253,1,Bath Toys,000003911
CURRENT_TIMESTAMP,CURRENT_TIMESTAMP,100001268,100001253,1,Beach & Sand Toys,000001268
CURRENT_TIMESTAMP,CURRENT_TIMESTAMP,100001254,100001253,1,Building Toys,000001254
CURRENT_TIMESTAMP,CURRENT_TIMESTAMP,100003805,100001254,1,Construction Set Toys,000003805
CURRENT_TIMESTAMP,CURRENT_TIMESTAMP,100003172,100001254,1,Foam Blocks,000003172
CURRENT_TIMESTAMP,CURRENT_TIMESTAMP,100003287,100001254,1,Interlocking Blocks,000003287
CURRENT_TIMESTAMP,CURRENT_TIMESTAMP,100003163,100001254,1,Marble Track Sets,000003163
CURRENT_TIMESTAMP,CURRENT_TIMESTAMP,100003617,100001254,1,Wooden Blocks,000003617
CURRENT_TIMESTAMP,CURRENT_TIMESTAMP,100001255,100001253,1,Dolls,000001255
CURRENT_TIMESTAMP,CURRENT_TIMESTAMP,100006058,100001255,1,Action & Toy Figures,000006058
CURRENT_TIMESTAMP,CURRENT_TIMESTAMP,100007114,100001255,1,Bobblehead Figures,000007114
CURRENT_TIMESTAMP,CURRENT_TIMESTAMP,100003584,100001255,1,Doll & Action Figure Accessories,000003584
CURRENT_TIMESTAMP,CURRENT_TIMESTAMP,100002497,100001255,1,Dollhouse Accessories,000002497
CURRENT_TIMESTAMP,CURRENT_TIMESTAMP,100002499,100001255,1,Dollhouses,000002499
CURRENT_TIMESTAMP,CURRENT_TIMESTAMP,100001257,100001255,1,Dolls,000001257
CURRENT_TIMESTAMP,CURRENT_TIMESTAMP,100008021,100001255,1,Paper & Magnetic Dolls,000008021
CURRENT_TIMESTAMP,CURRENT_TIMESTAMP,100006056,100001255,1,Puppet & Puppet Theater Accessories,000006056
CURRENT_TIMESTAMP,CURRENT_TIMESTAMP,100006057,100001255,1,Puppet Theaters,000006057
CURRENT_TIMESTAMP,CURRENT_TIMESTAMP,100001258,100001255,1,Puppets & Marionettes,000001258
CURRENT_TIMESTAMP,CURRENT_TIMESTAMP,100001259,100001255,1,Stuffed Animals,000001259
CURRENT_TIMESTAMP,CURRENT_TIMESTAMP,100003166,100001255,1,Toy Playsets,000003166
CURRENT_TIMESTAMP,CURRENT_TIMESTAMP,100001262,100001253,1,Educational Toys,000001262
CURRENT_TIMESTAMP,CURRENT_TIMESTAMP,100003088,100001262,1,Ant Farms,000003088
CURRENT_TIMESTAMP,CURRENT_TIMESTAMP,100499938,100001262,1,Astronomy Toys & Models,000499938
CURRENT_TIMESTAMP,CURRENT_TIMESTAMP,100003928,100001262,1,Bug Collecting Kits,000003928
CURRENT_TIMESTAMP,CURRENT_TIMESTAMP,100500015,100001262,1,Educational Flash Cards,000500015
CURRENT_TIMESTAMP,CURRENT_TIMESTAMP,100005529,100001262,1,Reading Toys,000005529
CURRENT_TIMESTAMP,CURRENT_TIMESTAMP,100003500,100001262,1,Science & Exploration Sets,000003500
CURRENT_TIMESTAMP,CURRENT_TIMESTAMP,100006466,100001262,1,Toy Abacuses,000006466
CURRENT_TIMESTAMP,CURRENT_TIMESTAMP,100003074,100001253,1,Executive Toys,000003074
CURRENT_TIMESTAMP,CURRENT_TIMESTAMP,100005872,100003074,1,Magnet Toys,000005872
CURRENT_TIMESTAMP,CURRENT_TIMESTAMP,100007366,100001253,1,Flying Toy Accessories,000007366
CURRENT_TIMESTAMP,CURRENT_TIMESTAMP,100007368,100007366,1,Kite Accessories,000007368
CURRENT_TIMESTAMP,CURRENT_TIMESTAMP,100007371,100007368,1,Kite Line Reels & Winders,000007371
CURRENT_TIMESTAMP,CURRENT_TIMESTAMP,100001261,100001253,1,Flying Toys,000001261
CURRENT_TIMESTAMP,CURRENT_TIMESTAMP,100003966,100001261,1,Air & Water Rockets,000003966
CURRENT_TIMESTAMP,CURRENT_TIMESTAMP,100003460,100001261,1,Kites,000003460
CURRENT_TIMESTAMP,CURRENT_TIMESTAMP,100003378,100001261,1,Toy Gliders,000003378
CURRENT_TIMESTAMP,CURRENT_TIMESTAMP,100003263,100001261,1,Toy Parachutes,000003263
CURRENT_TIMESTAMP,CURRENT_TIMESTAMP,100001264,100001253,1,Musical Toys,000001264
CURRENT_TIMESTAMP,CURRENT_TIMESTAMP,100003252,100001264,1,Toy Instruments,000003252
CURRENT_TIMESTAMP,CURRENT_TIMESTAMP,100005970,100001253,1,Play Vehicle Accessories,000005970
CURRENT_TIMESTAMP,CURRENT_TIMESTAMP,100005971,100005970,1,Toy Race Car & Track Accessories,000005971
CURRENT_TIMESTAMP,CURRENT_TIMESTAMP,100005153,100005970,1,Toy Train Accessories,000005153
CURRENT_TIMESTAMP,CURRENT_TIMESTAMP,100002505,100001253,1,Play Vehicles,000002505
CURRENT_TIMESTAMP,CURRENT_TIMESTAMP,100003444,100002505,1,Toy Airplanes,000003444
CURRENT_TIMESTAMP,CURRENT_TIMESTAMP,100003792,100002505,1,Toy Boats,000003792
CURRENT_TIMESTAMP,CURRENT_TIMESTAMP,100003551,100002505,1,Toy Cars,000003551
CURRENT_TIMESTAMP,CURRENT_TIMESTAMP,100003506,100002505,1,Toy Helicopters,000003506
CURRENT_TIMESTAMP,CURRENT_TIMESTAMP,100003590,100002505,1,Toy Motorcycles,000003590
CURRENT_TIMESTAMP,CURRENT_TIMESTAMP,100003474,100002505,1,Toy Race Car & Track Sets,000003474
CURRENT_TIMESTAMP,CURRENT_TIMESTAMP,100003589,100002505,1,Toy Spaceships,000003589
CURRENT_TIMESTAMP,CURRENT_TIMESTAMP,100005152,100002505,1,Toy Trains & Train Sets,000005152
CURRENT_TIMESTAMP,CURRENT_TIMESTAMP,100003296,100002505,1,Toy Trucks & Construction Vehicles,000003296
CURRENT_TIMESTAMP,CURRENT_TIMESTAMP,100003229,100001253,1,Pretend Play,000003229
CURRENT_TIMESTAMP,CURRENT_TIMESTAMP,100003680,100003229,1,Play Money & Banking,000003680
CURRENT_TIMESTAMP,CURRENT_TIMESTAMP,100003659,100003229,1,Pretend Electronics,000003659
CURRENT_TIMESTAMP,CURRENT_TIMESTAMP,100004004,100003229,1,Pretend Housekeeping,000004004
CURRENT_TIMESTAMP,CURRENT_TIMESTAMP,100003288,100003229,1,Pretend Lawn & Garden,000003288
CURRENT_TIMESTAMP,CURRENT_TIMESTAMP,100003129,100003229,1,Pretend Professions & Role Playing,000003129
CURRENT_TIMESTAMP,CURRENT_TIMESTAMP,100008295,100003229,1,Pretend Shopping & Grocery,000008295
CURRENT_TIMESTAMP,CURRENT_TIMESTAMP,100003298,100003229,1,Toy Kitchens & Play Food,000003298
CURRENT_TIMESTAMP,CURRENT_TIMESTAMP,100543624,100003298,1,Play Food,000543624
CURRENT_TIMESTAMP,CURRENT_TIMESTAMP,100543690,100003298,1,Toy Cookware,000543690
CURRENT_TIMESTAMP,CURRENT_TIMESTAMP,100543622,100003298,1,Toy Kitchens,000543622
CURRENT_TIMESTAMP,CURRENT_TIMESTAMP,100543623,100003298,1,Toy Tableware,000543623
CURRENT_TIMESTAMP,CURRENT_TIMESTAMP,100003751,100003229,1,Toy Tools,000003751
CURRENT_TIMESTAMP,CURRENT_TIMESTAMP,100002778,100001253,1,Remote Control Toy Accessories,000002778
CURRENT_TIMESTAMP,CURRENT_TIMESTAMP,100002546,100001253,1,Remote Control Toys,000002546
CURRENT_TIMESTAMP,CURRENT_TIMESTAMP,100007090,100002546,1,Remote Control Airships & Blimps,000007090
CURRENT_TIMESTAMP,CURRENT_TIMESTAMP,100003532,100002546,1,Remote Control Boats & Watercraft,000003532
CURRENT_TIMESTAMP,CURRENT_TIMESTAMP,100003601,100002546,1,Remote Control Cars & Trucks,000003601
CURRENT_TIMESTAMP,CURRENT_TIMESTAMP,100003554,100002546,1,Remote Control Helicopters,000003554
CURRENT_TIMESTAMP,CURRENT_TIMESTAMP,100005968,100002546,1,Remote Control Motorcycles,000005968
CURRENT_TIMESTAMP,CURRENT_TIMESTAMP,100003677,100002546,1,Remote Control Planes,000003677
CURRENT_TIMESTAMP,CURRENT_TIMESTAMP,100006059,100002546,1,Remote Control Robots,000006059
CURRENT_TIMESTAMP,CURRENT_TIMESTAMP,100005969,100002546,1,Remote Control Tanks,000005969
CURRENT_TIMESTAMP,CURRENT_TIMESTAMP,100007202,100001253,1,Riding Toy Accessories,000007202
CURRENT_TIMESTAMP,CURRENT_TIMESTAMP,100002799,100001253,1,Riding Toys,000002799
CURRENT_TIMESTAMP,CURRENT_TIMESTAMP,100002753,100002799,1,Electric Riding Vehicles,000002753
CURRENT_TIMESTAMP,CURRENT_TIMESTAMP,100006407,100002799,1,Hobby Horses,000006407
CURRENT_TIMESTAMP,CURRENT_TIMESTAMP,100002724,100002799,1,Push & Pedal Riding Vehicles,000002724
CURRENT_TIMESTAMP,CURRENT_TIMESTAMP,100003441,100002799,1,Rocking & Spring Riding Toys,000003441
CURRENT_TIMESTAMP,CURRENT_TIMESTAMP,100006379,100002799,1,Wagons,000006379
CURRENT_TIMESTAMP,CURRENT_TIMESTAMP,100003625,100001253,1,Robotic Toys,000003625
CURRENT_TIMESTAMP,CURRENT_TIMESTAMP,100008127,100001253,1,Sports Toy Accessories,000008127
CURRENT_TIMESTAMP,CURRENT_TIMESTAMP,100008129,100008127,1,Fitness Toy Accessories,000008129
CURRENT_TIMESTAMP,CURRENT_TIMESTAMP,100008128,100008129,1,Hula Hoop Accessories,000008128
CURRENT_TIMESTAMP,CURRENT_TIMESTAMP,100001266,100001253,1,Sports Toys,000001266
CURRENT_TIMESTAMP,CURRENT_TIMESTAMP,100003776,100001266,1,Baseball Toys,000003776
CURRENT_TIMESTAMP,CURRENT_TIMESTAMP,100003552,100001266,1,Basketball Toys,000003552
CURRENT_TIMESTAMP,CURRENT_TIMESTAMP,100003675,100001266,1,Boomerangs,000003675
CURRENT_TIMESTAMP,CURRENT_TIMESTAMP,100003665,100001266,1,Bowling Toys,000003665
CURRENT_TIMESTAMP,CURRENT_TIMESTAMP,100500113,100001266,1,Fingerboards & Fingerboard Sets,000500113
CURRENT_TIMESTAMP,CURRENT_TIMESTAMP,100008529,100001266,1,Fishing Toys,000008529
CURRENT_TIMESTAMP,CURRENT_TIMESTAMP,100003199,100001266,1,Fitness Toys,000003199
CURRENT_TIMESTAMP,CURRENT_TIMESTAMP,100003215,100003199,1,Hula Hoops,000003215
CURRENT_TIMESTAMP,CURRENT_TIMESTAMP,100004167,100001266,1,Flying Discs,000004167
CURRENT_TIMESTAMP,CURRENT_TIMESTAMP,100003909,100001266,1,Footbags,000003909
CURRENT_TIMESTAMP,CURRENT_TIMESTAMP,100003226,100001266,1,Golf Toys,000003226
CURRENT_TIMESTAMP,CURRENT_TIMESTAMP,100003943,100001266,1,Hockey Toys,000003943
CURRENT_TIMESTAMP,CURRENT_TIMESTAMP,100499965,100001266,1,Playground Balls,000499965
CURRENT_TIMESTAMP,CURRENT_TIMESTAMP,100505284,100001266,1,Racquet Sport Toys,000505284
CURRENT_TIMESTAMP,CURRENT_TIMESTAMP,100003371,100001266,1,Toy Footballs,000003371
CURRENT_TIMESTAMP,CURRENT_TIMESTAMP,100499712,100001253,1,Toy Gift Baskets,000499712
CURRENT_TIMESTAMP,CURRENT_TIMESTAMP,100500005,100001253,1,Toy Weapon & Gadget Accessories,000500005
CURRENT_TIMESTAMP,CURRENT_TIMESTAMP,100003627,100001253,1,Toy Weapons & Gadgets,000003627
CURRENT_TIMESTAMP,CURRENT_TIMESTAMP,100003562,100001253,1,Visual Toys,000003562
CURRENT_TIMESTAMP,CURRENT_TIMESTAMP,100003301,100003562,1,Kaleidoscopes,000003301
CURRENT_TIMESTAMP,CURRENT_TIMESTAMP,100003782,100003562,1,Prisms,000003782
CURRENT_TIMESTAMP,CURRENT_TIMESTAMP,100002953,100001253,1,Wind-Up Toys,000002953
CURRENT_TIMESTAMP,CURRENT_TIMESTAMP,100000888,null,1,Vehicles & Parts,000000888
CURRENT_TIMESTAMP,CURRENT_TIMESTAMP,100005613,100000888,1,Vehicle Parts & Accessories,000005613
CURRENT_TIMESTAMP,CURRENT_TIMESTAMP,100003977,100005613,1,Aircraft Parts & Accessories,000003977
CURRENT_TIMESTAMP,CURRENT_TIMESTAMP,100008526,100005613,1,Motor Vehicle Electronics,000008526
CURRENT_TIMESTAMP,CURRENT_TIMESTAMP,100505766,100008526,1,Motor Vehicle A/V Players & In-Dash Systems,000505766
CURRENT_TIMESTAMP,CURRENT_TIMESTAMP,100000891,100008526,1,Motor Vehicle Amplifiers,000000891
CURRENT_TIMESTAMP,CURRENT_TIMESTAMP,100005525,100008526,1,Motor Vehicle Cassette Adapters,000005525
CURRENT_TIMESTAMP,CURRENT_TIMESTAMP,100005438,100008526,1,Motor Vehicle Cassette Players,000005438
CURRENT_TIMESTAMP,CURRENT_TIMESTAMP,100000894,100008526,1,Motor Vehicle Equalizers & Crossovers,000000894
CURRENT_TIMESTAMP,CURRENT_TIMESTAMP,100006968,100008526,1,Motor Vehicle Parking Cameras,000006968
CURRENT_TIMESTAMP,CURRENT_TIMESTAMP,100005572,100008526,1,Motor Vehicle Speakerphones,000005572
CURRENT_TIMESTAMP,CURRENT_TIMESTAMP,100000895,100008526,1,Motor Vehicle Speakers,000000895
CURRENT_TIMESTAMP,CURRENT_TIMESTAMP,100002833,100008526,1,Motor Vehicle Subwoofers,000002833
CURRENT_TIMESTAMP,CURRENT_TIMESTAMP,100008483,100008526,1,Motor Vehicle Video Monitor Mounts,000008483
CURRENT_TIMESTAMP,CURRENT_TIMESTAMP,100000899,100005613,1,Motor Vehicle Parts,000000899
CURRENT_TIMESTAMP,CURRENT_TIMESTAMP,100002977,100000899,1,Motor Vehicle Braking,000002977
CURRENT_TIMESTAMP,CURRENT_TIMESTAMP,100008232,100000899,1,Motor Vehicle Carpet & Upholstery,000008232
CURRENT_TIMESTAMP,CURRENT_TIMESTAMP,100002805,100000899,1,Motor Vehicle Climate Control,000002805
CURRENT_TIMESTAMP,CURRENT_TIMESTAMP,100008235,100000899,1,Motor Vehicle Controls,000008235
CURRENT_TIMESTAMP,CURRENT_TIMESTAMP,100002550,100000899,1,Motor Vehicle Engine Oil Circulation,000002550
CURRENT_TIMESTAMP,CURRENT_TIMESTAMP,100002820,100000899,1,Motor Vehicle Engine Parts,000002820
CURRENT_TIMESTAMP,CURRENT_TIMESTAMP,100008137,100000899,1,Motor Vehicle Engines,000008137
CURRENT_TIMESTAMP,CURRENT_TIMESTAMP,100000908,100000899,1,Motor Vehicle Exhaust,000000908
CURRENT_TIMESTAMP,CURRENT_TIMESTAMP,100008227,100000899,1,Motor Vehicle Frame & Body Parts,000008227
CURRENT_TIMESTAMP,CURRENT_TIMESTAMP,100002727,100000899,1,Motor Vehicle Fuel Systems,000002727
CURRENT_TIMESTAMP,CURRENT_TIMESTAMP,100008233,100000899,1,Motor Vehicle Interior Fittings,000008233
CURRENT_TIMESTAMP,CURRENT_TIMESTAMP,100003318,100000899,1,Motor Vehicle Lighting,000003318
CURRENT_TIMESTAMP,CURRENT_TIMESTAMP,100002642,100000899,1,Motor Vehicle Mirrors,000002642
CURRENT_TIMESTAMP,CURRENT_TIMESTAMP,100008231,100000899,1,Motor Vehicle Power & Electrical Systems,000008231
CURRENT_TIMESTAMP,CURRENT_TIMESTAMP,100008238,100000899,1,Motor Vehicle Seating,000008238
CURRENT_TIMESTAMP,CURRENT_TIMESTAMP,100008234,100000899,1,Motor Vehicle Sensors & Gauges,000008234
CURRENT_TIMESTAMP,CURRENT_TIMESTAMP,100002935,100000899,1,Motor Vehicle Suspension Parts,000002935
CURRENT_TIMESTAMP,CURRENT_TIMESTAMP,100008228,100000899,1,Motor Vehicle Towing,000008228
CURRENT_TIMESTAMP,CURRENT_TIMESTAMP,100002641,100000899,1,Motor Vehicle Transmission & Drivetrain Parts,000002641
CURRENT_TIMESTAMP,CURRENT_TIMESTAMP,100003020,100000899,1,Motor Vehicle Wheel Systems,000003020
CURRENT_TIMESTAMP,CURRENT_TIMESTAMP,100002932,100003020,1,Motor Vehicle Rims & Wheels,000002932
CURRENT_TIMESTAMP,CURRENT_TIMESTAMP,100006090,100002932,1,Automotive Rims & Wheels,000006090
CURRENT_TIMESTAMP,CURRENT_TIMESTAMP,100006088,100002932,1,Motorcycle Rims & Wheels,000006088
CURRENT_TIMESTAMP,CURRENT_TIMESTAMP,100007253,100002932,1,Off-Road and All-Terrain Vehicle Rims & Wheels,000007253
CURRENT_TIMESTAMP,CURRENT_TIMESTAMP,100002989,100003020,1,Motor Vehicle Tire Accessories,000002989
CURRENT_TIMESTAMP,CURRENT_TIMESTAMP,100000911,100003020,1,Motor Vehicle Tires,000000911
CURRENT_TIMESTAMP,CURRENT_TIMESTAMP,100006093,100000911,1,Automotive Tires,000006093
CURRENT_TIMESTAMP,CURRENT_TIMESTAMP,100006091,100000911,1,Motorcycle Tires,000006091
CURRENT_TIMESTAMP,CURRENT_TIMESTAMP,100007252,100000911,1,Off-Road and All-Terrain Vehicle Tires,000007252
CURRENT_TIMESTAMP,CURRENT_TIMESTAMP,100002556,100003020,1,Motor Vehicle Wheel Parts,000002556
CURRENT_TIMESTAMP,CURRENT_TIMESTAMP,100002534,100000899,1,Motor Vehicle Window Parts & Accessories,000002534
CURRENT_TIMESTAMP,CURRENT_TIMESTAMP,100000913,100005613,1,Vehicle Maintenance,000000913
CURRENT_TIMESTAMP,CURRENT_TIMESTAMP,100008534,100000913,1,Portable Fuel Cans,000008534
CURRENT_TIMESTAMP,CURRENT_TIMESTAMP,100002895,100000913,1,Vehicle Cleaning,000002895
CURRENT_TIMESTAMP,CURRENT_TIMESTAMP,100002894,100002895,1,Car Wash Brushes,000002894
CURRENT_TIMESTAMP,CURRENT_TIMESTAMP,100002590,100002895,1,Car Wash Solutions,000002590
CURRENT_TIMESTAMP,CURRENT_TIMESTAMP,100002704,100002895,1,Vehicle Carpet & Upholstery Cleaners,000002704
CURRENT_TIMESTAMP,CURRENT_TIMESTAMP,100499766,100002895,1,Vehicle Fuel Injection Cleaning Kits,000499766
CURRENT_TIMESTAMP,CURRENT_TIMESTAMP,100002846,100002895,1,Vehicle Glass Cleaners,000002846
CURRENT_TIMESTAMP,CURRENT_TIMESTAMP,100002643,100002895,1,Vehicle Waxes,000002643
CURRENT_TIMESTAMP,CURRENT_TIMESTAMP,100003436,null,1,Vehicle Covers,000003436
CURRENT_TIMESTAMP,CURRENT_TIMESTAMP,100008306,100003436,1,Golf Cart Enclosures,000008306
CURRENT_TIMESTAMP,CURRENT_TIMESTAMP,100008316,100003436,1,Motor Vehicle Windshield Covers,000008316
CURRENT_TIMESTAMP,CURRENT_TIMESTAMP,100008308,100003436,1,Tonneau Covers,000008308
CURRENT_TIMESTAMP,CURRENT_TIMESTAMP,100002494,100003436,1,Vehicle Hardtops,000002494
CURRENT_TIMESTAMP,CURRENT_TIMESTAMP,100007031,100003436,1,Vehicle Soft Tops,000007031
CURRENT_TIMESTAMP,CURRENT_TIMESTAMP,100008309,100003436,1,Vehicle Storage Covers,000008309
CURRENT_TIMESTAMP,CURRENT_TIMESTAMP,100008310,100008309,1,Automotive Storage Covers,000008310
CURRENT_TIMESTAMP,CURRENT_TIMESTAMP,100008314,100008309,1,Golf Cart Storage Covers,000008314
CURRENT_TIMESTAMP,CURRENT_TIMESTAMP,100008313,100008309,1,Motorcycle Storage Covers,000008313
CURRENT_TIMESTAMP,CURRENT_TIMESTAMP,100008311,100008309,1,Recreational Vehicle Storage Covers,000008311
CURRENT_TIMESTAMP,CURRENT_TIMESTAMP,100008312,100008309,1,Watercraft Storage Covers,000008312
CURRENT_TIMESTAMP,CURRENT_TIMESTAMP,100002495,null,1,Vehicle Decor,000002495
CURRENT_TIMESTAMP,CURRENT_TIMESTAMP,100002667,100002495,1,Bumper Stickers,000002667
CURRENT_TIMESTAMP,CURRENT_TIMESTAMP,100002789,100002495,1,Vehicle Air Fresheners,000002789
CURRENT_TIMESTAMP,CURRENT_TIMESTAMP,100002588,100002495,1,Vehicle Antenna Balls,000002588
CURRENT_TIMESTAMP,CURRENT_TIMESTAMP,100002582,100002495,1,Vehicle Dashboard Accessories,000002582
CURRENT_TIMESTAMP,CURRENT_TIMESTAMP,100002722,100002495,1,Vehicle Decals,000002722
CURRENT_TIMESTAMP,CURRENT_TIMESTAMP,100008469,100002495,1,Vehicle Decor Accessory Sets,000008469
CURRENT_TIMESTAMP,CURRENT_TIMESTAMP,100002652,100002495,1,Vehicle Display Flags,000002652
CURRENT_TIMESTAMP,CURRENT_TIMESTAMP,100005995,100002495,1,Vehicle Emblems & Hood Ornaments,000005995
CURRENT_TIMESTAMP,CURRENT_TIMESTAMP,100008145,100002495,1,Vehicle Hitch Covers,000008145
CURRENT_TIMESTAMP,CURRENT_TIMESTAMP,100007022,100002495,1,Vehicle License Plate Covers,000007022
CURRENT_TIMESTAMP,CURRENT_TIMESTAMP,100005994,100002495,1,Vehicle License Plate Frames,000005994
CURRENT_TIMESTAMP,CURRENT_TIMESTAMP,100008298,100002495,1,Vehicle License Plate Mounts & Holders,000008298
CURRENT_TIMESTAMP,CURRENT_TIMESTAMP,100002248,100002495,1,Vehicle License Plates,000002248
CURRENT_TIMESTAMP,CURRENT_TIMESTAMP,100007532,100002495,1,Vehicle Magnets,000007532
CURRENT_TIMESTAMP,CURRENT_TIMESTAMP,100008478,100002495,1,Vehicle Rear View Mirror Ornaments,000008478
CURRENT_TIMESTAMP,CURRENT_TIMESTAMP,100008463,100002495,1,Vehicle Shift Boots,000008463
CURRENT_TIMESTAMP,CURRENT_TIMESTAMP,100008142,100002495,1,Vehicle Shift Knobs,000008142
CURRENT_TIMESTAMP,CURRENT_TIMESTAMP,100008464,100002495,1,Vehicle Steering Wheel Covers,000008464
CURRENT_TIMESTAMP,CURRENT_TIMESTAMP,100008202,100002495,1,Vehicle Wraps,000008202
CURRENT_TIMESTAMP,CURRENT_TIMESTAMP,100002788,null,1,Vehicle Fluids,000002788
CURRENT_TIMESTAMP,CURRENT_TIMESTAMP,100002635,100002788,1,Vehicle Antifreeze,000002635
CURRENT_TIMESTAMP,CURRENT_TIMESTAMP,100003051,100002788,1,Vehicle Brake Fluid,000003051
CURRENT_TIMESTAMP,CURRENT_TIMESTAMP,100002517,100002788,1,Vehicle Cooling System Additives,000002517
CURRENT_TIMESTAMP,CURRENT_TIMESTAMP,100002881,100002788,1,Vehicle Engine Degreasers,000002881
CURRENT_TIMESTAMP,CURRENT_TIMESTAMP,100002719,100002788,1,Vehicle Fuel System Cleaners,000002719
CURRENT_TIMESTAMP,CURRENT_TIMESTAMP,100002735,100002788,1,Vehicle Greases,000002735
CURRENT_TIMESTAMP,CURRENT_TIMESTAMP,100002916,100002788,1,Vehicle Hydraulic Clutch Fluid,000002916
CURRENT_TIMESTAMP,CURRENT_TIMESTAMP,100003044,100002788,1,Vehicle Motor Oil,000003044
CURRENT_TIMESTAMP,CURRENT_TIMESTAMP,100002770,100002788,1,Vehicle Performance Additives,000002770
CURRENT_TIMESTAMP,CURRENT_TIMESTAMP,100002513,100002788,1,Vehicle Power Steering Fluid,000002513
CURRENT_TIMESTAMP,CURRENT_TIMESTAMP,100002688,100002788,1,Vehicle Transmission Fluid,000002688
CURRENT_TIMESTAMP,CURRENT_TIMESTAMP,100002943,100002788,1,Vehicle Windshield Fluid,000002943
CURRENT_TIMESTAMP,CURRENT_TIMESTAMP,100003812,null,1,Vehicle Paint,000003812
CURRENT_TIMESTAMP,CURRENT_TIMESTAMP,100008450,100003812,1,Motor Vehicle Body Paint,000008450
CURRENT_TIMESTAMP,CURRENT_TIMESTAMP,100008144,100003812,1,Motor Vehicle Brake Caliper Paint,000008144
CURRENT_TIMESTAMP,CURRENT_TIMESTAMP,100008236,null,1,Vehicle Repair & Specialty Tools,000008236
CURRENT_TIMESTAMP,CURRENT_TIMESTAMP,100008260,100008236,1,Motor Vehicle Brake Service Kits,000008260
CURRENT_TIMESTAMP,CURRENT_TIMESTAMP,100008259,100008236,1,Motor Vehicle Clutch Alignment & Removal Tools,000008259
CURRENT_TIMESTAMP,CURRENT_TIMESTAMP,100007414,100008236,1,Vehicle Battery Chargers,000007414
CURRENT_TIMESTAMP,CURRENT_TIMESTAMP,100499929,100008236,1,Vehicle Battery Testers,000499929
CURRENT_TIMESTAMP,CURRENT_TIMESTAMP,100499774,100008236,1,Vehicle Body Filler,000499774
CURRENT_TIMESTAMP,CURRENT_TIMESTAMP,100006482,100008236,1,Vehicle Diagnostic Scanners,000006482
CURRENT_TIMESTAMP,CURRENT_TIMESTAMP,100005068,100008236,1,Vehicle Jump Starters,000005068
CURRENT_TIMESTAMP,CURRENT_TIMESTAMP,100003326,100008236,1,Vehicle Jumper Cables,000003326
CURRENT_TIMESTAMP,CURRENT_TIMESTAMP,100008261,100008236,1,Vehicle Tire Repair & Tire Changing Tools,000008261
CURRENT_TIMESTAMP,CURRENT_TIMESTAMP,100002647,100008236,1,Windshield Repair Kits,000002647
CURRENT_TIMESTAMP,CURRENT_TIMESTAMP,100008301,100005613,1,Vehicle Safety & Security,000008301
CURRENT_TIMESTAMP,CURRENT_TIMESTAMP,100005547,100008301,1,Motorcycle Protective Gear,000005547
CURRENT_TIMESTAMP,CURRENT_TIMESTAMP,100005959,100005547,1,Motorcycle Chest & Back Protectors,000005959
CURRENT_TIMESTAMP,CURRENT_TIMESTAMP,100005963,100005547,1,Motorcycle Elbow & Wrist Guards,000005963
CURRENT_TIMESTAMP,CURRENT_TIMESTAMP,100005908,100005547,1,Motorcycle Gloves,000005908
CURRENT_TIMESTAMP,CURRENT_TIMESTAMP,100005106,100005547,1,Motorcycle Goggles,000005106
CURRENT_TIMESTAMP,CURRENT_TIMESTAMP,100008507,100005547,1,Motorcycle Hand Guards,000008507
CURRENT_TIMESTAMP,CURRENT_TIMESTAMP,100006493,100005547,1,Motorcycle Helmet Parts & Accessories,000006493
CURRENT_TIMESTAMP,CURRENT_TIMESTAMP,100002110,100005547,1,Motorcycle Helmets,000002110
CURRENT_TIMESTAMP,CURRENT_TIMESTAMP,100005960,100005547,1,Motorcycle Kidney Belts,000005960
CURRENT_TIMESTAMP,CURRENT_TIMESTAMP,100005962,100005547,1,Motorcycle Knee & Shin Guards,000005962
CURRENT_TIMESTAMP,CURRENT_TIMESTAMP,100005961,100005547,1,Motorcycle Neck Braces,000005961
CURRENT_TIMESTAMP,CURRENT_TIMESTAMP,100362737,100008301,1,Off-Road & All-Terrain Vehicle Protective Gear,000362737
CURRENT_TIMESTAMP,CURRENT_TIMESTAMP,100362738,100362737,1,ATV & UTV Bar Pads,000362738
CURRENT_TIMESTAMP,CURRENT_TIMESTAMP,100002768,100008301,1,Vehicle Alarms & Locks,000002768
CURRENT_TIMESTAMP,CURRENT_TIMESTAMP,100006084,100002768,1,Automotive Alarm Accessories,000006084
CURRENT_TIMESTAMP,CURRENT_TIMESTAMP,100001802,100002768,1,Automotive Alarm Systems,000001802
CURRENT_TIMESTAMP,CURRENT_TIMESTAMP,100006083,100002768,1,Motorcycle Alarms & Locks,000006083
CURRENT_TIMESTAMP,CURRENT_TIMESTAMP,100008302,100002768,1,Vehicle Door Locks & Parts,000008302
CURRENT_TIMESTAMP,CURRENT_TIMESTAMP,100008305,100008302,1,Vehicle Door Lock Actuators,000008305
CURRENT_TIMESTAMP,CURRENT_TIMESTAMP,100008304,100008302,1,Vehicle Door Lock Knobs,000008304
CURRENT_TIMESTAMP,CURRENT_TIMESTAMP,100008303,100008302,1,Vehicle Door Locks & Locking Systems,000008303
CURRENT_TIMESTAMP,CURRENT_TIMESTAMP,100235921,100002768,1,Vehicle Hitch Locks,000235921
CURRENT_TIMESTAMP,CURRENT_TIMESTAMP,100003024,100002768,1,Vehicle Immobilizers,000003024
CURRENT_TIMESTAMP,CURRENT_TIMESTAMP,100002699,100002768,1,Vehicle Remote Keyless Systems,000002699
CURRENT_TIMESTAMP,CURRENT_TIMESTAMP,100002750,100002768,1,Vehicle Steering Wheel Locks,000002750
CURRENT_TIMESTAMP,CURRENT_TIMESTAMP,100500077,100002768,1,Vehicle Wheel Clamps,000500077
CURRENT_TIMESTAMP,CURRENT_TIMESTAMP,100002879,100008301,1,Vehicle Safety Equipment,000002879
CURRENT_TIMESTAMP,CURRENT_TIMESTAMP,100008447,100002879,1,Car Window Nets,000008447
CURRENT_TIMESTAMP,CURRENT_TIMESTAMP,100008445,100002879,1,Emergency Road Flares,000008445
CURRENT_TIMESTAMP,CURRENT_TIMESTAMP,100008448,100002879,1,Motor Vehicle Airbag Parts,000008448
CURRENT_TIMESTAMP,CURRENT_TIMESTAMP,100008446,100002879,1,Motor Vehicle Roll Cages & Bars,000008446
CURRENT_TIMESTAMP,CURRENT_TIMESTAMP,100008477,100002879,1,Vehicle Seat Belt Buckles,000008477
CURRENT_TIMESTAMP,CURRENT_TIMESTAMP,100326120,100002879,1,Vehicle Seat Belt Covers,000326120
CURRENT_TIMESTAMP,CURRENT_TIMESTAMP,100008476,100002879,1,Vehicle Seat Belt Straps,000008476
CURRENT_TIMESTAMP,CURRENT_TIMESTAMP,100008449,100002879,1,Vehicle Seat Belts,000008449
CURRENT_TIMESTAMP,CURRENT_TIMESTAMP,100006966,100002879,1,Vehicle Warning Whips,000006966
CURRENT_TIMESTAMP,CURRENT_TIMESTAMP,100008506,100002879,1,Vehicle Wheel Chocks,000008506
CURRENT_TIMESTAMP,CURRENT_TIMESTAMP,100008237,100005613,1,Vehicle Storage & Cargo,000008237
CURRENT_TIMESTAMP,CURRENT_TIMESTAMP,100006744,100008237,1,Motor Vehicle Cargo Nets,000006744
CURRENT_TIMESTAMP,CURRENT_TIMESTAMP,100006454,100008237,1,Motor Vehicle Carrying Rack Accessories,000006454
CURRENT_TIMESTAMP,CURRENT_TIMESTAMP,100007122,100006454,1,Vehicle Bicycle Rack Accessories,000007122
CURRENT_TIMESTAMP,CURRENT_TIMESTAMP,100008086,100006454,1,Vehicle Ski & Snowboard Rack Accessories,000008086
CURRENT_TIMESTAMP,CURRENT_TIMESTAMP,100003472,100008237,1,Motor Vehicle Carrying Racks,000003472
CURRENT_TIMESTAMP,CURRENT_TIMESTAMP,100006041,100003472,1,Vehicle Base Rack Systems,000006041
CURRENT_TIMESTAMP,CURRENT_TIMESTAMP,100002836,100003472,1,Vehicle Bicycle Racks,000002836
CURRENT_TIMESTAMP,CURRENT_TIMESTAMP,100006047,100003472,1,Vehicle Boat Racks,000006047
CURRENT_TIMESTAMP,CURRENT_TIMESTAMP,100004240,100003472,1,Vehicle Cargo Racks,000004240
CURRENT_TIMESTAMP,CURRENT_TIMESTAMP,100006046,100003472,1,Vehicle Fishing Rod Racks,000006046
CURRENT_TIMESTAMP,CURRENT_TIMESTAMP,100007115,100003472,1,Vehicle Gun Racks,000007115
CURRENT_TIMESTAMP,CURRENT_TIMESTAMP,100006044,100003472,1,Vehicle Motorcycle & Scooter Racks,000006044
CURRENT_TIMESTAMP,CURRENT_TIMESTAMP,100006043,100003472,1,Vehicle Ski & Snowboard Racks,000006043
CURRENT_TIMESTAMP,CURRENT_TIMESTAMP,100006042,100003472,1,Vehicle Water Sport Board Racks,000006042
CURRENT_TIMESTAMP,CURRENT_TIMESTAMP,100008147,100008237,1,Motor Vehicle Loading Ramps,000008147
CURRENT_TIMESTAMP,CURRENT_TIMESTAMP,100004027,100008237,1,Motor Vehicle Trailers,000004027
CURRENT_TIMESTAMP,CURRENT_TIMESTAMP,100001133,100004027,1,Boat Trailers,000001133
CURRENT_TIMESTAMP,CURRENT_TIMESTAMP,100004037,100004027,1,Horse & Livestock Trailers,000004037
CURRENT_TIMESTAMP,CURRENT_TIMESTAMP,100004243,100004027,1,Travel Trailers,000004243
CURRENT_TIMESTAMP,CURRENT_TIMESTAMP,100004044,100004027,1,Utility & Cargo Trailers,000004044
CURRENT_TIMESTAMP,CURRENT_TIMESTAMP,100005512,100008237,1,Motorcycle Bags & Panniers,000005512
CURRENT_TIMESTAMP,CURRENT_TIMESTAMP,100008378,100008237,1,Truck Bed Storage Boxes & Organizers,000008378
CURRENT_TIMESTAMP,CURRENT_TIMESTAMP,100008475,100008237,1,Vehicle Headrest Hangers & Hooks,000008475
CURRENT_TIMESTAMP,CURRENT_TIMESTAMP,100002290,100008237,1,Vehicle Organizers,000002290
CURRENT_TIMESTAMP,CURRENT_TIMESTAMP,100003391,100005613,1,Watercraft Parts & Accessories,000003391
CURRENT_TIMESTAMP,CURRENT_TIMESTAMP,100003315,100003391,1,Docking & Anchoring,000003315
CURRENT_TIMESTAMP,CURRENT_TIMESTAMP,100003452,100003315,1,Anchor Chains,000003452
CURRENT_TIMESTAMP,CURRENT_TIMESTAMP,100003362,100003315,1,Anchor Lines & Ropes,000003362
CURRENT_TIMESTAMP,CURRENT_TIMESTAMP,100003480,100003315,1,Anchor Windlasses,000003480
CURRENT_TIMESTAMP,CURRENT_TIMESTAMP,100003189,100003315,1,Anchors,000003189
CURRENT_TIMESTAMP,CURRENT_TIMESTAMP,100003655,100003315,1,Boat Hooks,000003655
CURRENT_TIMESTAMP,CURRENT_TIMESTAMP,100003718,100003315,1,Boat Ladders,000003718
CURRENT_TIMESTAMP,CURRENT_TIMESTAMP,100003572,100003315,1,Dock Cleats,000003572
CURRENT_TIMESTAMP,CURRENT_TIMESTAMP,100003899,100003315,1,Dock Steps,000003899
CURRENT_TIMESTAMP,CURRENT_TIMESTAMP,100001132,100003391,1,Sailboat Parts,000001132
CURRENT_TIMESTAMP,CURRENT_TIMESTAMP,100001122,100003391,1,Watercraft Care,000001122
CURRENT_TIMESTAMP,CURRENT_TIMESTAMP,100003866,100001122,1,Watercraft Cleaners,000003866
CURRENT_TIMESTAMP,CURRENT_TIMESTAMP,100003955,100001122,1,Watercraft Polishes,000003955
CURRENT_TIMESTAMP,CURRENT_TIMESTAMP,100003606,100003391,1,Watercraft Engine Parts,000003606
CURRENT_TIMESTAMP,CURRENT_TIMESTAMP,100003143,100003606,1,Watercraft Alternators,000003143
CURRENT_TIMESTAMP,CURRENT_TIMESTAMP,100003463,100003606,1,Watercraft Carburetors & Parts,000003463
CURRENT_TIMESTAMP,CURRENT_TIMESTAMP,100003321,100003606,1,Watercraft Engine Controls,000003321
CURRENT_TIMESTAMP,CURRENT_TIMESTAMP,100003743,100003606,1,Watercraft Ignition Parts,000003743
CURRENT_TIMESTAMP,CURRENT_TIMESTAMP,100003097,100003606,1,Watercraft Impellers,000003097
CURRENT_TIMESTAMP,CURRENT_TIMESTAMP,100003507,100003606,1,Watercraft Motor Locks,000003507
CURRENT_TIMESTAMP,CURRENT_TIMESTAMP,100003566,100003606,1,Watercraft Motor Mounts,000003566
CURRENT_TIMESTAMP,CURRENT_TIMESTAMP,100003277,100003606,1,Watercraft Pistons & Parts,000003277
CURRENT_TIMESTAMP,CURRENT_TIMESTAMP,100003806,100003606,1,Watercraft Propellers,000003806
CURRENT_TIMESTAMP,CURRENT_TIMESTAMP,100001125,100003391,1,Watercraft Engines & Motors,000001125
CURRENT_TIMESTAMP,CURRENT_TIMESTAMP,100003619,100003391,1,Watercraft Exhaust Parts,000003619
CURRENT_TIMESTAMP,CURRENT_TIMESTAMP,100003232,100003619,1,Watercraft Manifolds,000003232
CURRENT_TIMESTAMP,CURRENT_TIMESTAMP,100003309,100003619,1,Watercraft Mufflers & Parts,000003309
CURRENT_TIMESTAMP,CURRENT_TIMESTAMP,100003400,100003391,1,Watercraft Fuel Systems,000003400
CURRENT_TIMESTAMP,CURRENT_TIMESTAMP,100003415,100003400,1,Watercraft Fuel Lines & Parts,000003415
CURRENT_TIMESTAMP,CURRENT_TIMESTAMP,100003968,100003400,1,Watercraft Fuel Meters,000003968
CURRENT_TIMESTAMP,CURRENT_TIMESTAMP,100003892,100003400,1,Watercraft Fuel Pumps & Parts,000003892
CURRENT_TIMESTAMP,CURRENT_TIMESTAMP,100003648,100003400,1,Watercraft Fuel Tanks & Parts,000003648
CURRENT_TIMESTAMP,CURRENT_TIMESTAMP,100006293,100003391,1,Watercraft Lighting,000006293
CURRENT_TIMESTAMP,CURRENT_TIMESTAMP,100003995,100003391,1,Watercraft Steering Parts,000003995
CURRENT_TIMESTAMP,CURRENT_TIMESTAMP,100003308,100003995,1,Watercraft Steering Cables,000003308
CURRENT_TIMESTAMP,CURRENT_TIMESTAMP,100003663,100003995,1,Watercraft Steering Wheels,000003663
CURRENT_TIMESTAMP,CURRENT_TIMESTAMP,100005614,100000888,1,Vehicles,000005614
CURRENT_TIMESTAMP,CURRENT_TIMESTAMP,100003395,100005614,1,Aircraft,000003395
CURRENT_TIMESTAMP,CURRENT_TIMESTAMP,100001267,100005614,1,Motor Vehicles,000001267
CURRENT_TIMESTAMP,CURRENT_TIMESTAMP,100000916,100001267,1,Cars,000000916
CURRENT_TIMESTAMP,CURRENT_TIMESTAMP,100003931,100001267,1,Golf Carts,000003931
CURRENT_TIMESTAMP,CURRENT_TIMESTAMP,100000919,100001267,1,Motorcycles & Scooters,000000919
CURRENT_TIMESTAMP,CURRENT_TIMESTAMP,100503031,100001267,1,Off-Road and All-Terrain Vehicles,000503031
CURRENT_TIMESTAMP,CURRENT_TIMESTAMP,100003018,100503031,1,ATVs & UTVs,000003018
CURRENT_TIMESTAMP,CURRENT_TIMESTAMP,100002528,100503031,1,Go Karts & Dune Buggies,000002528
CURRENT_TIMESTAMP,CURRENT_TIMESTAMP,100000920,100001267,1,Recreational Vehicles,000000920
CURRENT_TIMESTAMP,CURRENT_TIMESTAMP,100003549,100001267,1,Snowmobiles,000003549
CURRENT_TIMESTAMP,CURRENT_TIMESTAMP,100003540,100005614,1,Watercraft,000003540
CURRENT_TIMESTAMP,CURRENT_TIMESTAMP,100003095,100003540,1,Motor Boats,000003095
CURRENT_TIMESTAMP,CURRENT_TIMESTAMP,100001130,100003540,1,Personal Watercraft,000001130
CURRENT_TIMESTAMP,CURRENT_TIMESTAMP,100003087,100003540,1,Sailboats,000003087
CURRENT_TIMESTAMP,CURRENT_TIMESTAMP,100005644,100003540,1,Yachts,000005644
CURRENT_TIMESTAMP,CURRENT_TIMESTAMP,200000537,null,2,Bayi & Balita,000000537
CURRENT_TIMESTAMP,CURRENT_TIMESTAMP,200004386,200000537,2,Aksesori Transportasi Bayi,000004386
CURRENT_TIMESTAMP,CURRENT_TIMESTAMP,200004916,200004386,2,Aksesori Gendongan Bayi,000004916
CURRENT_TIMESTAMP,CURRENT_TIMESTAMP,200004387,200004386,2,Aksesori Kereta Dorong Bayi,000004387
CURRENT_TIMESTAMP,CURRENT_TIMESTAMP,200004486,200004386,2,Aksesori Kursi Mobil Bayi & Balita,000004486
CURRENT_TIMESTAMP,CURRENT_TIMESTAMP,200005845,200004386,2,Bantalan Troli Belanja & Kursi Makan Anak,000005845
CURRENT_TIMESTAMP,CURRENT_TIMESTAMP,200008537,200004386,2,Pelapis & Alas Transportasi Bayi,000008537
CURRENT_TIMESTAMP,CURRENT_TIMESTAMP,200005252,200000537,2,Kesehatan Bayi,000005252
CURRENT_TIMESTAMP,CURRENT_TIMESTAMP,200005253,200005252,2,Aspirator Hidung,000005253
CURRENT_TIMESTAMP,CURRENT_TIMESTAMP,200000566,200005252,2,Dot & Gigitan Bayi,000000566
CURRENT_TIMESTAMP,CURRENT_TIMESTAMP,200007309,200005252,2,Lap Dot Bayi,000007309
CURRENT_TIMESTAMP,CURRENT_TIMESTAMP,200006290,200005252,2,Perlengkapan Kesehatan & Perawatan Bayi,000006290
CURRENT_TIMESTAMP,CURRENT_TIMESTAMP,200007016,200005252,2,Tali Dot Bayi,000007016
CURRENT_TIMESTAMP,CURRENT_TIMESTAMP,200000540,200000537,2,Keselamatan Bayi,000000540
CURRENT_TIMESTAMP,CURRENT_TIMESTAMP,200006869,200000540,2,Aksesori Pagar Bayi & Binatang Peliharaan,000006869
CURRENT_TIMESTAMP,CURRENT_TIMESTAMP,200000543,200000540,2,Gembok & Pengaman Bayi,000000543
CURRENT_TIMESTAMP,CURRENT_TIMESTAMP,200005049,200000540,2,Kekang & Tali Pengaman Bayi,000005049
CURRENT_TIMESTAMP,CURRENT_TIMESTAMP,200000541,200000540,2,Monitor Bayi,000000541
CURRENT_TIMESTAMP,CURRENT_TIMESTAMP,200000542,200000540,2,Pagar Bayi & Binatang Peliharaan,000000542
CURRENT_TIMESTAMP,CURRENT_TIMESTAMP,200000544,200000540,2,Pagar Pengaman Tempat Tidur Bayi,000000544
CURRENT_TIMESTAMP,CURRENT_TIMESTAMP,200002847,200000537,2,Mainan Bayi & Peralatan Aktivitas,000002847
CURRENT_TIMESTAMP,CURRENT_TIMESTAMP,200007191,200002847,2,Aksesori Baby Mobile,000007191
CURRENT_TIMESTAMP,CURRENT_TIMESTAMP,200000560,200002847,2,Ayunan & Ayunan Gantung Bayi,000000560
CURRENT_TIMESTAMP,CURRENT_TIMESTAMP,200000555,200002847,2,Ayunan & Bouncer Bayi,000000555
CURRENT_TIMESTAMP,CURRENT_TIMESTAMP,200001241,200002847,2,Baby Walker & Penghibur Bayi,000001241
CURRENT_TIMESTAMP,CURRENT_TIMESTAMP,200001244,200002847,2,Ecek-Ecek Mainan,000001244
CURRENT_TIMESTAMP,CURRENT_TIMESTAMP,200007360,200002847,2,Empeng,000007360
CURRENT_TIMESTAMP,CURRENT_TIMESTAMP,200007198,200002847,2,Mainan Aktivitas Bayi,000007198
CURRENT_TIMESTAMP,CURRENT_TIMESTAMP,200003661,200002847,2,Mainan Alfabet,000003661
CURRENT_TIMESTAMP,CURRENT_TIMESTAMP,200003459,200002847,2,Mainan Dorong & Tarik,000003459
CURRENT_TIMESTAMP,CURRENT_TIMESTAMP,200001242,200002847,2,Mainan Gantung untuk Bayi,000001242
CURRENT_TIMESTAMP,CURRENT_TIMESTAMP,200003860,200002847,2,Mainan Menyortir & Menumpuk,000003860
CURRENT_TIMESTAMP,CURRENT_TIMESTAMP,200001243,200002847,2,Matras Bayi & Mainannya,000001243
CURRENT_TIMESTAMP,CURRENT_TIMESTAMP,200000539,200002847,2,Pagar Bermain Anak,000000539
CURRENT_TIMESTAMP,CURRENT_TIMESTAMP,200004678,200000537,2,Memandikan Bayi,000004678
CURRENT_TIMESTAMP,CURRENT_TIMESTAMP,200004679,200004678,2,Bak Mandi Bayi & Kursi Mandi,000004679
CURRENT_TIMESTAMP,CURRENT_TIMESTAMP,200007082,200004678,2,Topi Visor Mandi,000007082
CURRENT_TIMESTAMP,CURRENT_TIMESTAMP,200000561,200000537,2,Menyusui & Menyuapi,000000561
CURRENT_TIMESTAMP,CURRENT_TIMESTAMP,200505366,200000561,2,Aksesori Pompa ASI,000505366
CURRENT_TIMESTAMP,CURRENT_TIMESTAMP,200005298,200000561,2,Bantal Menyusui,000005298
CURRENT_TIMESTAMP,CURRENT_TIMESTAMP,200503762,200000561,2,Bantalan Penyerap ASI & Pelindung Puting,000503762
CURRENT_TIMESTAMP,CURRENT_TIMESTAMP,200000564,200000561,2,Botol Susu Bayi,000000564
CURRENT_TIMESTAMP,CURRENT_TIMESTAMP,200006950,200000561,2,Cangkir Bayi,000006950
CURRENT_TIMESTAMP,CURRENT_TIMESTAMP,200005629,200000561,2,Celemek Bayi,000005629
CURRENT_TIMESTAMP,CURRENT_TIMESTAMP,200002125,200000561,2,Celemek Makan,000002125
CURRENT_TIMESTAMP,CURRENT_TIMESTAMP,200005630,200000561,2,Dot & Liner Botol Susu Bayi,000005630
CURRENT_TIMESTAMP,CURRENT_TIMESTAMP,200000562,200000561,2,Makanan Bayi & Balita,000000562
CURRENT_TIMESTAMP,CURRENT_TIMESTAMP,200005719,200000562,2,Makanan Bayi,000005719
CURRENT_TIMESTAMP,CURRENT_TIMESTAMP,200005720,200000562,2,Makanan Ringan Bayi,000005720
CURRENT_TIMESTAMP,CURRENT_TIMESTAMP,200008436,200000562,2,Minuman & Shake Nutrisi Balita,000008436
CURRENT_TIMESTAMP,CURRENT_TIMESTAMP,200005718,200000562,2,Minuman Bayi,000005718
CURRENT_TIMESTAMP,CURRENT_TIMESTAMP,200005721,200000562,2,Sereal Bayi,000005721
CURRENT_TIMESTAMP,CURRENT_TIMESTAMP,200000563,200000562,2,Susu Bayi,000000563
CURRENT_TIMESTAMP,CURRENT_TIMESTAMP,200005296,200000561,2,Penghangat & Pensteril Botol,000005296
CURRENT_TIMESTAMP,CURRENT_TIMESTAMP,200005843,200000561,2,Penutup untuk Menyusui,000005843
CURRENT_TIMESTAMP,CURRENT_TIMESTAMP,200000565,200000561,2,Pompa ASI,000000565
CURRENT_TIMESTAMP,CURRENT_TIMESTAMP,200008075,200000561,2,Sarung Bantal Menyusui,000008075
CURRENT_TIMESTAMP,CURRENT_TIMESTAMP,200004768,200000561,2,Timer Perawatan Bayi,000004768
CURRENT_TIMESTAMP,CURRENT_TIMESTAMP,200007234,200000561,2,Wadah Penyimpanan ASI,000007234
CURRENT_TIMESTAMP,CURRENT_TIMESTAMP,200006952,200000537,2,Pelatihan Buang Air,000006952
CURRENT_TIMESTAMP,CURRENT_TIMESTAMP,200006953,200006952,2,Perlengkapan Pelatihan Buang Air,000006953
CURRENT_TIMESTAMP,CURRENT_TIMESTAMP,200000552,200006952,2,Tempat Duduk Toilet untuk Anak-anak,000000552
CURRENT_TIMESTAMP,CURRENT_TIMESTAMP,200000548,200000537,2,Perlengkapan Pemakaian Popok,000000548
CURRENT_TIMESTAMP,CURRENT_TIMESTAMP,200007001,200000548,2,Aksesori Ember Popok,000007001
CURRENT_TIMESTAMP,CURRENT_TIMESTAMP,200005628,200000548,2,Alas & Nampan Ganti Popok,000005628
CURRENT_TIMESTAMP,CURRENT_TIMESTAMP,200000550,200000548,2,Ember Popok,000000550
CURRENT_TIMESTAMP,CURRENT_TIMESTAMP,200502999,200000548,2,Kain Alas Ganti Popok & Baju Bayi,000502999
CURRENT_TIMESTAMP,CURRENT_TIMESTAMP,200007200,200000548,2,Kotak & Penghangat Tisu Bayi,000007200
CURRENT_TIMESTAMP,CURRENT_TIMESTAMP,200002949,200000548,2,Obat Ruam Popok,000002949
CURRENT_TIMESTAMP,CURRENT_TIMESTAMP,200006949,200000548,2,Pelapis Popok,000006949
CURRENT_TIMESTAMP,CURRENT_TIMESTAMP,200007014,200000548,2,Perlengkapan Popok,000007014
CURRENT_TIMESTAMP,CURRENT_TIMESTAMP,200000551,200000548,2,Popok,000000551
CURRENT_TIMESTAMP,CURRENT_TIMESTAMP,200006971,200000548,2,Tas Popok Kotor,000006971
CURRENT_TIMESTAMP,CURRENT_TIMESTAMP,200000553,200000548,2,Tisu Basah & Lap Bayi,000000553
CURRENT_TIMESTAMP,CURRENT_TIMESTAMP,200006883,200000548,2,Wadah Popok,000006883
CURRENT_TIMESTAMP,CURRENT_TIMESTAMP,200006899,200000537,2,Selimut Bedung,000006899
CURRENT_TIMESTAMP,CURRENT_TIMESTAMP,200005859,200000537,2,Set Kado Bayi,000005859
CURRENT_TIMESTAMP,CURRENT_TIMESTAMP,200002764,200000537,2,Transportasi Bayi,000002764
CURRENT_TIMESTAMP,CURRENT_TIMESTAMP,200000538,200002764,2,Gendongan Bayi,000000538
CURRENT_TIMESTAMP,CURRENT_TIMESTAMP,200000547,200002764,2,Kursi Mobil Bayi & Balita,000000547
CURRENT_TIMESTAMP,CURRENT_TIMESTAMP,200000568,200002764,2,Stroler Bayi,000000568
CURRENT_TIMESTAMP,CURRENT_TIMESTAMP,200000111,null,2,Bisnis & Industri,000000111
CURRENT_TIMESTAMP,CURRENT_TIMESTAMP,200008025,200000111,2,Aksesori Penyimpanan Industri,000008025
CURRENT_TIMESTAMP,CURRENT_TIMESTAMP,200001795,200000111,2,Alat Berat,000001795
CURRENT_TIMESTAMP,CURRENT_TIMESTAMP,200002072,200001795,2,Mesin Perajang Kayu,000002072
CURRENT_TIMESTAMP,CURRENT_TIMESTAMP,200002155,200000111,2,Film & Televisi,000002155
CURRENT_TIMESTAMP,CURRENT_TIMESTAMP,200001475,200000111,2,Hotel dan Perhotelan,000001475
CURRENT_TIMESTAMP,CURRENT_TIMESTAMP,200002496,200000111,2,Kedokteran,000002496
CURRENT_TIMESTAMP,CURRENT_TIMESTAMP,200230913,200002496,2,Alat-alat Medis,000230913
CURRENT_TIMESTAMP,CURRENT_TIMESTAMP,200006281,200230913,2,Gunting Tang Kedokteran,000006281
CURRENT_TIMESTAMP,CURRENT_TIMESTAMP,200499935,200230913,2,Jarum Bedah & Benang Jahitan,000499935
CURRENT_TIMESTAMP,CURRENT_TIMESTAMP,200008026,200230913,2,Pisau Bedah,000008026
CURRENT_TIMESTAMP,CURRENT_TIMESTAMP,200232166,200230913,2,Pisau Scalpel,000232166
CURRENT_TIMESTAMP,CURRENT_TIMESTAMP,200001898,200002496,2,Baju Rumah Sakit,000001898
CURRENT_TIMESTAMP,CURRENT_TIMESTAMP,200001645,200002496,2,Jubah Bedah,000001645
CURRENT_TIMESTAMP,CURRENT_TIMESTAMP,200005167,200002496,2,Perabotan untuk Keperluan Medis,000005167
CURRENT_TIMESTAMP,CURRENT_TIMESTAMP,200005169,200005167,2,Kursi & Meja Pemeriksaan,000005169
CURRENT_TIMESTAMP,CURRENT_TIMESTAMP,200005170,200005167,2,Lemari Obat,000005170
CURRENT_TIMESTAMP,CURRENT_TIMESTAMP,200005168,200005167,2,Meja Chiropractic,000005168
CURRENT_TIMESTAMP,CURRENT_TIMESTAMP,200005172,200005167,2,Meja Operasi,000005172
CURRENT_TIMESTAMP,CURRENT_TIMESTAMP,200004435,200005167,2,Ranjang Pasien & Rumah Sakit,000004435
CURRENT_TIMESTAMP,CURRENT_TIMESTAMP,200005171,200005167,2,Troli Medis,000005171
CURRENT_TIMESTAMP,CURRENT_TIMESTAMP,200005174,200005171,2,Tiang & Troli Infus,000005174
CURRENT_TIMESTAMP,CURRENT_TIMESTAMP,200005173,200005171,2,Troli Darurat,000005173
CURRENT_TIMESTAMP,CURRENT_TIMESTAMP,200003477,200002496,2,Peralatan Medis,000003477
CURRENT_TIMESTAMP,CURRENT_TIMESTAMP,200006714,200003477,2,Aksesori Monitor Tanda-tanda Vital,000006714
CURRENT_TIMESTAMP,CURRENT_TIMESTAMP,200007522,200003477,2,Alat Pengangkat Pasien,000007522
CURRENT_TIMESTAMP,CURRENT_TIMESTAMP,200003230,200003477,2,Defibrilator Eksternal Otomatis,000003230
CURRENT_TIMESTAMP,CURRENT_TIMESTAMP,200006280,200003477,2,Monitor Tanda-tanda Kehidupan,000006280
CURRENT_TIMESTAMP,CURRENT_TIMESTAMP,200004245,200003477,2,Otoskop & Oftalmoskop,000004245
CURRENT_TIMESTAMP,CURRENT_TIMESTAMP,200006972,200003477,2,Palu Refleks & Garpu Tala Medis,000006972
CURRENT_TIMESTAMP,CURRENT_TIMESTAMP,200503006,200003477,2,Sabuk Gait,000503006
CURRENT_TIMESTAMP,CURRENT_TIMESTAMP,200004364,200003477,2,Stetoskop,000004364
CURRENT_TIMESTAMP,CURRENT_TIMESTAMP,200499858,200003477,2,Tandu & Brankar Dorong Pasien,000499858
CURRENT_TIMESTAMP,CURRENT_TIMESTAMP,200002907,200002496,2,Perlengkapan Medis,000002907
CURRENT_TIMESTAMP,CURRENT_TIMESTAMP,200007324,200002907,2,Depressor Lidah,000007324
CURRENT_TIMESTAMP,CURRENT_TIMESTAMP,200499696,200002907,2,Jarum & Alat Suntik Medis,000499696
CURRENT_TIMESTAMP,CURRENT_TIMESTAMP,200007063,200002907,2,Karet Penutup Jari,000007063
CURRENT_TIMESTAMP,CURRENT_TIMESTAMP,200505828,200002907,2,Perlengkapan Ostomi,000505828
CURRENT_TIMESTAMP,CURRENT_TIMESTAMP,200000511,200002907,2,Sarung Tangan Sekali Pakai,000000511
CURRENT_TIMESTAMP,CURRENT_TIMESTAMP,200006490,200002496,2,Perlengkapan Pengajaran Medis,000006490
CURRENT_TIMESTAMP,CURRENT_TIMESTAMP,200006491,200006490,2,Manekin Pelatihan Respons Medis & Darurat,000006491
CURRENT_TIMESTAMP,CURRENT_TIMESTAMP,200006303,200002496,2,Perlengkapan Tidur Medis,000006303
CURRENT_TIMESTAMP,CURRENT_TIMESTAMP,200002928,200002496,2,Seragam Rumah Sakit,000002928
CURRENT_TIMESTAMP,CURRENT_TIMESTAMP,200006275,200002496,2,Tirai Rumah Sakit,000006275
CURRENT_TIMESTAMP,CURRENT_TIMESTAMP,200005602,200002496,2,Topi Operasi,000005602
CURRENT_TIMESTAMP,CURRENT_TIMESTAMP,200007497,200000111,2,Kedokteran Gigi,000007497
CURRENT_TIMESTAMP,CURRENT_TIMESTAMP,200008130,200007497,2,Pasta Prophy,000008130
CURRENT_TIMESTAMP,CURRENT_TIMESTAMP,200007499,200007497,2,Peralatan Gigi,000007499
CURRENT_TIMESTAMP,CURRENT_TIMESTAMP,200007498,200007499,2,Cermin Gigi,000007498
CURRENT_TIMESTAMP,CURRENT_TIMESTAMP,200008490,200007499,2,Dappen Dish,000008490
CURRENT_TIMESTAMP,CURRENT_TIMESTAMP,200008120,200007499,2,Kepala Prophy,000008120
CURRENT_TIMESTAMP,CURRENT_TIMESTAMP,200008121,200007499,2,Prophy Cup,000008121
CURRENT_TIMESTAMP,CURRENT_TIMESTAMP,200007531,200007499,2,Set Peralatan Gigi,000007531
CURRENT_TIMESTAMP,CURRENT_TIMESTAMP,200007500,200007497,2,Semen Gigi,000007500
CURRENT_TIMESTAMP,CURRENT_TIMESTAMP,200001827,200000111,2,Kehutanan & Penebangan Kayu,000001827
CURRENT_TIMESTAMP,CURRENT_TIMESTAMP,200001813,200000111,2,Keuangan & Asuransi,000001813
CURRENT_TIMESTAMP,CURRENT_TIMESTAMP,200007565,200001813,2,Bullion,000007565
CURRENT_TIMESTAMP,CURRENT_TIMESTAMP,200007261,200000111,2,Komponen Kontrol Otomatis,000007261
CURRENT_TIMESTAMP,CURRENT_TIMESTAMP,200007262,200007261,2,Inverter & Pengendali Kecepatan Motor,000007262
CURRENT_TIMESTAMP,CURRENT_TIMESTAMP,200007263,200007261,2,Pengendali Logika Terprogram,000007263
CURRENT_TIMESTAMP,CURRENT_TIMESTAMP,200000114,200000111,2,Konstruksi,000000114
CURRENT_TIMESTAMP,CURRENT_TIMESTAMP,200008278,200000114,2,Kerucut & Barel Lalu Lintas,000008278
CURRENT_TIMESTAMP,CURRENT_TIMESTAMP,200000134,200000114,2,Pensurveian,000000134
CURRENT_TIMESTAMP,CURRENT_TIMESTAMP,200001470,200000111,2,Manufaktur,000001470
CURRENT_TIMESTAMP,CURRENT_TIMESTAMP,200000976,200000111,2,Papan Tanda,000000976
CURRENT_TIMESTAMP,CURRENT_TIMESTAMP,200008155,200000976,2,Papan Merek Digital,000008155
CURRENT_TIMESTAMP,CURRENT_TIMESTAMP,200004297,200000976,2,Papan Tanda Elektrik,000004297
CURRENT_TIMESTAMP,CURRENT_TIMESTAMP,200004131,200004297,2,Papan Tanda LED,000004131
CURRENT_TIMESTAMP,CURRENT_TIMESTAMP,200004070,200004297,2,Papan Tanda Neon,000004070
CURRENT_TIMESTAMP,CURRENT_TIMESTAMP,200005900,200000976,2,Papan Tanda Peringatan,000005900
CURRENT_TIMESTAMP,CURRENT_TIMESTAMP,200005899,200000976,2,Papan Trotoar & Halaman,000005899
CURRENT_TIMESTAMP,CURRENT_TIMESTAMP,200005895,200000976,2,Rambu Jalan & Rambu Lalu Lintas,000005895
CURRENT_TIMESTAMP,CURRENT_TIMESTAMP,200005896,200000976,2,Rambu Parkir & Rambu Izin Parkir,000005896
CURRENT_TIMESTAMP,CURRENT_TIMESTAMP,200007323,200000976,2,Tanda Buka & Tutup,000007323
CURRENT_TIMESTAMP,CURRENT_TIMESTAMP,200005894,200000976,2,Tanda Darurat & Jalan Keluar,000005894
CURRENT_TIMESTAMP,CURRENT_TIMESTAMP,200007322,200000976,2,Tanda Jam Kerja,000007322
CURRENT_TIMESTAMP,CURRENT_TIMESTAMP,200005893,200000976,2,Tanda Keamanan,000005893
CURRENT_TIMESTAMP,CURRENT_TIMESTAMP,200005892,200000976,2,Tanda Keselamatan & Peringatan,000005892
CURRENT_TIMESTAMP,CURRENT_TIMESTAMP,200005897,200000976,2,Tanda Pengenal Fasilitas,000005897
CURRENT_TIMESTAMP,CURRENT_TIMESTAMP,200005898,200000976,2,Tanda Ritel & Obral,000005898
CURRENT_TIMESTAMP,CURRENT_TIMESTAMP,200006987,200000111,2,Penanganan Material,000006987
CURRENT_TIMESTAMP,CURRENT_TIMESTAMP,200000131,200006987,2,Alat Pengangkat & Kerekan,000000131
CURRENT_TIMESTAMP,CURRENT_TIMESTAMP,200503771,200000131,2,Dongkrak & Truk Angkat,000503771
CURRENT_TIMESTAMP,CURRENT_TIMESTAMP,200503769,200000131,2,Katrol,000503769
CURRENT_TIMESTAMP,CURRENT_TIMESTAMP,200503768,200000131,2,Kerekan,000503768
CURRENT_TIMESTAMP,CURRENT_TIMESTAMP,200503767,200000131,2,Mesin Lift untuk Pekerja,000503767
CURRENT_TIMESTAMP,CURRENT_TIMESTAMP,200503772,200000131,2,Perangkat Winch,000503772
CURRENT_TIMESTAMP,CURRENT_TIMESTAMP,200006988,200006987,2,Conveyor,000006988
CURRENT_TIMESTAMP,CURRENT_TIMESTAMP,200503011,200006987,2,Palet & Landasan Pemuatan,000503011
CURRENT_TIMESTAMP,CURRENT_TIMESTAMP,200007240,200000111,2,Penataan Rambut & Kosmetologi,000007240
CURRENT_TIMESTAMP,CURRENT_TIMESTAMP,200007242,200007240,2,Kursi Pedikur,000007242
CURRENT_TIMESTAMP,CURRENT_TIMESTAMP,200007241,200007240,2,Kursi Salon,000007241
CURRENT_TIMESTAMP,CURRENT_TIMESTAMP,200505670,200007240,2,Penutup & Pelindung Leher untuk Salon,000505670
CURRENT_TIMESTAMP,CURRENT_TIMESTAMP,200001556,200000111,2,Penegakan Hukum,000001556
CURRENT_TIMESTAMP,CURRENT_TIMESTAMP,200001906,200001556,2,Borgol,000001906
CURRENT_TIMESTAMP,CURRENT_TIMESTAMP,200000361,200001556,2,Detektor Logam,000000361
CURRENT_TIMESTAMP,CURRENT_TIMESTAMP,200000135,200000111,2,Penyajian Makanan,000000135
CURRENT_TIMESTAMP,CURRENT_TIMESTAMP,200004217,200000135,2,Baki Peralatan Makan,000004217
CURRENT_TIMESTAMP,CURRENT_TIMESTAMP,200008532,200000135,2,Folder Tagihan,000008532
CURRENT_TIMESTAMP,CURRENT_TIMESTAMP,200008533,200000135,2,Kaca Display Makanan,000008533
CURRENT_TIMESTAMP,CURRENT_TIMESTAMP,200004096,200000135,2,Keranjang Saji Makanan,000004096
CURRENT_TIMESTAMP,CURRENT_TIMESTAMP,200007303,200000135,2,Kotak Kue,000007303
CURRENT_TIMESTAMP,CURRENT_TIMESTAMP,200000137,200000135,2,Mesin Penjual Otomatis,000000137
CURRENT_TIMESTAMP,CURRENT_TIMESTAMP,200006517,200000135,2,Pemanggang Hot Dog,000006517
CURRENT_TIMESTAMP,CURRENT_TIMESTAMP,200006786,200000135,2,Pencuci & Pengering Makanan,000006786
CURRENT_TIMESTAMP,CURRENT_TIMESTAMP,200005104,200000135,2,Penghangat Piring & Perlengkapan Makan,000005104
CURRENT_TIMESTAMP,CURRENT_TIMESTAMP,200004632,200000135,2,Peralatan Makan Sekali Pakai,000004632
CURRENT_TIMESTAMP,CURRENT_TIMESTAMP,200005100,200004632,2,Alat Makan Sekali Pakai,000005100
CURRENT_TIMESTAMP,CURRENT_TIMESTAMP,200005099,200004632,2,Cangkir Sekali Pakai,000005099
CURRENT_TIMESTAMP,CURRENT_TIMESTAMP,200005098,200004632,2,Mangkuk Sekali Pakai,000005098
CURRENT_TIMESTAMP,CURRENT_TIMESTAMP,200005101,200004632,2,Piring Sekali Pakai,000005101
CURRENT_TIMESTAMP,CURRENT_TIMESTAMP,200007088,200000135,2,Peralatan Saji Sekali Pakai,000007088
CURRENT_TIMESTAMP,CURRENT_TIMESTAMP,200007089,200007088,2,Nampan Saji Sekali Pakai,000007089
CURRENT_TIMESTAMP,CURRENT_TIMESTAMP,200007353,200000135,2,Tempat Es Batu,000007353
CURRENT_TIMESTAMP,CURRENT_TIMESTAMP,200007553,200000135,2,Tilt Skillet,000007553
CURRENT_TIMESTAMP,CURRENT_TIMESTAMP,200004742,200000135,2,Troli Penyajian Makanan,000004742
CURRENT_TIMESTAMP,CURRENT_TIMESTAMP,200008059,200000135,2,Tutup Sekali Pakai,000008059
CURRENT_TIMESTAMP,CURRENT_TIMESTAMP,200005102,200000135,2,Wadah Makanan Sekali Pakai,000005102
CURRENT_TIMESTAMP,CURRENT_TIMESTAMP,200005097,200000135,2,Wadah Pesanan Take Out,000005097
CURRENT_TIMESTAMP,CURRENT_TIMESTAMP,200005830,200000111,2,Penyimpanan Industri,000005830
CURRENT_TIMESTAMP,CURRENT_TIMESTAMP,200005831,200005830,2,Kontainer Pengapalan,000005831
CURRENT_TIMESTAMP,CURRENT_TIMESTAMP,200005832,200005830,2,Lemari Industri,000005832
CURRENT_TIMESTAMP,CURRENT_TIMESTAMP,200008274,200005830,2,Partisi,000008274
CURRENT_TIMESTAMP,CURRENT_TIMESTAMP,200005833,200005830,2,Rak Industri,000005833
CURRENT_TIMESTAMP,CURRENT_TIMESTAMP,200002047,200000111,2,Perangkat Pelindung Keselamatan Kerja,000002047
CURRENT_TIMESTAMP,CURRENT_TIMESTAMP,200008269,200002047,2,Aksesori Masker & Respirator Gas,000008269
CURRENT_TIMESTAMP,CURRENT_TIMESTAMP,200499961,200002047,2,Bantalan Pengaman Lutut,000499961
CURRENT_TIMESTAMP,CURRENT_TIMESTAMP,200006764,200002047,2,Celemek Pelindung,000006764
CURRENT_TIMESTAMP,CURRENT_TIMESTAMP,200499708,200002047,2,Harnes Keselamatan Kerja,000499708
CURRENT_TIMESTAMP,CURRENT_TIMESTAMP,200499927,200002047,2,Helm Las,000499927
CURRENT_TIMESTAMP,CURRENT_TIMESTAMP,200002723,200002047,2,Helm Pengaman,000002723
CURRENT_TIMESTAMP,CURRENT_TIMESTAMP,200002227,200002047,2,Kacamata Pelindung,000002227
CURRENT_TIMESTAMP,CURRENT_TIMESTAMP,200503724,200002047,2,Masker Pelindung,000503724
CURRENT_TIMESTAMP,CURRENT_TIMESTAMP,200002473,200503724,2,Masker & Respirator Gas,000002473
CURRENT_TIMESTAMP,CURRENT_TIMESTAMP,200007407,200503724,2,Masker Debu,000007407
CURRENT_TIMESTAMP,CURRENT_TIMESTAMP,200000513,200503724,2,Masker Kesehatan,000000513
CURRENT_TIMESTAMP,CURRENT_TIMESTAMP,200002349,200503724,2,Masker Pemadam Kebakaran,000002349
CURRENT_TIMESTAMP,CURRENT_TIMESTAMP,200002808,200002047,2,Pakaian Pelindung Diri,000002808
CURRENT_TIMESTAMP,CURRENT_TIMESTAMP,200002389,200002047,2,Rompi Antipeluru,000002389
CURRENT_TIMESTAMP,CURRENT_TIMESTAMP,200007085,200002047,2,Sabuk Keselamatan Kerja,000007085
CURRENT_TIMESTAMP,CURRENT_TIMESTAMP,200005591,200002047,2,Sarung Tangan Keselamatan,000005591
CURRENT_TIMESTAMP,CURRENT_TIMESTAMP,200005863,200000111,2,Periklanan & Pemasaran,000005863
CURRENT_TIMESTAMP,CURRENT_TIMESTAMP,200005884,200005863,2,Brosur,000005884
CURRENT_TIMESTAMP,CURRENT_TIMESTAMP,200005865,200005863,2,Display Pameran Dagang,000005865
CURRENT_TIMESTAMP,CURRENT_TIMESTAMP,200005864,200005863,2,Meja Pameran Dagang,000005864
CURRENT_TIMESTAMP,CURRENT_TIMESTAMP,200002187,200000111,2,Pertambangan & Galian,000002187
CURRENT_TIMESTAMP,CURRENT_TIMESTAMP,200000112,200000111,2,Pertanian,000000112
CURRENT_TIMESTAMP,CURRENT_TIMESTAMP,200006991,200000112,2,Peternakan,000006991
CURRENT_TIMESTAMP,CURRENT_TIMESTAMP,200499997,200006991,2,Inkubator Telur,000499997
CURRENT_TIMESTAMP,CURRENT_TIMESTAMP,200505821,200006991,2,Pakan Hewan Ternak,000505821
CURRENT_TIMESTAMP,CURRENT_TIMESTAMP,200006990,200006991,2,Pemberi Makan & Minum Ternak,000006990
CURRENT_TIMESTAMP,CURRENT_TIMESTAMP,200499946,200006991,2,Tali Kekang Ternak,000499946
CURRENT_TIMESTAMP,CURRENT_TIMESTAMP,200000138,200000111,2,Ritel,000000138
CURRENT_TIMESTAMP,CURRENT_TIMESTAMP,200007128,200000138,2,Bagian-bagian Manekin,000007128
CURRENT_TIMESTAMP,CURRENT_TIMESTAMP,200004160,200000138,2,Etalase Pajangan Ritel,000004160
CURRENT_TIMESTAMP,CURRENT_TIMESTAMP,200001837,200000138,2,Kantung Belanja Kertas & Plastik,000001837
CURRENT_TIMESTAMP,CURRENT_TIMESTAMP,200003803,200000138,2,Manikin Pajangan,000003803
CURRENT_TIMESTAMP,CURRENT_TIMESTAMP,200499897,200000138,2,Model & Properti Pajangan Ritel,000499897
CURRENT_TIMESTAMP,CURRENT_TIMESTAMP,200004181,200000138,2,Penanganan Uang,000004181
CURRENT_TIMESTAMP,CURRENT_TIMESTAMP,200505825,200004181,2,Aksesori Mesin Kasir & Terminal POS,000505825
CURRENT_TIMESTAMP,CURRENT_TIMESTAMP,200005310,200505825,2,Bantalan Pengenal Tanda Tangan,000005310
CURRENT_TIMESTAMP,CURRENT_TIMESTAMP,200004283,200505825,2,Laci & Nampan Uang Tunai,000004283
CURRENT_TIMESTAMP,CURRENT_TIMESTAMP,200505808,200505825,2,Terminal Kartu Kredit,000505808
CURRENT_TIMESTAMP,CURRENT_TIMESTAMP,200505824,200004181,2,Mesin Kasir & Terminal POS,000505824
CURRENT_TIMESTAMP,CURRENT_TIMESTAMP,200004151,200004181,2,Mesin Penghitung Uang Kertas & Koin,000004151
CURRENT_TIMESTAMP,CURRENT_TIMESTAMP,200003273,200004181,2,Mesin Penukar Uang,000003273
CURRENT_TIMESTAMP,CURRENT_TIMESTAMP,200004055,200004181,2,Pembungkus Koin & Tali Uang Kertas,000004055
CURRENT_TIMESTAMP,CURRENT_TIMESTAMP,200004290,200004181,2,Pendeteksi Uang Palsu,000004290
CURRENT_TIMESTAMP,CURRENT_TIMESTAMP,200004329,200004181,2,Tas Penyimpan Uang,000004329
CURRENT_TIMESTAMP,CURRENT_TIMESTAMP,200004127,200000138,2,Perekat Label Harga,000004127
CURRENT_TIMESTAMP,CURRENT_TIMESTAMP,200004244,200000138,2,Rak Pajangan Pakaian,000004244
CURRENT_TIMESTAMP,CURRENT_TIMESTAMP,200001624,200000111,2,Sains & Laboratorium,000001624
CURRENT_TIMESTAMP,CURRENT_TIMESTAMP,200003002,200001624,2,Bahan Kimia Laboratorium,000003002
CURRENT_TIMESTAMP,CURRENT_TIMESTAMP,200006975,200001624,2,Biokimia,000006975
CURRENT_TIMESTAMP,CURRENT_TIMESTAMP,200007325,200001624,2,Peralatan Diseksi,000007325
CURRENT_TIMESTAMP,CURRENT_TIMESTAMP,200004335,200001624,2,Peralatan Laboratorium,000004335
CURRENT_TIMESTAMP,CURRENT_TIMESTAMP,200004555,200004335,2,Aksesori Mikroskop,000004555
CURRENT_TIMESTAMP,CURRENT_TIMESTAMP,200004556,200004555,2,Eyepiece & Adaptor Mikroskop,000004556
CURRENT_TIMESTAMP,CURRENT_TIMESTAMP,200004557,200004555,2,Kamera Mikroskop,000004557
CURRENT_TIMESTAMP,CURRENT_TIMESTAMP,200004664,200004555,2,Lampu Pengganti Mikroskop,000004664
CURRENT_TIMESTAMP,CURRENT_TIMESTAMP,200004665,200004555,2,Lensa Objektif Mikroskop,000004665
CURRENT_TIMESTAMP,CURRENT_TIMESTAMP,200004558,200004555,2,Slide Mikroskop,000004558
CURRENT_TIMESTAMP,CURRENT_TIMESTAMP,200007468,200004335,2,Aksesori Spektrometer,000007468
CURRENT_TIMESTAMP,CURRENT_TIMESTAMP,200004116,200004335,2,Autoklaf,000004116
CURRENT_TIMESTAMP,CURRENT_TIMESTAMP,200004474,200004335,2,Blender Laboratorium,000004474
CURRENT_TIMESTAMP,CURRENT_TIMESTAMP,200004336,200004335,2,Centrifuge,000004336
CURRENT_TIMESTAMP,CURRENT_TIMESTAMP,200503722,200004335,2,Corong Laboratorium,000503722
CURRENT_TIMESTAMP,CURRENT_TIMESTAMP,200500114,200004335,2,Freezer Laboratorium,000500114
CURRENT_TIMESTAMP,CURRENT_TIMESTAMP,200004133,200004335,2,Hot Plate Laboratorium,000004133
CURRENT_TIMESTAMP,CURRENT_TIMESTAMP,200007218,200004335,2,Mesin Pembuat Es Kering,000007218
CURRENT_TIMESTAMP,CURRENT_TIMESTAMP,200500057,200004335,2,Mesin Pengering Beku,000500057
CURRENT_TIMESTAMP,CURRENT_TIMESTAMP,200000158,200004335,2,Mikroskop,000000158
CURRENT_TIMESTAMP,CURRENT_TIMESTAMP,200007437,200004335,2,Mikrotom,000007437
CURRENT_TIMESTAMP,CURRENT_TIMESTAMP,200004231,200004335,2,Oven Laboratorium,000004231
CURRENT_TIMESTAMP,CURRENT_TIMESTAMP,200007393,200004335,2,Spektrometer,000007393
CURRENT_TIMESTAMP,CURRENT_TIMESTAMP,200004255,200001624,2,Perlengkapan Laboratorium,000004255
CURRENT_TIMESTAMP,CURRENT_TIMESTAMP,200004140,200004255,2,Botol Pencuci,000004140
CURRENT_TIMESTAMP,CURRENT_TIMESTAMP,200004276,200004255,2,Cawan Petri,000004276
CURRENT_TIMESTAMP,CURRENT_TIMESTAMP,200004310,200004255,2,Gelas Kimia,000004310
CURRENT_TIMESTAMP,CURRENT_TIMESTAMP,200004061,200004255,2,Gelas Ukur,000004061
CURRENT_TIMESTAMP,CURRENT_TIMESTAMP,200004036,200004255,2,Labu Laboratorium,000004036
CURRENT_TIMESTAMP,CURRENT_TIMESTAMP,200004075,200004255,2,Pipet,000004075
CURRENT_TIMESTAMP,CURRENT_TIMESTAMP,200004155,200004255,2,Rak Tabung Uji,000004155
CURRENT_TIMESTAMP,CURRENT_TIMESTAMP,200004306,200004255,2,Tabung Reaksi,000004306
CURRENT_TIMESTAMP,CURRENT_TIMESTAMP,200008119,200001624,2,Spesimen Laboratorium,000008119
CURRENT_TIMESTAMP,CURRENT_TIMESTAMP,200004285,200000111,2,Tindik & Tato,000004285
CURRENT_TIMESTAMP,CURRENT_TIMESTAMP,200004326,200004285,2,Perlengkapan Tato,000004326
CURRENT_TIMESTAMP,CURRENT_TIMESTAMP,200004072,200004326,2,Jarum Tato,000004072
CURRENT_TIMESTAMP,CURRENT_TIMESTAMP,200004379,200004326,2,Mesin Tato,000004379
CURRENT_TIMESTAMP,CURRENT_TIMESTAMP,200005853,200004326,2,Penutup Tato,000005853
CURRENT_TIMESTAMP,CURRENT_TIMESTAMP,200004215,200004326,2,Tinta Tato,000004215
CURRENT_TIMESTAMP,CURRENT_TIMESTAMP,200004350,200004285,2,Perlengkapan Tindik,000004350
CURRENT_TIMESTAMP,CURRENT_TIMESTAMP,200004122,200004350,2,Jarum Tindik,000004122
CURRENT_TIMESTAMP,CURRENT_TIMESTAMP,200500086,200000111,2,Wadah Pembersih Beroda,000500086
CURRENT_TIMESTAMP,CURRENT_TIMESTAMP,200000772,null,2,Dewasa,000000772
CURRENT_TIMESTAMP,CURRENT_TIMESTAMP,200000773,200000772,2,Erotika,000000773
CURRENT_TIMESTAMP,CURRENT_TIMESTAMP,200000778,200000773,2,Alat Bantu Seks,000000778
CURRENT_TIMESTAMP,CURRENT_TIMESTAMP,200000779,200000773,2,Bacaan Erotis,000000779
CURRENT_TIMESTAMP,CURRENT_TIMESTAMP,200000776,200000773,2,DVD & Video Erotis,000000776
CURRENT_TIMESTAMP,CURRENT_TIMESTAMP,200004060,200000773,2,Majalah Erotis,000004060
CURRENT_TIMESTAMP,CURRENT_TIMESTAMP,200005055,200000773,2,Makanan & Barang-barang Erotis yang Bisa Dimakan,000005055
CURRENT_TIMESTAMP,CURRENT_TIMESTAMP,200000774,200000773,2,Pakaian Erotis,000000774
CURRENT_TIMESTAMP,CURRENT_TIMESTAMP,200006536,200000773,2,Perlengkapan Tari Tiang,000006536
CURRENT_TIMESTAMP,CURRENT_TIMESTAMP,200006040,200000773,2,Permainan Erotis,000006040
CURRENT_TIMESTAMP,CURRENT_TIMESTAMP,200000780,200000772,2,Senjata,000000780
CURRENT_TIMESTAMP,CURRENT_TIMESTAMP,200003694,200000780,2,Bintang Lempar,000003694
CURRENT_TIMESTAMP,CURRENT_TIMESTAMP,200003437,200000780,2,Cambuk,000003437
CURRENT_TIMESTAMP,CURRENT_TIMESTAMP,200003833,200000780,2,Knuckle,000003833
CURRENT_TIMESTAMP,CURRENT_TIMESTAMP,200003092,200000780,2,Nunchaku,000003092
CURRENT_TIMESTAMP,CURRENT_TIMESTAMP,200003666,200000780,2,Pedang,000003666
CURRENT_TIMESTAMP,CURRENT_TIMESTAMP,200007567,200000780,2,Pentung & Tongkat,000007567
CURRENT_TIMESTAMP,CURRENT_TIMESTAMP,200002214,200000780,2,Perawatan & Aksesori Senjata Api,000002214
CURRENT_TIMESTAMP,CURRENT_TIMESTAMP,200000781,200002214,2,Amunisi,000000781
CURRENT_TIMESTAMP,CURRENT_TIMESTAMP,200001806,200002214,2,Gagang Pistol,000001806
CURRENT_TIMESTAMP,CURRENT_TIMESTAMP,200500048,200002214,2,Kotak & Tas Senjata,000500048
CURRENT_TIMESTAMP,CURRENT_TIMESTAMP,200005067,200002214,2,Lampu Senjata Api,000005067
CURRENT_TIMESTAMP,CURRENT_TIMESTAMP,200503026,200002214,2,Perlengkapan & Peralatan Pengisian Ulang Senjata,000503026
CURRENT_TIMESTAMP,CURRENT_TIMESTAMP,200499857,200503026,2,Reloading Press Amunisi,000499857
CURRENT_TIMESTAMP,CURRENT_TIMESTAMP,200503021,200002214,2,Perlengkapan Pembersih Senjata Api,000503021
CURRENT_TIMESTAMP,CURRENT_TIMESTAMP,200499854,200503021,2,Cairan Pembersih Senjata Api,000499854
CURRENT_TIMESTAMP,CURRENT_TIMESTAMP,200499856,200503021,2,Kain Pembersih Senjata Api,000499856
CURRENT_TIMESTAMP,CURRENT_TIMESTAMP,200499855,200503021,2,Lap & Spons Pembersih Senjata Api,000499855
CURRENT_TIMESTAMP,CURRENT_TIMESTAMP,200001822,200002214,2,Rail Senapan,000001822
CURRENT_TIMESTAMP,CURRENT_TIMESTAMP,200001783,200002214,2,Sarung Pistol,000001783
CURRENT_TIMESTAMP,CURRENT_TIMESTAMP,200499853,200002214,2,Tali Sandang Senapan,000499853
CURRENT_TIMESTAMP,CURRENT_TIMESTAMP,200505762,200002214,2,Tas & Penyimpan Amunisi,000505762
CURRENT_TIMESTAMP,CURRENT_TIMESTAMP,200006109,200000780,2,Pisau Bela Diri,000006109
CURRENT_TIMESTAMP,CURRENT_TIMESTAMP,200000727,200000780,2,Pistol Listrik & Pistol Kejut,000000727
CURRENT_TIMESTAMP,CURRENT_TIMESTAMP,200000726,200000780,2,Semprotan Merica,000000726
CURRENT_TIMESTAMP,CURRENT_TIMESTAMP,200000782,200000780,2,Senjata Api,000000782
CURRENT_TIMESTAMP,CURRENT_TIMESTAMP,200003924,200000780,2,Senjata Tongkat & Galah,000003924
CURRENT_TIMESTAMP,CURRENT_TIMESTAMP,200007175,200000780,2,Tombak,000007175
CURRENT_TIMESTAMP,CURRENT_TIMESTAMP,200000222,null,2,Elektronika,000000222
CURRENT_TIMESTAMP,CURRENT_TIMESTAMP,200002082,200000222,2,Aksesori Elektronik,000002082
CURRENT_TIMESTAMP,CURRENT_TIMESTAMP,200000258,200002082,2,Adaptor,000000258
CURRENT_TIMESTAMP,CURRENT_TIMESTAMP,200004463,200000258,2,Adaptor & Coupler Kabel Audio & Video,000004463
CURRENT_TIMESTAMP,CURRENT_TIMESTAMP,200000146,200000258,2,Adaptor Kartu Memori,000000146
CURRENT_TIMESTAMP,CURRENT_TIMESTAMP,200007182,200000258,2,Adaptor USB,000007182
CURRENT_TIMESTAMP,CURRENT_TIMESTAMP,200005476,200002082,2,Aksesori Antena,000005476
CURRENT_TIMESTAMP,CURRENT_TIMESTAMP,200005477,200005476,2,Dudukan & Braket Antena,000005477
CURRENT_TIMESTAMP,CURRENT_TIMESTAMP,200006016,200005476,2,LNB Satelit,000006016
CURRENT_TIMESTAMP,CURRENT_TIMESTAMP,200005478,200005476,2,Pemutar Antena,000005478
CURRENT_TIMESTAMP,CURRENT_TIMESTAMP,200000279,200002082,2,Aksesori Komputer,000000279
CURRENT_TIMESTAMP,CURRENT_TIMESTAMP,200000280,200000279,2,Aksesori Perangkat Genggam,000000280
CURRENT_TIMESTAMP,CURRENT_TIMESTAMP,200004737,200000280,2,Aksesori PDA,000004737
CURRENT_TIMESTAMP,CURRENT_TIMESTAMP,200004739,200004737,2,Sarung PDA,000004739
CURRENT_TIMESTAMP,CURRENT_TIMESTAMP,200004736,200000280,2,Aksesori Pembaca Buku Elektronik,000004736
CURRENT_TIMESTAMP,CURRENT_TIMESTAMP,200004738,200004736,2,Sarung Pembaca Buku Elektronik,000004738
CURRENT_TIMESTAMP,CURRENT_TIMESTAMP,200001993,200000279,2,Alas Mouse,000001993
CURRENT_TIMESTAMP,CURRENT_TIMESTAMP,200006291,200000279,2,Bantalan Pergelangan Tangan untuk Keyboard & Mouse,000006291
CURRENT_TIMESTAMP,CURRENT_TIMESTAMP,200007530,200000279,2,Cover & Skin Komputer,000007530
CURRENT_TIMESTAMP,CURRENT_TIMESTAMP,200005489,200000279,2,Dudukan & Meja Lipat Komputer,000005489
CURRENT_TIMESTAMP,CURRENT_TIMESTAMP,200499956,200000279,2,Dudukan & Penyangga Komputer Tablet,000499956
CURRENT_TIMESTAMP,CURRENT_TIMESTAMP,200005308,200000279,2,Pena Stilus,000005308
CURRENT_TIMESTAMP,CURRENT_TIMESTAMP,200500040,200000279,2,Set Aksesori Komputer,000500040
CURRENT_TIMESTAMP,CURRENT_TIMESTAMP,200000300,200000279,2,Stasiun Docking Laptop,000000300
CURRENT_TIMESTAMP,CURRENT_TIMESTAMP,200006979,200000279,2,Tempat & Penopang Keyboard,000006979
CURRENT_TIMESTAMP,CURRENT_TIMESTAMP,200005669,200000279,2,Ujung & Isi Ulang Pena Stilus,000005669
CURRENT_TIMESTAMP,CURRENT_TIMESTAMP,200003422,200002082,2,Aksesori Memori,000003422
CURRENT_TIMESTAMP,CURRENT_TIMESTAMP,200003672,200003422,2,Kotak Kartu Memori,000003672
CURRENT_TIMESTAMP,CURRENT_TIMESTAMP,200001718,200002082,2,Antena,000001718
CURRENT_TIMESTAMP,CURRENT_TIMESTAMP,200000275,200002082,2,Daya,000000275
CURRENT_TIMESTAMP,CURRENT_TIMESTAMP,200505295,200000275,2,Adaptor & Pengisi Daya,000505295
CURRENT_TIMESTAMP,CURRENT_TIMESTAMP,200006933,200000275,2,Aksesori Adaptor & Pengisi Daya,000006933
CURRENT_TIMESTAMP,CURRENT_TIMESTAMP,200007166,200000275,2,Aksesori Baterai,000007166
CURRENT_TIMESTAMP,CURRENT_TIMESTAMP,200008243,200007166,2,Dudukan Baterai,000008243
CURRENT_TIMESTAMP,CURRENT_TIMESTAMP,200006817,200007166,2,Pengendali Pengisian Muatan Baterai,000006817
CURRENT_TIMESTAMP,CURRENT_TIMESTAMP,200003130,200007166,2,Pengisi Daya Baterai Kamera,000003130
CURRENT_TIMESTAMP,CURRENT_TIMESTAMP,200007167,200007166,2,Pengisi Daya Baterai Serbaguna,000007167
CURRENT_TIMESTAMP,CURRENT_TIMESTAMP,200499928,200007166,2,Tester Baterai Serbaguna,000499928
CURRENT_TIMESTAMP,CURRENT_TIMESTAMP,200001375,200000275,2,Aksesori UPS,000001375
CURRENT_TIMESTAMP,CURRENT_TIMESTAMP,200000276,200000275,2,Baterai,000000276
CURRENT_TIMESTAMP,CURRENT_TIMESTAMP,200001722,200000276,2,Baterai Kamera,000001722
CURRENT_TIMESTAMP,CURRENT_TIMESTAMP,200002222,200000276,2,Baterai Kamera Video,000002222
CURRENT_TIMESTAMP,CURRENT_TIMESTAMP,200007438,200000276,2,Baterai Komputer Tablet,000007438
CURRENT_TIMESTAMP,CURRENT_TIMESTAMP,200001564,200000276,2,Baterai Laptop,000001564
CURRENT_TIMESTAMP,CURRENT_TIMESTAMP,200005133,200000276,2,Baterai PDA,000005133
CURRENT_TIMESTAMP,CURRENT_TIMESTAMP,200007551,200000276,2,Baterai Pembaca Ebook,000007551
CURRENT_TIMESTAMP,CURRENT_TIMESTAMP,200499810,200000276,2,Baterai Pemutar MP3,000499810
CURRENT_TIMESTAMP,CURRENT_TIMESTAMP,200001745,200000276,2,Baterai Ponsel,000001745
CURRENT_TIMESTAMP,CURRENT_TIMESTAMP,200004928,200000276,2,Baterai Serbaguna,000004928
CURRENT_TIMESTAMP,CURRENT_TIMESTAMP,200500117,200000276,2,Baterai Stik & Konsol Video Game,000500117
CURRENT_TIMESTAMP,CURRENT_TIMESTAMP,200001880,200000276,2,Baterai Telepon Nirkabel,000001880
CURRENT_TIMESTAMP,CURRENT_TIMESTAMP,200006289,200000276,2,Baterai UPS,000006289
CURRENT_TIMESTAMP,CURRENT_TIMESTAMP,200003160,200000275,2,Colokan Listrik & Pelindung Lonjakan Arus,000003160
CURRENT_TIMESTAMP,CURRENT_TIMESTAMP,200007135,200000275,2,Konverter & Adaptor Perjalanan,000007135
CURRENT_TIMESTAMP,CURRENT_TIMESTAMP,200005380,200000275,2,Perangkat Pencegah Lonjakan Listrik,000005380
CURRENT_TIMESTAMP,CURRENT_TIMESTAMP,200005274,200000275,2,Rangka Penutup Pemasok Daya,000005274
CURRENT_TIMESTAMP,CURRENT_TIMESTAMP,200002978,200000275,2,Sel Bahan Bakar,000002978
CURRENT_TIMESTAMP,CURRENT_TIMESTAMP,200001348,200000275,2,UPS,000001348
CURRENT_TIMESTAMP,CURRENT_TIMESTAMP,200006790,200000275,2,Unit Kontrol Daya,000006790
CURRENT_TIMESTAMP,CURRENT_TIMESTAMP,200000259,200002082,2,Kabel,000000259
CURRENT_TIMESTAMP,CURRENT_TIMESTAMP,200001867,200000259,2,Kabel Audio & Video,000001867
CURRENT_TIMESTAMP,CURRENT_TIMESTAMP,200001480,200000259,2,Kabel Jaringan,000001480
CURRENT_TIMESTAMP,CURRENT_TIMESTAMP,200003461,200000259,2,Kabel KVM,000003461
CURRENT_TIMESTAMP,CURRENT_TIMESTAMP,200001763,200000259,2,Kabel Sistem & Daya,000001763
CURRENT_TIMESTAMP,CURRENT_TIMESTAMP,200003541,200000259,2,Kabel Telepon,000003541
CURRENT_TIMESTAMP,CURRENT_TIMESTAMP,200500035,200000259,2,Kabel Transfer & Penyimpanan Data,000500035
CURRENT_TIMESTAMP,CURRENT_TIMESTAMP,200000285,200002082,2,Komponen Komputer,000000285
CURRENT_TIMESTAMP,CURRENT_TIMESTAMP,200006475,200000285,2,Aksesori Perangkat Input,000006475
CURRENT_TIMESTAMP,CURRENT_TIMESTAMP,200500052,200006475,2,Aksesori Mouse & Trackball,000500052
CURRENT_TIMESTAMP,CURRENT_TIMESTAMP,200008008,200006475,2,Aksesori Stik Game,000008008
CURRENT_TIMESTAMP,CURRENT_TIMESTAMP,200006476,200006475,2,Penyangga Pemindai Kode Batang,000006476
CURRENT_TIMESTAMP,CURRENT_TIMESTAMP,200503003,200006475,2,Tombol & Tutup Tombol Keyboard,000503003
CURRENT_TIMESTAMP,CURRENT_TIMESTAMP,200008158,200000285,2,Backplate Komputer & Pelindung I/O,000008158
CURRENT_TIMESTAMP,CURRENT_TIMESTAMP,200000296,200000285,2,Casing Komputer Desktop & Server,000000296
CURRENT_TIMESTAMP,CURRENT_TIMESTAMP,200000311,200000285,2,Hub USB & FireWire,000000311
CURRENT_TIMESTAMP,CURRENT_TIMESTAMP,200000287,200000285,2,Kartu & Adaptor I/O,000000287
CURRENT_TIMESTAMP,CURRENT_TIMESTAMP,200000297,200000287,2,Adaptor & Kartu Video,000000297
CURRENT_TIMESTAMP,CURRENT_TIMESTAMP,200505299,200000287,2,Kartu & Adaptor Antarmuka Komputer,000505299
CURRENT_TIMESTAMP,CURRENT_TIMESTAMP,200000286,200000287,2,Kartu & Adaptor Audio,000000286
CURRENT_TIMESTAMP,CURRENT_TIMESTAMP,200001487,200000287,2,Kartu & Adaptor Tuner TV,000001487
CURRENT_TIMESTAMP,CURRENT_TIMESTAMP,200503755,200000287,2,Kartu Riser,000503755
CURRENT_TIMESTAMP,CURRENT_TIMESTAMP,200006932,200000285,2,Kerangka Blade Server,000006932
CURRENT_TIMESTAMP,CURRENT_TIMESTAMP,200008162,200000285,2,Komponen Pengganti Pembaca Ebook,000008162
CURRENT_TIMESTAMP,CURRENT_TIMESTAMP,200008163,200008162,2,Digitizer Layar & Layar Pembaca Ebook,000008163
CURRENT_TIMESTAMP,CURRENT_TIMESTAMP,200000294,200000285,2,Komponen untuk Merakit Komputer,000000294
CURRENT_TIMESTAMP,CURRENT_TIMESTAMP,200000291,200000285,2,Pemasok Daya Komputer,000000291
CURRENT_TIMESTAMP,CURRENT_TIMESTAMP,200001928,200000285,2,Perangkat Input,000001928
CURRENT_TIMESTAMP,CURRENT_TIMESTAMP,200000303,200001928,2,Keyboard,000000303
CURRENT_TIMESTAMP,CURRENT_TIMESTAMP,200004512,200001928,2,Keypad Numerik,000004512
CURRENT_TIMESTAMP,CURRENT_TIMESTAMP,200000304,200001928,2,Mouse & Trackball,000000304
CURRENT_TIMESTAMP,CURRENT_TIMESTAMP,200505801,200001928,2,Pembaca Kartu Elektronik,000505801
CURRENT_TIMESTAMP,CURRENT_TIMESTAMP,200003580,200001928,2,Pembaca Kartu Memori,000003580
CURRENT_TIMESTAMP,CURRENT_TIMESTAMP,200005366,200001928,2,Pembaca Sidik Jari,000005366
CURRENT_TIMESTAMP,CURRENT_TIMESTAMP,200000139,200001928,2,Pemindai Kode Batang,000000139
CURRENT_TIMESTAMP,CURRENT_TIMESTAMP,200005309,200001928,2,Pena Penulis Catatan Digital,000005309
CURRENT_TIMESTAMP,CURRENT_TIMESTAMP,200000301,200001928,2,Pengontrol Game,000000301
CURRENT_TIMESTAMP,CURRENT_TIMESTAMP,200499950,200001928,2,Perangkat Input Kontrol Gerakan,000499950
CURRENT_TIMESTAMP,CURRENT_TIMESTAMP,200001562,200001928,2,Saklar KVM,000001562
CURRENT_TIMESTAMP,CURRENT_TIMESTAMP,200000302,200001928,2,Tablet Grafis,000000302
CURRENT_TIMESTAMP,CURRENT_TIMESTAMP,200000308,200001928,2,Touchpad,000000308
CURRENT_TIMESTAMP,CURRENT_TIMESTAMP,200002414,200000285,2,Perangkat Penyimpanan,000002414
CURRENT_TIMESTAMP,CURRENT_TIMESTAMP,200001623,200002414,2,Aksesori Harddisk,000001623
CURRENT_TIMESTAMP,CURRENT_TIMESTAMP,200004417,200001623,2,Docking Harddisk,000004417
CURRENT_TIMESTAMP,CURRENT_TIMESTAMP,200505767,200001623,2,Penutup & Pemasang Harddisk,000505767
CURRENT_TIMESTAMP,CURRENT_TIMESTAMP,200000381,200001623,2,Tas Hard Disk,000000381
CURRENT_TIMESTAMP,CURRENT_TIMESTAMP,200005272,200002414,2,Array Harddisk,000005272
CURRENT_TIMESTAMP,CURRENT_TIMESTAMP,200000377,200002414,2,Drive Optik,000000377
CURRENT_TIMESTAMP,CURRENT_TIMESTAMP,200005268,200002414,2,Duplikator Disk,000005268
CURRENT_TIMESTAMP,CURRENT_TIMESTAMP,200000376,200005268,2,Alat Duplikator CD/DVD,000000376
CURRENT_TIMESTAMP,CURRENT_TIMESTAMP,200005112,200005268,2,Duplikator Drive USB,000005112
CURRENT_TIMESTAMP,CURRENT_TIMESTAMP,200005271,200005268,2,Duplikator Harddisk,000005271
CURRENT_TIMESTAMP,CURRENT_TIMESTAMP,200003712,200002414,2,Flashdisk USB,000003712
CURRENT_TIMESTAMP,CURRENT_TIMESTAMP,200001301,200002414,2,Floppy Drive,000001301
CURRENT_TIMESTAMP,CURRENT_TIMESTAMP,200000380,200002414,2,Hard Disk,000000380
CURRENT_TIMESTAMP,CURRENT_TIMESTAMP,200005269,200002414,2,Sistem Penyimpanan Jaringan,000005269
CURRENT_TIMESTAMP,CURRENT_TIMESTAMP,200000385,200002414,2,Tape Drive,000000385
CURRENT_TIMESTAMP,CURRENT_TIMESTAMP,200000292,200000285,2,Prosesor Komputer,000000292
CURRENT_TIMESTAMP,CURRENT_TIMESTAMP,200000293,200000285,2,Rak & Dudukan Komputer,000000293
CURRENT_TIMESTAMP,CURRENT_TIMESTAMP,200007349,200000285,2,Suku Cadang Komputer Tablet,000007349
CURRENT_TIMESTAMP,CURRENT_TIMESTAMP,200503002,200007349,2,Kerangka & Bingkai Tepi Komputer Tablet,000503002
CURRENT_TIMESTAMP,CURRENT_TIMESTAMP,200500013,200007349,2,Layar & Digitizer Layar Komputer Tablet,000500013
CURRENT_TIMESTAMP,CURRENT_TIMESTAMP,200045262,200007349,2,Speaker Pengganti Komputer Tablet,000045262
CURRENT_TIMESTAMP,CURRENT_TIMESTAMP,200004224,200000285,2,Suku Cadang Laptop,000004224
CURRENT_TIMESTAMP,CURRENT_TIMESTAMP,200004270,200004224,2,Casing Laptop,000004270
CURRENT_TIMESTAMP,CURRENT_TIMESTAMP,200008160,200004224,2,Digitizer Layar Laptop,000008160
CURRENT_TIMESTAMP,CURRENT_TIMESTAMP,200006416,200004224,2,Engsel Laptop,000006416
CURRENT_TIMESTAMP,CURRENT_TIMESTAMP,200007501,200004224,2,Kabel Laptop,000007501
CURRENT_TIMESTAMP,CURRENT_TIMESTAMP,200004301,200004224,2,Keyboard Pengganti untuk Laptop,000004301
CURRENT_TIMESTAMP,CURRENT_TIMESTAMP,200004102,200004224,2,Layar Pengganti untuk Laptop,000004102
CURRENT_TIMESTAMP,CURRENT_TIMESTAMP,200043617,200004224,2,Speaker Pengganti untuk Laptop,000043617
CURRENT_TIMESTAMP,CURRENT_TIMESTAMP,200000295,200000285,2,Suku Cadang Pendingin Sistem Komputer,000000295
CURRENT_TIMESTAMP,CURRENT_TIMESTAMP,200000367,200002082,2,Media Kosong,000000367
CURRENT_TIMESTAMP,CURRENT_TIMESTAMP,200000288,200002082,2,Memori,000000288
CURRENT_TIMESTAMP,CURRENT_TIMESTAMP,200000384,200000288,2,Flash Memory,000000384
CURRENT_TIMESTAMP,CURRENT_TIMESTAMP,200003387,200000384,2,Kartu Memori Flash,000003387
CURRENT_TIMESTAMP,CURRENT_TIMESTAMP,200001665,200000288,2,Memori Cache,000001665
CURRENT_TIMESTAMP,CURRENT_TIMESTAMP,200001767,200000288,2,Memori Video,000001767
CURRENT_TIMESTAMP,CURRENT_TIMESTAMP,200001733,200000288,2,RAM,000001733
CURRENT_TIMESTAMP,CURRENT_TIMESTAMP,200002130,200000288,2,ROM,000002130
CURRENT_TIMESTAMP,CURRENT_TIMESTAMP,200499878,200002082,2,Monopod & Tripod Ponsel & Tablet,000499878
CURRENT_TIMESTAMP,CURRENT_TIMESTAMP,200005466,200002082,2,Pelapis & Pelindung Barang Elektronik,000005466
CURRENT_TIMESTAMP,CURRENT_TIMESTAMP,200005467,200005466,2,Filter Privasi,000005467
CURRENT_TIMESTAMP,CURRENT_TIMESTAMP,200005469,200005466,2,Pelindung Keyboard,000005469
CURRENT_TIMESTAMP,CURRENT_TIMESTAMP,200005468,200005466,2,Pelindung Layar,000005468
CURRENT_TIMESTAMP,CURRENT_TIMESTAMP,200005523,200005466,2,Stiker & Kertas Decal Barang Elektronik,000005523
CURRENT_TIMESTAMP,CURRENT_TIMESTAMP,200004617,200002082,2,Pembersih Peralatan Elektronik,000004617
CURRENT_TIMESTAMP,CURRENT_TIMESTAMP,200005695,200002082,2,Pengacau Sinyal,000005695
CURRENT_TIMESTAMP,CURRENT_TIMESTAMP,200005612,200005695,2,Pengacau GPS,000005612
CURRENT_TIMESTAMP,CURRENT_TIMESTAMP,200005696,200005695,2,Pengacau Ponsel,000005696
CURRENT_TIMESTAMP,CURRENT_TIMESTAMP,200005589,200005695,2,Pengacau Radar,000005589
CURRENT_TIMESTAMP,CURRENT_TIMESTAMP,200003328,200002082,2,Pengaturan Kabel,000003328
CURRENT_TIMESTAMP,CURRENT_TIMESTAMP,200006402,200003328,2,Cable Tray,000006402
CURRENT_TIMESTAMP,CURRENT_TIMESTAMP,200003764,200003328,2,Klip Kabel,000003764
CURRENT_TIMESTAMP,CURRENT_TIMESTAMP,200005273,200003328,2,Patch Panel,000005273
CURRENT_TIMESTAMP,CURRENT_TIMESTAMP,200499686,200003328,2,Penanda Kawat & Kabel,000499686
CURRENT_TIMESTAMP,CURRENT_TIMESTAMP,200500036,200003328,2,Pistol Pengikat Kabel,000500036
CURRENT_TIMESTAMP,CURRENT_TIMESTAMP,200006780,200003328,2,Selongsong Pelindung Kawat & Kabel,000006780
CURRENT_TIMESTAMP,CURRENT_TIMESTAMP,200004016,200003328,2,Tali Kawat & Kabel,000004016
CURRENT_TIMESTAMP,CURRENT_TIMESTAMP,200005473,200002082,2,Penguat Sinyal,000005473
CURRENT_TIMESTAMP,CURRENT_TIMESTAMP,200000341,200002082,2,Remote Control,000000341
CURRENT_TIMESTAMP,CURRENT_TIMESTAMP,200008156,200002082,2,Splitter & Switch Audio & Video,000008156
CURRENT_TIMESTAMP,CURRENT_TIMESTAMP,200499944,200008156,2,Splitter & Switch DVI,000499944
CURRENT_TIMESTAMP,CURRENT_TIMESTAMP,200008164,200008156,2,Splitter & Switch HDMI,000008164
CURRENT_TIMESTAMP,CURRENT_TIMESTAMP,200499945,200008156,2,Splitter & Switch VGA,000499945
CURRENT_TIMESTAMP,CURRENT_TIMESTAMP,200003895,200000222,2,Aksesori GPS,000003895
CURRENT_TIMESTAMP,CURRENT_TIMESTAMP,200003213,200003895,2,Dudukan GPS,000003213
CURRENT_TIMESTAMP,CURRENT_TIMESTAMP,200003781,200003895,2,Tas GPS,000003781
CURRENT_TIMESTAMP,CURRENT_TIMESTAMP,200001270,200000222,2,Aksesori Konsol Game Video,000001270
CURRENT_TIMESTAMP,CURRENT_TIMESTAMP,200002070,200001270,2,Aksesori Konsol Game Portabel,000002070
CURRENT_TIMESTAMP,CURRENT_TIMESTAMP,200001505,200001270,2,Aksesori Konsol Game Rumah,000001505
CURRENT_TIMESTAMP,CURRENT_TIMESTAMP,200000223,200000222,2,Audio,000000223
CURRENT_TIMESTAMP,CURRENT_TIMESTAMP,200001420,200000223,2,Aksesori Audio,000001420
CURRENT_TIMESTAMP,CURRENT_TIMESTAMP,200505797,200001420,2,Aksesori Headphone & Headset,000505797
CURRENT_TIMESTAMP,CURRENT_TIMESTAMP,200503004,200505797,2,Bantalan & Ujung Headphone,000503004
CURRENT_TIMESTAMP,CURRENT_TIMESTAMP,200003306,200001420,2,Aksesori Mikrofon,000003306
CURRENT_TIMESTAMP,CURRENT_TIMESTAMP,200000232,200001420,2,Aksesori Pemutar MP3,000000232
CURRENT_TIMESTAMP,CURRENT_TIMESTAMP,200003055,200000232,2,Kotak Pemutar MP3,000003055
CURRENT_TIMESTAMP,CURRENT_TIMESTAMP,200007566,200000232,2,Set Aksesori Ponsel & Pemutar MP3,000007566
CURRENT_TIMESTAMP,CURRENT_TIMESTAMP,200503008,200001420,2,Aksesori Penerima Sinyal Audio & Video,000503008
CURRENT_TIMESTAMP,CURRENT_TIMESTAMP,200000239,200001420,2,Aksesori Radio Satelit,000000239
CURRENT_TIMESTAMP,CURRENT_TIMESTAMP,200005395,200001420,2,Aksesori Sistem Karaoke,000005395
CURRENT_TIMESTAMP,CURRENT_TIMESTAMP,200005396,200005395,2,Chip Karaoke,000005396
CURRENT_TIMESTAMP,CURRENT_TIMESTAMP,200007163,200001420,2,Aksesori Speaker,000007163
CURRENT_TIMESTAMP,CURRENT_TIMESTAMP,200500120,200007163,2,Komponen & Peralatan Speaker,000500120
CURRENT_TIMESTAMP,CURRENT_TIMESTAMP,200008049,200007163,2,Penyangga & Dudukan Speaker,000008049
CURRENT_TIMESTAMP,CURRENT_TIMESTAMP,200008047,200007163,2,Tas Penyangga Speaker,000008047
CURRENT_TIMESTAMP,CURRENT_TIMESTAMP,200500112,200007163,2,Tas,000500112
CURRENT_TIMESTAMP,CURRENT_TIMESTAMP,200500119,200007163,2,Transduser Taktil,000500119
CURRENT_TIMESTAMP,CURRENT_TIMESTAMP,200002372,200001420,2,Aksesori Turntable,000002372
CURRENT_TIMESTAMP,CURRENT_TIMESTAMP,200003912,200001420,2,Penyangga Mikrofon,000003912
CURRENT_TIMESTAMP,CURRENT_TIMESTAMP,200004921,200000223,2,Audio DJ & Specialty,000004921
CURRENT_TIMESTAMP,CURRENT_TIMESTAMP,200004922,200004921,2,Pemutar CD DJ,000004922
CURRENT_TIMESTAMP,CURRENT_TIMESTAMP,200004923,200004921,2,Sistem DJ,000004923
CURRENT_TIMESTAMP,CURRENT_TIMESTAMP,200002165,200000223,2,Komponen Audio,000002165
CURRENT_TIMESTAMP,CURRENT_TIMESTAMP,200000224,200002165,2,Amplifier Audio,000000224
CURRENT_TIMESTAMP,CURRENT_TIMESTAMP,200004493,200000224,2,Amplifier Headphone,000004493
CURRENT_TIMESTAMP,CURRENT_TIMESTAMP,200005381,200000224,2,Power Amplifier,000005381
CURRENT_TIMESTAMP,CURRENT_TIMESTAMP,200000236,200002165,2,Audio Mixer,000000236
CURRENT_TIMESTAMP,CURRENT_TIMESTAMP,200006545,200002165,2,Channel Strip,000006545
CURRENT_TIMESTAMP,CURRENT_TIMESTAMP,200505771,200002165,2,Headphone & Headset,000505771
CURRENT_TIMESTAMP,CURRENT_TIMESTAMP,200000234,200002165,2,Mikrofon,000000234
CURRENT_TIMESTAMP,CURRENT_TIMESTAMP,200505298,200002165,2,Paket Rekaman Studio,000505298
CURRENT_TIMESTAMP,CURRENT_TIMESTAMP,200005129,200002165,2,Pemancar Audio,000005129
CURRENT_TIMESTAMP,CURRENT_TIMESTAMP,200005130,200005129,2,Pemancar Bluetooth,000005130
CURRENT_TIMESTAMP,CURRENT_TIMESTAMP,200004035,200005129,2,Pemancar FM,000004035
CURRENT_TIMESTAMP,CURRENT_TIMESTAMP,200000241,200002165,2,Penerima Audio & Video,000000241
CURRENT_TIMESTAMP,CURRENT_TIMESTAMP,200000246,200002165,2,Prosesor Sinyal,000000246
CURRENT_TIMESTAMP,CURRENT_TIMESTAMP,200005435,200000246,2,Crossover,000005435
CURRENT_TIMESTAMP,CURRENT_TIMESTAMP,200000248,200000246,2,Equalizer,000000248
CURRENT_TIMESTAMP,CURRENT_TIMESTAMP,200005596,200000246,2,Noise Gate & Compressor,000005596
CURRENT_TIMESTAMP,CURRENT_TIMESTAMP,200005369,200000246,2,Phono Preamp,000005369
CURRENT_TIMESTAMP,CURRENT_TIMESTAMP,200003945,200000246,2,Preamp Mikrofon,000003945
CURRENT_TIMESTAMP,CURRENT_TIMESTAMP,200000247,200000246,2,Prosesor Efek,000000247
CURRENT_TIMESTAMP,CURRENT_TIMESTAMP,200005597,200000246,2,Sistem Manajemen Pengeras Suara,000005597
CURRENT_TIMESTAMP,CURRENT_TIMESTAMP,200000249,200002165,2,Speaker,000000249
CURRENT_TIMESTAMP,CURRENT_TIMESTAMP,200006546,200002165,2,Unit DI,000006546
CURRENT_TIMESTAMP,CURRENT_TIMESTAMP,200008159,200000223,2,Megafon,000008159
CURRENT_TIMESTAMP,CURRENT_TIMESTAMP,200000242,200000223,2,Pemutar & Perekam Audio,000000242
CURRENT_TIMESTAMP,CURRENT_TIMESTAMP,200000225,200000242,2,Boombox,000000225
CURRENT_TIMESTAMP,CURRENT_TIMESTAMP,200004652,200000242,2,Jukebox,000004652
CURRENT_TIMESTAMP,CURRENT_TIMESTAMP,200000226,200000242,2,Pemutar & Perekam CD,000000226
CURRENT_TIMESTAMP,CURRENT_TIMESTAMP,200000243,200000242,2,Pemutar & Perekam Kaset,000000243
CURRENT_TIMESTAMP,CURRENT_TIMESTAMP,200000235,200000242,2,Pemutar & Perekam MiniDisc,000000235
CURRENT_TIMESTAMP,CURRENT_TIMESTAMP,200008271,200000242,2,Pemutar & Perekam Pita Reel-to-Reel,000008271
CURRENT_TIMESTAMP,CURRENT_TIMESTAMP,200000233,200000242,2,Pemutar MP3,000000233
CURRENT_TIMESTAMP,CURRENT_TIMESTAMP,200005434,200000242,2,Perekam Multitrack,000005434
CURRENT_TIMESTAMP,CURRENT_TIMESTAMP,200000244,200000242,2,Perekam Suara,000000244
CURRENT_TIMESTAMP,CURRENT_TIMESTAMP,200006886,200000242,2,Radio,000006886
CURRENT_TIMESTAMP,CURRENT_TIMESTAMP,200000252,200000242,2,Sistem Home Theater,000000252
CURRENT_TIMESTAMP,CURRENT_TIMESTAMP,200000230,200000242,2,Sistem Karaoke,000000230
CURRENT_TIMESTAMP,CURRENT_TIMESTAMP,200000251,200000242,2,Sistem Stereo,000000251
CURRENT_TIMESTAMP,CURRENT_TIMESTAMP,200000256,200000242,2,Turntable & Pemutar Rekaman,000000256
CURRENT_TIMESTAMP,CURRENT_TIMESTAMP,200003727,200000223,2,Peralatan Panggung,000003727
CURRENT_TIMESTAMP,CURRENT_TIMESTAMP,200003242,200003727,2,Pemancar Nirkabel,000003242
CURRENT_TIMESTAMP,CURRENT_TIMESTAMP,200002154,200000223,2,Sistem Alamat Publik,000002154
CURRENT_TIMESTAMP,CURRENT_TIMESTAMP,200000912,200000222,2,Detektor Radar,000000912
CURRENT_TIMESTAMP,CURRENT_TIMESTAMP,200000342,200000222,2,Jaringan,000000342
CURRENT_TIMESTAMP,CURRENT_TIMESTAMP,200006508,200000342,2,Adaptor Power Over Ethernet,000006508
CURRENT_TIMESTAMP,CURRENT_TIMESTAMP,200005576,200000342,2,Aksesori Modem,000005576
CURRENT_TIMESTAMP,CURRENT_TIMESTAMP,200001350,200000342,2,Bridge & Router,000001350
CURRENT_TIMESTAMP,CURRENT_TIMESTAMP,200002358,200001350,2,Gateway & Router VoIP,000002358
CURRENT_TIMESTAMP,CURRENT_TIMESTAMP,200005659,200001350,2,Jembatan Jaringan,000005659
CURRENT_TIMESTAMP,CURRENT_TIMESTAMP,200005497,200001350,2,Router Nirkabel,000005497
CURRENT_TIMESTAMP,CURRENT_TIMESTAMP,200005496,200001350,2,Titik Akses Nirkabel,000005496
CURRENT_TIMESTAMP,CURRENT_TIMESTAMP,200002455,200000342,2,Hub & Switch,000002455
CURRENT_TIMESTAMP,CURRENT_TIMESTAMP,200000290,200000342,2,Kartu & Adaptor Jaringan,000000290
CURRENT_TIMESTAMP,CURRENT_TIMESTAMP,200002479,200000342,2,Konsentrator & Multiplekser,000002479
CURRENT_TIMESTAMP,CURRENT_TIMESTAMP,200000343,200000342,2,Modem,000000343
CURRENT_TIMESTAMP,CURRENT_TIMESTAMP,200003742,200000342,2,Perangkat Keamanan & Firewall Jaringan,000003742
CURRENT_TIMESTAMP,CURRENT_TIMESTAMP,200002121,200000342,2,Repeater & Transceiver,000002121
CURRENT_TIMESTAMP,CURRENT_TIMESTAMP,200003425,200000342,2,Server Cetak,000003425
CURRENT_TIMESTAMP,CURRENT_TIMESTAMP,200001801,200000222,2,Komponen,000001801
CURRENT_TIMESTAMP,CURRENT_TIMESTAMP,200007395,200001801,2,Akselerometer,000007395
CURRENT_TIMESTAMP,CURRENT_TIMESTAMP,200001977,200001801,2,Konektor Komponen Elektronik,000001977
CURRENT_TIMESTAMP,CURRENT_TIMESTAMP,200002182,200001801,2,Konverter,000002182
CURRENT_TIMESTAMP,CURRENT_TIMESTAMP,200503001,200002182,2,Konverter Audio,000503001
CURRENT_TIMESTAMP,CURRENT_TIMESTAMP,200002205,200002182,2,Konverter Hasil Scan,000002205
CURRENT_TIMESTAMP,CURRENT_TIMESTAMP,200001337,200001801,2,Modulator,000001337
CURRENT_TIMESTAMP,CURRENT_TIMESTAMP,200001544,200001801,2,Splitter,000001544
CURRENT_TIMESTAMP,CURRENT_TIMESTAMP,200000278,200000222,2,Komputer,000000278
CURRENT_TIMESTAMP,CURRENT_TIMESTAMP,200005255,200000278,2,Kios Informasi,000005255
CURRENT_TIMESTAMP,CURRENT_TIMESTAMP,200005254,200000278,2,Komputer Barebone,000005254
CURRENT_TIMESTAMP,CURRENT_TIMESTAMP,200000325,200000278,2,Komputer Desktop,000000325
CURRENT_TIMESTAMP,CURRENT_TIMESTAMP,200502995,200000278,2,Komputer Meja Sentuh,000502995
CURRENT_TIMESTAMP,CURRENT_TIMESTAMP,200004745,200000278,2,Komputer Tablet,000004745
CURRENT_TIMESTAMP,CURRENT_TIMESTAMP,200000328,200000278,2,Laptop,000000328
CURRENT_TIMESTAMP,CURRENT_TIMESTAMP,200000298,200000278,2,Perangkat Genggam,000000298
CURRENT_TIMESTAMP,CURRENT_TIMESTAMP,200003769,200000298,2,PDA,000003769
CURRENT_TIMESTAMP,CURRENT_TIMESTAMP,200003539,200000298,2,Pembaca Buku Elektronik,000003539
CURRENT_TIMESTAMP,CURRENT_TIMESTAMP,200005256,200000298,2,Perangkat Pengumpul Data,000005256
CURRENT_TIMESTAMP,CURRENT_TIMESTAMP,200000331,200000278,2,Server Komputer,000000331
CURRENT_TIMESTAMP,CURRENT_TIMESTAMP,200500002,200000278,2,Smart Glass,000500002
CURRENT_TIMESTAMP,CURRENT_TIMESTAMP,200008539,200000278,2,Thin & Zero Client,000008539
CURRENT_TIMESTAMP,CURRENT_TIMESTAMP,200000262,200000222,2,Komunikasi,000000262
CURRENT_TIMESTAMP,CURRENT_TIMESTAMP,200005404,200000262,2,Aksesori Interkom,000005404
CURRENT_TIMESTAMP,CURRENT_TIMESTAMP,200000263,200000262,2,Aksesori Radio Komunikasi,000000263
CURRENT_TIMESTAMP,CURRENT_TIMESTAMP,200000360,200000262,2,Interkom,000000360
CURRENT_TIMESTAMP,CURRENT_TIMESTAMP,200000274,200000262,2,Konferensi Video,000000274
CURRENT_TIMESTAMP,CURRENT_TIMESTAMP,200000266,200000262,2,Mesin Penjawab,000000266
CURRENT_TIMESTAMP,CURRENT_TIMESTAMP,200005275,200000262,2,Pengenal Identitas Penelepon,000005275
CURRENT_TIMESTAMP,CURRENT_TIMESTAMP,200000268,200000262,2,Penyeranta,000000268
CURRENT_TIMESTAMP,CURRENT_TIMESTAMP,200002471,200000262,2,Radio Komunikasi,000002471
CURRENT_TIMESTAMP,CURRENT_TIMESTAMP,200004415,200002471,2,Pemindai Gelombang Radio,000004415
CURRENT_TIMESTAMP,CURRENT_TIMESTAMP,200002106,200002471,2,Radio CB,000002106
CURRENT_TIMESTAMP,CURRENT_TIMESTAMP,200000273,200002471,2,Radio Dua Arah,000000273
CURRENT_TIMESTAMP,CURRENT_TIMESTAMP,200000270,200000262,2,Telefoni,000000270
CURRENT_TIMESTAMP,CURRENT_TIMESTAMP,200000264,200000270,2,Aksesori Ponsel,000000264
CURRENT_TIMESTAMP,CURRENT_TIMESTAMP,200008111,200000264,2,Aksesori Kamera Ponsel,000008111
CURRENT_TIMESTAMP,CURRENT_TIMESTAMP,200002353,200000264,2,Casing Ponsel,000002353
CURRENT_TIMESTAMP,CURRENT_TIMESTAMP,200005566,200000264,2,Dudukan Ponsel,000005566
CURRENT_TIMESTAMP,CURRENT_TIMESTAMP,200006030,200000264,2,Kartu Prabayar & Kartu SIM Ponsel,000006030
CURRENT_TIMESTAMP,CURRENT_TIMESTAMP,200499916,200000264,2,Pembuka Tempat Kartu SIM,000499916
CURRENT_TIMESTAMP,CURRENT_TIMESTAMP,200007347,200000264,2,Suku Cadang Ponsel,000007347
CURRENT_TIMESTAMP,CURRENT_TIMESTAMP,200004550,200000264,2,Tali & Pernak-pernik Ponsel,000004550
CURRENT_TIMESTAMP,CURRENT_TIMESTAMP,200000265,200000270,2,Aksesori Telepon,000000265
CURRENT_TIMESTAMP,CURRENT_TIMESTAMP,200000269,200000265,2,Kartu Telepon,000000269
CURRENT_TIMESTAMP,CURRENT_TIMESTAMP,200000267,200000270,2,Ponsel,000000267
CURRENT_TIMESTAMP,CURRENT_TIMESTAMP,200000271,200000270,2,Telepon Kabel,000000271
CURRENT_TIMESTAMP,CURRENT_TIMESTAMP,200004666,200000270,2,Telepon Konferensi,000004666
CURRENT_TIMESTAMP,CURRENT_TIMESTAMP,200000272,200000270,2,Telepon Nirkabel,000000272
CURRENT_TIMESTAMP,CURRENT_TIMESTAMP,200001924,200000270,2,Telepon Satelit,000001924
CURRENT_TIMESTAMP,CURRENT_TIMESTAMP,200001294,200000222,2,Konsol Game Video,000001294
CURRENT_TIMESTAMP,CURRENT_TIMESTAMP,200000345,200000222,2,Mesin Cetak,000000345
CURRENT_TIMESTAMP,CURRENT_TIMESTAMP,200502990,200000345,2,Aksesori Mesin Printer,000502990
CURRENT_TIMESTAMP,CURRENT_TIMESTAMP,200005265,200502990,2,Duplekser Printer,000005265
CURRENT_TIMESTAMP,CURRENT_TIMESTAMP,200005459,200502990,2,Meja Printer,000005459
CURRENT_TIMESTAMP,CURRENT_TIMESTAMP,200001683,200502990,2,Memori Printer,000001683
CURRENT_TIMESTAMP,CURRENT_TIMESTAMP,200005258,200502990,2,Perlengkapan Printer Habis Pakai,000005258
CURRENT_TIMESTAMP,CURRENT_TIMESTAMP,200005259,200005258,2,Bagian Drum pada Printer & Peralatannya,000005259
CURRENT_TIMESTAMP,CURRENT_TIMESTAMP,200005266,200005258,2,Filter Printer,000005266
CURRENT_TIMESTAMP,CURRENT_TIMESTAMP,200007362,200005258,2,Isi Ulang Toner & Kartrid Inkjet,000007362
CURRENT_TIMESTAMP,CURRENT_TIMESTAMP,200000356,200005258,2,Kartrid Toner & Inkjet,000000356
CURRENT_TIMESTAMP,CURRENT_TIMESTAMP,200005262,200005258,2,Perlengkapan Perawatan Printer,000005262
CURRENT_TIMESTAMP,CURRENT_TIMESTAMP,200005260,200005258,2,Pita Printer,000005260
CURRENT_TIMESTAMP,CURRENT_TIMESTAMP,200005261,200005258,2,Printhead,000005261
CURRENT_TIMESTAMP,CURRENT_TIMESTAMP,200502991,null,2,Suku Cadang Pengganti Mesin Printer,000502991
CURRENT_TIMESTAMP,CURRENT_TIMESTAMP,200499682,null,2,Aksesori Printer 3D,000499682
CURRENT_TIMESTAMP,CURRENT_TIMESTAMP,200000284,null,2,Aksesori Scanner,000000284
CURRENT_TIMESTAMP,CURRENT_TIMESTAMP,200006865,null,2,Printer 3D,000006865
CURRENT_TIMESTAMP,CURRENT_TIMESTAMP,200500106,null,2,Printer,000500106
CURRENT_TIMESTAMP,CURRENT_TIMESTAMP,200000306,null,2,Scanner,000000306
CURRENT_TIMESTAMP,CURRENT_TIMESTAMP,200003702,200000222,2,Papan Sirkuit & Komponen,000003702
CURRENT_TIMESTAMP,CURRENT_TIMESTAMP,200500027,200003702,2,Aksesori Papan Rangkaian,000500027
CURRENT_TIMESTAMP,CURRENT_TIMESTAMP,200007259,200003702,2,Dekoder & Enkoder Listrik,000007259
CURRENT_TIMESTAMP,CURRENT_TIMESTAMP,200007258,200003702,2,Filter Arus Listrik,000007258
CURRENT_TIMESTAMP,CURRENT_TIMESTAMP,200003635,200003702,2,Komponen Sirkuit Pasif,000003635
CURRENT_TIMESTAMP,CURRENT_TIMESTAMP,200003121,200003635,2,Induktor,000003121
CURRENT_TIMESTAMP,CURRENT_TIMESTAMP,200003220,200003635,2,Kapasitor,000003220
CURRENT_TIMESTAMP,CURRENT_TIMESTAMP,200007260,200003635,2,Osilator Listrik,000007260
CURRENT_TIMESTAMP,CURRENT_TIMESTAMP,200003424,200003635,2,Resistor,000003424
CURRENT_TIMESTAMP,CURRENT_TIMESTAMP,200007264,200003702,2,Papan Sirkuit Cetak,000007264
CURRENT_TIMESTAMP,CURRENT_TIMESTAMP,200003416,200007264,2,Papan Rangkaian Cetak untuk Uji Coba,000003416
CURRENT_TIMESTAMP,CURRENT_TIMESTAMP,200298419,200007264,2,Papan Rangkaian Kamera,000298419
CURRENT_TIMESTAMP,CURRENT_TIMESTAMP,200499898,200007264,2,Papan Rangkaian Komputer,000499898
CURRENT_TIMESTAMP,CURRENT_TIMESTAMP,200000289,200499898,2,Motherboard,000000289
CURRENT_TIMESTAMP,CURRENT_TIMESTAMP,200499899,200499898,2,Papan Inverter Komputer,000499899
CURRENT_TIMESTAMP,CURRENT_TIMESTAMP,200008546,200499898,2,Papan Sirkuit Hard Drive,000008546
CURRENT_TIMESTAMP,CURRENT_TIMESTAMP,200499889,200007264,2,Papan Rangkaian Mesin Fitness,000499889
CURRENT_TIMESTAMP,CURRENT_TIMESTAMP,200499675,200007264,2,Papan Rangkaian Scanner,000499675
CURRENT_TIMESTAMP,CURRENT_TIMESTAMP,200008549,200007264,2,Papan Sirkuit Kolam Renang & Spa,000008549
CURRENT_TIMESTAMP,CURRENT_TIMESTAMP,200008545,200007264,2,Papan Sirkuit Peralatan Rumah Tangga,000008545
CURRENT_TIMESTAMP,CURRENT_TIMESTAMP,200008544,200007264,2,Papan Sirkuit Printer,000008544
CURRENT_TIMESTAMP,CURRENT_TIMESTAMP,200008516,200007264,2,Papan Sirkuit Televisi,000008516
CURRENT_TIMESTAMP,CURRENT_TIMESTAMP,200003889,200003702,2,Pembuatan Prototipe Papan Rangkaian,000003889
CURRENT_TIMESTAMP,CURRENT_TIMESTAMP,200004010,200003889,2,Breadboard,000004010
CURRENT_TIMESTAMP,CURRENT_TIMESTAMP,200003991,200003702,2,Semikonduktor,000003991
CURRENT_TIMESTAMP,CURRENT_TIMESTAMP,200007257,200003991,2,Chip & Sirkuit Terpadu,000007257
CURRENT_TIMESTAMP,CURRENT_TIMESTAMP,200003632,200003991,2,Diode,000003632
CURRENT_TIMESTAMP,CURRENT_TIMESTAMP,200003949,200003991,2,Microcontroller,000003949
CURRENT_TIMESTAMP,CURRENT_TIMESTAMP,200003094,200003991,2,Transistor,000003094
CURRENT_TIMESTAMP,CURRENT_TIMESTAMP,200003356,200000222,2,Peralatan Dingdong,000003356
CURRENT_TIMESTAMP,CURRENT_TIMESTAMP,200003676,200003356,2,Aksesori Mesin Game Dingdong,000003676
CURRENT_TIMESTAMP,CURRENT_TIMESTAMP,200003946,200003356,2,Aksesori Mesin Pinball,000003946
CURRENT_TIMESTAMP,CURRENT_TIMESTAMP,200008085,200003356,2,Game Arcade Bola Basket,000008085
CURRENT_TIMESTAMP,CURRENT_TIMESTAMP,200003117,200003356,2,Kotak Permainan Dingdong,000003117
CURRENT_TIMESTAMP,CURRENT_TIMESTAMP,200003140,200003356,2,Mesin Pinball,000003140
CURRENT_TIMESTAMP,CURRENT_TIMESTAMP,200003681,200003356,2,Mesin Skee-Ball,000003681
CURRENT_TIMESTAMP,CURRENT_TIMESTAMP,200000340,200000222,2,Perangkat Elektronik Laut,000000340
CURRENT_TIMESTAMP,CURRENT_TIMESTAMP,200002178,200000340,2,Chartplotter & GPS Laut,000002178
CURRENT_TIMESTAMP,CURRENT_TIMESTAMP,200004450,200000340,2,Marine Radio,000004450
CURRENT_TIMESTAMP,CURRENT_TIMESTAMP,200001550,200000340,2,Pelacak Ikan,000001550
CURRENT_TIMESTAMP,CURRENT_TIMESTAMP,200001552,200000340,2,Radar Laut,000001552
CURRENT_TIMESTAMP,CURRENT_TIMESTAMP,200008134,200000340,2,Receiver Marine AV,000008134
CURRENT_TIMESTAMP,CURRENT_TIMESTAMP,200008473,200000340,2,Speaker Marine,000008473
CURRENT_TIMESTAMP,CURRENT_TIMESTAMP,200006544,200000222,2,Perangkat Pelacakan GPS,000006544
CURRENT_TIMESTAMP,CURRENT_TIMESTAMP,200004488,200000222,2,Perangkat Penagihan Tarif Tol,000004488
CURRENT_TIMESTAMP,CURRENT_TIMESTAMP,200500091,200000222,2,Radar Kecepatan,000500091
CURRENT_TIMESTAMP,CURRENT_TIMESTAMP,200000339,200000222,2,Sistem Navigasi GPS,000000339
CURRENT_TIMESTAMP,CURRENT_TIMESTAMP,200000386,200000222,2,Video,000000386
CURRENT_TIMESTAMP,CURRENT_TIMESTAMP,200002027,200000386,2,Aksesori Video,000002027
CURRENT_TIMESTAMP,CURRENT_TIMESTAMP,200000283,200002027,2,Aksesori Monitor Komputer,000000283
CURRENT_TIMESTAMP,CURRENT_TIMESTAMP,200005516,200000283,2,Kalibrator Warna,000005516
CURRENT_TIMESTAMP,CURRENT_TIMESTAMP,200000393,200002027,2,Aksesori Proyektor,000000393
CURRENT_TIMESTAMP,CURRENT_TIMESTAMP,200005257,200000393,2,Dudukan Proyektor,000005257
CURRENT_TIMESTAMP,CURRENT_TIMESTAMP,200005599,200000393,2,Kain Penutup Layar Proyeksi & Tripod,000005599
CURRENT_TIMESTAMP,CURRENT_TIMESTAMP,200000394,200000393,2,Lampu Proyektor Pengganti,000000394
CURRENT_TIMESTAMP,CURRENT_TIMESTAMP,200000395,200000393,2,Layar Proyektor,000000395
CURRENT_TIMESTAMP,CURRENT_TIMESTAMP,200004570,200000393,2,Penyangga Layar Proyektor,000004570
CURRENT_TIMESTAMP,CURRENT_TIMESTAMP,200004760,200002027,2,Kacamata 3D,000004760
CURRENT_TIMESTAMP,CURRENT_TIMESTAMP,200002145,200002027,2,Penggulung Pita,000002145
CURRENT_TIMESTAMP,CURRENT_TIMESTAMP,200000403,200002027,2,Suku Cadang & Aksesori Televisi,000000403
CURRENT_TIMESTAMP,CURRENT_TIMESTAMP,200004458,200000403,2,Braket TV & Monitor,000004458
CURRENT_TIMESTAMP,CURRENT_TIMESTAMP,200005503,200000403,2,Kotak Konverter TV,000005503
CURRENT_TIMESTAMP,CURRENT_TIMESTAMP,200005471,200000403,2,Lampu Pengganti untuk Televisi,000005471
CURRENT_TIMESTAMP,CURRENT_TIMESTAMP,200043616,200000403,2,Speaker Pengganti untuk TV,000043616
CURRENT_TIMESTAMP,CURRENT_TIMESTAMP,200000305,200000386,2,Monitor Komputer,000000305
CURRENT_TIMESTAMP,CURRENT_TIMESTAMP,200001634,200000386,2,Multiplexer Video,000001634
CURRENT_TIMESTAMP,CURRENT_TIMESTAMP,200005450,200000386,2,Pemancar Video,000005450
CURRENT_TIMESTAMP,CURRENT_TIMESTAMP,200000387,200000386,2,Pemutar & Perekam Video,000000387
CURRENT_TIMESTAMP,CURRENT_TIMESTAMP,200000388,200000387,2,Pemutar DVD & Blu-ray,000000388
CURRENT_TIMESTAMP,CURRENT_TIMESTAMP,200005276,200000387,2,Pemutar Media Streaming & Rumahan,000005276
CURRENT_TIMESTAMP,CURRENT_TIMESTAMP,200000389,200000387,2,Perekam DVD,000000389
CURRENT_TIMESTAMP,CURRENT_TIMESTAMP,200000390,200000387,2,Perekam Video Digital,000000390
CURRENT_TIMESTAMP,CURRENT_TIMESTAMP,200000391,200000387,2,VCR,000000391
CURRENT_TIMESTAMP,CURRENT_TIMESTAMP,200001368,200000386,2,Perangkat Pembuatan & Pengeditan Video,000001368
CURRENT_TIMESTAMP,CURRENT_TIMESTAMP,200000396,200000386,2,Proyektor,000000396
CURRENT_TIMESTAMP,CURRENT_TIMESTAMP,200000398,200000396,2,OHP,000000398
CURRENT_TIMESTAMP,CURRENT_TIMESTAMP,200000397,200000396,2,Proyektor Multimedia,000000397
CURRENT_TIMESTAMP,CURRENT_TIMESTAMP,200000399,200000396,2,Proyektor Slide,000000399
CURRENT_TIMESTAMP,CURRENT_TIMESTAMP,200005561,200000386,2,Satelit & TV Kabel,000005561
CURRENT_TIMESTAMP,CURRENT_TIMESTAMP,200000401,200005561,2,Penerima Sinyal Satelit,000000401
CURRENT_TIMESTAMP,CURRENT_TIMESTAMP,200005562,200005561,2,Penerima Sinyal TV Kabel,000005562
CURRENT_TIMESTAMP,CURRENT_TIMESTAMP,200005278,200000386,2,Server Video,000005278
CURRENT_TIMESTAMP,CURRENT_TIMESTAMP,200000404,200000386,2,Televisi,000000404
CURRENT_TIMESTAMP,CURRENT_TIMESTAMP,200000141,null,2,Kamera & Optik,000000141
CURRENT_TIMESTAMP,CURRENT_TIMESTAMP,200002096,200000141,2,Aksesori Kamera & Optik,000002096
CURRENT_TIMESTAMP,CURRENT_TIMESTAMP,200002911,200002096,2,Aksesori Lensa Kamera,000002911
CURRENT_TIMESTAMP,CURRENT_TIMESTAMP,200005588,200002911,2,Cincin Adaptor Lensa & Filter,000005588
CURRENT_TIMESTAMP,CURRENT_TIMESTAMP,200000147,200002911,2,Filter Lensa,000000147
CURRENT_TIMESTAMP,CURRENT_TIMESTAMP,200004441,200002911,2,Kantong Lensa,000004441
CURRENT_TIMESTAMP,CURRENT_TIMESTAMP,200004416,200002911,2,Konverter Lensa,000004416
CURRENT_TIMESTAMP,CURRENT_TIMESTAMP,200002627,200002911,2,Tudung Lensa,000002627
CURRENT_TIMESTAMP,CURRENT_TIMESTAMP,200002829,200002911,2,Tutup Lensa,000002829
CURRENT_TIMESTAMP,CURRENT_TIMESTAMP,200000160,200002096,2,Aksesori Optik,000000160
CURRENT_TIMESTAMP,CURRENT_TIMESTAMP,200004274,200000160,2,Aksesori Optik Termal,000004274
CURRENT_TIMESTAMP,CURRENT_TIMESTAMP,200005283,200000160,2,Aksesori Rangefinder,000005283
CURRENT_TIMESTAMP,CURRENT_TIMESTAMP,200005542,200000160,2,Aksesori Spotting Scope,000005542
CURRENT_TIMESTAMP,CURRENT_TIMESTAMP,200005284,200000160,2,Aksesori Teleskop,000005284
CURRENT_TIMESTAMP,CURRENT_TIMESTAMP,200005543,200000160,2,Aksesori Teropong & Pembidik Senapan,000005543
CURRENT_TIMESTAMP,CURRENT_TIMESTAMP,200005282,200000160,2,Aksesori Teropong Ganda & Teropong Tunggal,000005282
CURRENT_TIMESTAMP,CURRENT_TIMESTAMP,200005545,200000160,2,Tas & Wadah Barang-barang Optik,000005545
CURRENT_TIMESTAMP,CURRENT_TIMESTAMP,200004638,200002096,2,Aksesori Tripod & Monopod,000004638
CURRENT_TIMESTAMP,CURRENT_TIMESTAMP,200004639,200004638,2,Bagian Kepala Tripod & Monopod,000004639
CURRENT_TIMESTAMP,CURRENT_TIMESTAMP,200003035,200004638,2,Collar & Dudukan Tripod,000003035
CURRENT_TIMESTAMP,CURRENT_TIMESTAMP,200503726,200004638,2,Gagang Tripod,000503726
CURRENT_TIMESTAMP,CURRENT_TIMESTAMP,200503016,200004638,2,Pembentang Tripod,000503016
CURRENT_TIMESTAMP,CURRENT_TIMESTAMP,200004640,200004638,2,Tas Tripod & Monopod,000004640
CURRENT_TIMESTAMP,CURRENT_TIMESTAMP,200463625,200002096,2,Kabel Pengganti untuk Kamera & Perangkat Optik,000463625
CURRENT_TIMESTAMP,CURRENT_TIMESTAMP,200000149,200002096,2,Lensa Kamera & Kamera Video,000000149
CURRENT_TIMESTAMP,CURRENT_TIMESTAMP,200004432,200000149,2,Lensa Kamera,000004432
CURRENT_TIMESTAMP,CURRENT_TIMESTAMP,200005346,200000149,2,Lensa Kamera Pengintai,000005346
CURRENT_TIMESTAMP,CURRENT_TIMESTAMP,200005280,200000149,2,Lensa Kamera Video,000005280
CURRENT_TIMESTAMP,CURRENT_TIMESTAMP,200000143,200002096,2,Suku Cadang & Aksesori Kamera,000000143
CURRENT_TIMESTAMP,CURRENT_TIMESTAMP,200005937,200000143,2,Aksesori Kamera Pengintai,000005937
CURRENT_TIMESTAMP,CURRENT_TIMESTAMP,200005479,200000143,2,Aksesori Lampu Kilat Kamera,000005479
CURRENT_TIMESTAMP,CURRENT_TIMESTAMP,200008535,200000143,2,Aksesori Pelindung Kamera Bawah Air,000008535
CURRENT_TIMESTAMP,CURRENT_TIMESTAMP,200002987,200000143,2,Braket Flash Kamera,000002987
CURRENT_TIMESTAMP,CURRENT_TIMESTAMP,200298420,200000143,2,Digital Back Kamera,000298420
CURRENT_TIMESTAMP,CURRENT_TIMESTAMP,200000153,200000143,2,Film Kamera,000000153
CURRENT_TIMESTAMP,CURRENT_TIMESTAMP,200002394,200000143,2,Lampu Kamera Video,000002394
CURRENT_TIMESTAMP,CURRENT_TIMESTAMP,200000148,200000143,2,Lampu Kilat Kamera,000000148
CURRENT_TIMESTAMP,CURRENT_TIMESTAMP,200296249,200000143,2,Layar Kamera Pengganti,000296249
CURRENT_TIMESTAMP,CURRENT_TIMESTAMP,200500107,200000143,2,Monitor Eksternal untuk Kamera,000500107
CURRENT_TIMESTAMP,CURRENT_TIMESTAMP,200296246,200000143,2,Panel & Pintu Pengganti Bodi Kamera,000296246
CURRENT_TIMESTAMP,CURRENT_TIMESTAMP,200503019,200000143,2,Payung Penahan Matahari untuk Kamera & Pelengkap Viewfinder,000503019
CURRENT_TIMESTAMP,CURRENT_TIMESTAMP,200500037,200000143,2,Pegangan Kamera,000500037
CURRENT_TIMESTAMP,CURRENT_TIMESTAMP,200006307,200000143,2,Pelindung Kamera Bawah Air,000006307
CURRENT_TIMESTAMP,CURRENT_TIMESTAMP,200005532,200000143,2,Pengendali Kamera Jarak jauh,000005532
CURRENT_TIMESTAMP,CURRENT_TIMESTAMP,200499998,200000143,2,Penstabil & Penopang Kamera,000499998
CURRENT_TIMESTAMP,CURRENT_TIMESTAMP,200500104,200000143,2,Perangkat Fokus Kamera,000500104
CURRENT_TIMESTAMP,CURRENT_TIMESTAMP,200503020,200000143,2,Peredam & Penutup Kedap Suara Kamera,000503020
CURRENT_TIMESTAMP,CURRENT_TIMESTAMP,200461567,200000143,2,Perlengkapan Kamera,000461567
CURRENT_TIMESTAMP,CURRENT_TIMESTAMP,200296248,200000143,2,Sensor Citra Kamera,000296248
CURRENT_TIMESTAMP,CURRENT_TIMESTAMP,200008174,200000143,2,Set Aksesori Kamera,000008174
CURRENT_TIMESTAMP,CURRENT_TIMESTAMP,200005429,200000143,2,Tali Kamera,000005429
CURRENT_TIMESTAMP,CURRENT_TIMESTAMP,200006308,200000143,2,Tas & Wadah Kamera,000006308
CURRENT_TIMESTAMP,CURRENT_TIMESTAMP,200296247,200000143,2,Tombol & Knop Kamera Pengganti,000296247
CURRENT_TIMESTAMP,CURRENT_TIMESTAMP,200461568,200000143,2,Unit Zoom Lensa Kamera,000461568
CURRENT_TIMESTAMP,CURRENT_TIMESTAMP,200000150,200002096,2,Tripod & Monopod,000000150
CURRENT_TIMESTAMP,CURRENT_TIMESTAMP,200000039,200000141,2,Fotografi,000000039
CURRENT_TIMESTAMP,CURRENT_TIMESTAMP,200000041,200000039,2,Kamar Gelap,000000041
CURRENT_TIMESTAMP,CURRENT_TIMESTAMP,200001622,200000041,2,Bahan Kimia Fotografi,000001622
CURRENT_TIMESTAMP,CURRENT_TIMESTAMP,200002804,200000041,2,Kertas Fotografi,000002804
CURRENT_TIMESTAMP,CURRENT_TIMESTAMP,200002600,200000041,2,Lampu Kamar Gelap,000002600
CURRENT_TIMESTAMP,CURRENT_TIMESTAMP,200002234,200000041,2,Peralatan Cuci Cetak & Proses Foto,000002234
CURRENT_TIMESTAMP,CURRENT_TIMESTAMP,200002999,200002234,2,Bak Cuci Kamar Gelap,000002999
CURRENT_TIMESTAMP,CURRENT_TIMESTAMP,200002728,200002234,2,Baki,000002728
CURRENT_TIMESTAMP,CURRENT_TIMESTAMP,200002650,200002234,2,Botol & Penggulung Cuci Cetak Foto,000002650
CURRENT_TIMESTAMP,CURRENT_TIMESTAMP,200002625,200002234,2,Copystand,000002625
CURRENT_TIMESTAMP,CURRENT_TIMESTAMP,200002516,200002234,2,Peralatan & Perlengkapan Manipulasi Foto,000002516
CURRENT_TIMESTAMP,CURRENT_TIMESTAMP,200002520,200000041,2,Peralatan Pembesar Gambar,000002520
CURRENT_TIMESTAMP,CURRENT_TIMESTAMP,200003029,200002520,2,Alat Bantu Fokus,000003029
CURRENT_TIMESTAMP,CURRENT_TIMESTAMP,200002698,200002520,2,Alat Pembesar Fotografi,000002698
CURRENT_TIMESTAMP,CURRENT_TIMESTAMP,200002815,200002520,2,Analisator Fotografi,000002815
CURRENT_TIMESTAMP,CURRENT_TIMESTAMP,200002969,200002520,2,Bingkai Kamar Gelap,000002969
CURRENT_TIMESTAMP,CURRENT_TIMESTAMP,200002543,200002520,2,Timer Kamar Gelap,000002543
CURRENT_TIMESTAMP,CURRENT_TIMESTAMP,200000042,200000039,2,Pencahayaan & Studio,000000042
CURRENT_TIMESTAMP,CURRENT_TIMESTAMP,200503018,200000042,2,Aksesori Lampu & Lampu Kilat Studio,000503018
CURRENT_TIMESTAMP,CURRENT_TIMESTAMP,200005499,200000042,2,Aksesori Pengukur Cahaya,000005499
CURRENT_TIMESTAMP,CURRENT_TIMESTAMP,200503017,200000042,2,Aksesori Penyangga & Pemasang Peralatan Studio,000503017
CURRENT_TIMESTAMP,CURRENT_TIMESTAMP,200002926,200000042,2,Lampu & Lampu Kilat Studio,000002926
CURRENT_TIMESTAMP,CURRENT_TIMESTAMP,200001611,200000042,2,Latar Belakang Studio,000001611
CURRENT_TIMESTAMP,CURRENT_TIMESTAMP,200002475,200000042,2,Pengontrol Pencahayaan Studio,000002475
CURRENT_TIMESTAMP,CURRENT_TIMESTAMP,200002490,200002475,2,Filter & Gobo Pencahayaan,000002490
CURRENT_TIMESTAMP,CURRENT_TIMESTAMP,200003056,200002475,2,Penyebar Flash Kamera,000003056
CURRENT_TIMESTAMP,CURRENT_TIMESTAMP,200005431,200002475,2,Reflektor Lampu Kilat,000005431
CURRENT_TIMESTAMP,CURRENT_TIMESTAMP,200005432,200002475,2,Softbox,000005432
CURRENT_TIMESTAMP,CURRENT_TIMESTAMP,200001548,200000042,2,Pengukur Cahaya,000001548
CURRENT_TIMESTAMP,CURRENT_TIMESTAMP,200002007,200000042,2,Penyangga & Dudukan Peralatan Studio,000002007
CURRENT_TIMESTAMP,CURRENT_TIMESTAMP,200004368,200000039,2,Penyimpan Slide & Klise Foto,000004368
CURRENT_TIMESTAMP,CURRENT_TIMESTAMP,200503735,200000039,2,Perlengkapan Pemasangan Foto,000503735
CURRENT_TIMESTAMP,CURRENT_TIMESTAMP,200000142,200000141,2,Kamera,000000142
CURRENT_TIMESTAMP,CURRENT_TIMESTAMP,200499976,200000142,2,Borescope,000499976
CURRENT_TIMESTAMP,CURRENT_TIMESTAMP,200000152,200000142,2,Kamera Digital,000000152
CURRENT_TIMESTAMP,CURRENT_TIMESTAMP,200000154,200000142,2,Kamera Film,000000154
CURRENT_TIMESTAMP,CURRENT_TIMESTAMP,200000362,200000142,2,Kamera Pengintai,000000362
CURRENT_TIMESTAMP,CURRENT_TIMESTAMP,200004024,200000142,2,Kamera Sekali Pakai,000004024
CURRENT_TIMESTAMP,CURRENT_TIMESTAMP,200000155,200000142,2,Kamera Video,000000155
CURRENT_TIMESTAMP,CURRENT_TIMESTAMP,200005402,200000142,2,Trail Camera,000005402
CURRENT_TIMESTAMP,CURRENT_TIMESTAMP,200000312,200000142,2,Webcam,000000312
CURRENT_TIMESTAMP,CURRENT_TIMESTAMP,200000156,200000141,2,Optik,000000156
CURRENT_TIMESTAMP,CURRENT_TIMESTAMP,200000161,200000156,2,Rangefinder,000000161
CURRENT_TIMESTAMP,CURRENT_TIMESTAMP,200004040,200000156,2,Scope,000004040
CURRENT_TIMESTAMP,CURRENT_TIMESTAMP,200001695,200004040,2,Pengintai & Pembidik pada Senjata,000001695
CURRENT_TIMESTAMP,CURRENT_TIMESTAMP,200004136,200004040,2,Spotting Scope,000004136
CURRENT_TIMESTAMP,CURRENT_TIMESTAMP,200000165,200004040,2,Teleskop,000000165
CURRENT_TIMESTAMP,CURRENT_TIMESTAMP,200000157,200000156,2,Teropong,000000157
CURRENT_TIMESTAMP,CURRENT_TIMESTAMP,200004164,200000156,2,Teropong Tunggal,000004164
CURRENT_TIMESTAMP,CURRENT_TIMESTAMP,200005605,null,2,Keagamaan & Upacara,000005605
CURRENT_TIMESTAMP,CURRENT_TIMESTAMP,200000097,200005605,2,Benda Religi,000000097
CURRENT_TIMESTAMP,CURRENT_TIMESTAMP,200007120,200000097,2,Altar Keagamaan,000007120
CURRENT_TIMESTAMP,CURRENT_TIMESTAMP,200001949,200000097,2,Jilbab,000001949
CURRENT_TIMESTAMP,CURRENT_TIMESTAMP,200328060,200000097,2,Kartu Doa,000328060
CURRENT_TIMESTAMP,CURRENT_TIMESTAMP,200499711,200000097,2,Kartu Tarot,000499711
CURRENT_TIMESTAMP,CURRENT_TIMESTAMP,200003923,200000097,2,Tasbih,000003923
CURRENT_TIMESTAMP,CURRENT_TIMESTAMP,200005606,200005605,2,Perlengkapan Upacara Peringatan,000005606
CURRENT_TIMESTAMP,CURRENT_TIMESTAMP,200005607,200005606,2,Tempat Abu Jenazah,000005607
CURRENT_TIMESTAMP,CURRENT_TIMESTAMP,200005455,200005605,2,Perlengkapan Upacara Pernikahan,000005455
CURRENT_TIMESTAMP,CURRENT_TIMESTAMP,200005457,200005455,2,Bantal & Wadah Cincin,000005457
CURRENT_TIMESTAMP,CURRENT_TIMESTAMP,200503723,200005455,2,Dekorasi Karpet Menuju Altar,000503723
CURRENT_TIMESTAMP,CURRENT_TIMESTAMP,200005456,200005455,2,Keranjang Penabur Bunga,000005456
CURRENT_TIMESTAMP,CURRENT_TIMESTAMP,200000888,null,2,Kendaraan & Suku Cadang,000000888
CURRENT_TIMESTAMP,CURRENT_TIMESTAMP,200005614,200000888,2,Kendaraan,000005614
CURRENT_TIMESTAMP,CURRENT_TIMESTAMP,200003540,200005614,2,Kendaraan Air,000003540
CURRENT_TIMESTAMP,CURRENT_TIMESTAMP,200001130,200003540,2,Kendaraan Air Pribadi,000001130
CURRENT_TIMESTAMP,CURRENT_TIMESTAMP,200003087,200003540,2,Perahu Layar,000003087
CURRENT_TIMESTAMP,CURRENT_TIMESTAMP,200003095,200003540,2,Perahu Motor,000003095
CURRENT_TIMESTAMP,CURRENT_TIMESTAMP,200005644,200003540,2,Perahu Pesiar,000005644
CURRENT_TIMESTAMP,CURRENT_TIMESTAMP,200001267,200005614,2,Kendaraan Bermotor,000001267
CURRENT_TIMESTAMP,CURRENT_TIMESTAMP,200503031,200001267,2,Kendaraan Off-Road dan Segala Medan,000503031
CURRENT_TIMESTAMP,CURRENT_TIMESTAMP,200003018,200503031,2,ATV & UTV,000003018
CURRENT_TIMESTAMP,CURRENT_TIMESTAMP,200002528,200503031,2,Go Kart & Dune Buggy,000002528
CURRENT_TIMESTAMP,CURRENT_TIMESTAMP,200000920,200001267,2,Kendaraan Rekreasi,000000920
CURRENT_TIMESTAMP,CURRENT_TIMESTAMP,200003931,200001267,2,Mobil Golf,000003931
CURRENT_TIMESTAMP,CURRENT_TIMESTAMP,200003549,200001267,2,Mobil Salju,000003549
CURRENT_TIMESTAMP,CURRENT_TIMESTAMP,200000916,200001267,2,Mobil,000000916
CURRENT_TIMESTAMP,CURRENT_TIMESTAMP,200000919,200001267,2,Sepeda Motor & Motor Skuter,000000919
CURRENT_TIMESTAMP,CURRENT_TIMESTAMP,200003395,200005614,2,Pesawat Terbang,000003395
CURRENT_TIMESTAMP,CURRENT_TIMESTAMP,200005613,200000888,2,Suku Cadang & Aksesori Kendaraan,000005613
CURRENT_TIMESTAMP,CURRENT_TIMESTAMP,200008526,200005613,2,Elektronika Kendaraan Bermotor,000008526
CURRENT_TIMESTAMP,CURRENT_TIMESTAMP,200005525,200008526,2,Adaptor Kaset Kendaraan Bermotor,000005525
CURRENT_TIMESTAMP,CURRENT_TIMESTAMP,200000891,200008526,2,Amplifier Kendaraan Bermotor,000000891
CURRENT_TIMESTAMP,CURRENT_TIMESTAMP,200008483,200008526,2,Dudukan Monitor Video Kendaraan Bermotor,000008483
CURRENT_TIMESTAMP,CURRENT_TIMESTAMP,200000894,200008526,2,Equalizer & Crossover Kendaraan Bermotor,000000894
CURRENT_TIMESTAMP,CURRENT_TIMESTAMP,200006968,200008526,2,Kamera Parkir Kendaraan Bermotor,000006968
CURRENT_TIMESTAMP,CURRENT_TIMESTAMP,200505766,200008526,2,Pemutar A/V & Sistem In-Dash Kendaraan Bermotor,000505766
CURRENT_TIMESTAMP,CURRENT_TIMESTAMP,200005438,200008526,2,Pemutar Kaset Kendaraan Bermotor,000005438
CURRENT_TIMESTAMP,CURRENT_TIMESTAMP,200000895,200008526,2,Speaker Kendaraan Bermotor,000000895
CURRENT_TIMESTAMP,CURRENT_TIMESTAMP,200005572,200008526,2,Speakerphone Kendaraan Bermotor,000005572
CURRENT_TIMESTAMP,CURRENT_TIMESTAMP,200002833,200008526,2,Subwoofer Kendaraan Bermotor,000002833
CURRENT_TIMESTAMP,CURRENT_TIMESTAMP,200008301,200005613,2,Keselamatan & Keamanan Kendaraan,000008301
CURRENT_TIMESTAMP,CURRENT_TIMESTAMP,200002768,200008301,2,Alarm & Kunci Kendaraan,000002768
CURRENT_TIMESTAMP,CURRENT_TIMESTAMP,200006084,200002768,2,Aksesori Alarm Mobil,000006084
CURRENT_TIMESTAMP,CURRENT_TIMESTAMP,200006083,200002768,2,Alarm & Gembok Sepeda Motor,000006083
CURRENT_TIMESTAMP,CURRENT_TIMESTAMP,200500077,200002768,2,Gembok Roda Kendaraan,000500077
CURRENT_TIMESTAMP,CURRENT_TIMESTAMP,200235921,200002768,2,Kunci Boncengan Kendaraan,000235921
CURRENT_TIMESTAMP,CURRENT_TIMESTAMP,200003024,200002768,2,Kunci Pengaman Kendaraan,000003024
CURRENT_TIMESTAMP,CURRENT_TIMESTAMP,200008302,200002768,2,Kunci Pintu Kendaraan & Suku Cadangnya,000008302
CURRENT_TIMESTAMP,CURRENT_TIMESTAMP,200008305,200008302,2,Aktuator Kunci Pintu Kendaraan,000008305
CURRENT_TIMESTAMP,CURRENT_TIMESTAMP,200008304,200008302,2,Knob Kunci Pintu Kendaraan,000008304
CURRENT_TIMESTAMP,CURRENT_TIMESTAMP,200008303,200008302,2,Kunci & Sistem Penguncian Pintu Kendaraan,000008303
CURRENT_TIMESTAMP,CURRENT_TIMESTAMP,200002750,200002768,2,Pengunci Setir Kendaraan,000002750
CURRENT_TIMESTAMP,CURRENT_TIMESTAMP,200001802,200002768,2,Sistem Alarm Mobil,000001802
CURRENT_TIMESTAMP,CURRENT_TIMESTAMP,200002699,200002768,2,Sistem Remote Keyless Kendaraan,000002699
CURRENT_TIMESTAMP,CURRENT_TIMESTAMP,200002879,200008301,2,Peralatan Keselamatan Kendaraan,000002879
CURRENT_TIMESTAMP,CURRENT_TIMESTAMP,200008477,200002879,2,Gesper Sabuk Pengaman Kendaraan,000008477
CURRENT_TIMESTAMP,CURRENT_TIMESTAMP,200008447,200002879,2,Jaring Pengaman Jendela Mobil,000008447
CURRENT_TIMESTAMP,CURRENT_TIMESTAMP,200008506,200002879,2,Pengganjal Roda Kendaraan,000008506
CURRENT_TIMESTAMP,CURRENT_TIMESTAMP,200326120,200002879,2,Penutup Sabuk Pengaman Mobil,000326120
CURRENT_TIMESTAMP,CURRENT_TIMESTAMP,200008446,200002879,2,Roll Cage & Bar Kendaraan Bermotor,000008446
CURRENT_TIMESTAMP,CURRENT_TIMESTAMP,200008449,200002879,2,Sabuk Pengaman Kendaraan,000008449
CURRENT_TIMESTAMP,CURRENT_TIMESTAMP,200008445,200002879,2,Suar Flare Darurat,000008445
CURRENT_TIMESTAMP,CURRENT_TIMESTAMP,200008448,200002879,2,Suku Cadang Kantung Udara Mobil,000008448
CURRENT_TIMESTAMP,CURRENT_TIMESTAMP,200008476,200002879,2,Tali Sabuk Pengaman Kendaraan,000008476
CURRENT_TIMESTAMP,CURRENT_TIMESTAMP,200006966,200002879,2,Tiang Bendera Mobil,000006966
CURRENT_TIMESTAMP,CURRENT_TIMESTAMP,200362737,200008301,2,Perangkat Pelindung Kendaraan Off-Road & Segala Medan,000362737
CURRENT_TIMESTAMP,CURRENT_TIMESTAMP,200362738,200362737,2,Bantalan Palang ATV & UTV,000362738
CURRENT_TIMESTAMP,CURRENT_TIMESTAMP,200005547,200008301,2,Perlengkapan Pelindung Pengendara Sepeda Motor,000005547
CURRENT_TIMESTAMP,CURRENT_TIMESTAMP,200002110,200005547,2,Helm Sepeda Motor,000002110
CURRENT_TIMESTAMP,CURRENT_TIMESTAMP,200005960,200005547,2,Ikat Pinggang Pelindung Ginjal untuk Pengendara Sepeda Motor,000005960
CURRENT_TIMESTAMP,CURRENT_TIMESTAMP,200005106,200005547,2,Kacamata Sepeda Motor,000005106
CURRENT_TIMESTAMP,CURRENT_TIMESTAMP,200005959,200005547,2,Pelindung Dada & Punggung Pengendara Sepeda Motor,000005959
CURRENT_TIMESTAMP,CURRENT_TIMESTAMP,200005961,200005547,2,Pelindung Leher Pengendara Sepeda Motor,000005961
CURRENT_TIMESTAMP,CURRENT_TIMESTAMP,200005962,200005547,2,Pelindung Lutut & Tungkai untuk Pengendara Sepeda Motor,000005962
CURRENT_TIMESTAMP,CURRENT_TIMESTAMP,200005963,200005547,2,Pelindung Siku & Pergelangan Tangan untuk Pengendara Sepeda Motor,000005963
CURRENT_TIMESTAMP,CURRENT_TIMESTAMP,200008507,200005547,2,Pelindung Tangan Sepeda Motor,000008507
CURRENT_TIMESTAMP,CURRENT_TIMESTAMP,200005908,200005547,2,Sarung Tangan Pengendara Motor,000005908
CURRENT_TIMESTAMP,CURRENT_TIMESTAMP,200006493,200005547,2,Suku Cadang & Aksesori Helm Sepeda Motor,000006493
CURRENT_TIMESTAMP,CURRENT_TIMESTAMP,200000913,200005613,2,Pemeliharaan,000000913
CURRENT_TIMESTAMP,CURRENT_TIMESTAMP,200002788,200000913,2,Cairan Kendaraan,000002788
CURRENT_TIMESTAMP,CURRENT_TIMESTAMP,200002770,200002788,2,Aditif Performa Kendaraan,000002770
CURRENT_TIMESTAMP,CURRENT_TIMESTAMP,200002517,200002788,2,Aditif Sistem Pendingin Kendaraan,000002517
CURRENT_TIMESTAMP,CURRENT_TIMESTAMP,200002635,200002788,2,Cairan Antibeku Kendaraan,000002635
CURRENT_TIMESTAMP,CURRENT_TIMESTAMP,200002916,200002788,2,Cairan Kopling Hidraulik Kendaraan,000002916
CURRENT_TIMESTAMP,CURRENT_TIMESTAMP,200002943,200002788,2,Cairan Penyemprot Kaca Depan Mobil,000002943
CURRENT_TIMESTAMP,CURRENT_TIMESTAMP,200002513,200002788,2,Cairan Power Steering Kendaraan,000002513
CURRENT_TIMESTAMP,CURRENT_TIMESTAMP,200003051,200002788,2,Cairan Rem Kendaraan,000003051
CURRENT_TIMESTAMP,CURRENT_TIMESTAMP,200002688,200002788,2,Cairan Transmisi Kendaraan,000002688
CURRENT_TIMESTAMP,CURRENT_TIMESTAMP,200002735,200002788,2,Gemuk Kendaraan,000002735
CURRENT_TIMESTAMP,CURRENT_TIMESTAMP,200003044,200002788,2,Oli Kendaraan Bermotor,000003044
CURRENT_TIMESTAMP,CURRENT_TIMESTAMP,200002881,200002788,2,Pembersih Gemuk Mesin Kendaraan,000002881
CURRENT_TIMESTAMP,CURRENT_TIMESTAMP,200002719,200002788,2,Pembersih Sistem Bahan Bakar Kendaraan,000002719
CURRENT_TIMESTAMP,CURRENT_TIMESTAMP,200003812,null,2,Cat Kendaraan,000003812
CURRENT_TIMESTAMP,CURRENT_TIMESTAMP,200008450,200003812,2,Cat Bodi Kendaraan Bermotor,000008450
CURRENT_TIMESTAMP,CURRENT_TIMESTAMP,200008144,200003812,2,Cat Kaliper Rem Kendaraan Bermotor,000008144
CURRENT_TIMESTAMP,CURRENT_TIMESTAMP,200003436,null,2,Cover Mobil,000003436
CURRENT_TIMESTAMP,CURRENT_TIMESTAMP,200002494,200003436,2,Atap Keras Kendaraan,000002494
CURRENT_TIMESTAMP,CURRENT_TIMESTAMP,200008309,200003436,2,Cover Pelindung Mobil,000008309
CURRENT_TIMESTAMP,CURRENT_TIMESTAMP,200008312,200008309,2,Cover Pelindung Kendaraan Air,000008312
CURRENT_TIMESTAMP,CURRENT_TIMESTAMP,200008314,200008309,2,Cover Pelindung Mobil Golf,000008314
CURRENT_TIMESTAMP,CURRENT_TIMESTAMP,200008311,200008309,2,Cover Pelindung Mobil Rekreasi,000008311
CURRENT_TIMESTAMP,CURRENT_TIMESTAMP,200008313,200008309,2,Cover Pelindung Sepeda Motor,000008313
CURRENT_TIMESTAMP,CURRENT_TIMESTAMP,200008310,200008309,2,Penutup Pelindung Mobil,000008310
CURRENT_TIMESTAMP,CURRENT_TIMESTAMP,200008306,200003436,2,Enclosure Mobil Golf,000008306
CURRENT_TIMESTAMP,CURRENT_TIMESTAMP,200007031,200003436,2,Soft Top Mobil,000007031
CURRENT_TIMESTAMP,CURRENT_TIMESTAMP,200008308,200003436,2,Tutup Bak Mobil,000008308
CURRENT_TIMESTAMP,CURRENT_TIMESTAMP,200008316,200003436,2,Tutup Kaca Depan Kendaraan Bermotor,000008316
CURRENT_TIMESTAMP,CURRENT_TIMESTAMP,200002495,null,2,Hiasan Kendaraan,000002495
CURRENT_TIMESTAMP,CURRENT_TIMESTAMP,200002582,200002495,2,Aksesori Dasbor Mobil,000002582
CURRENT_TIMESTAMP,CURRENT_TIMESTAMP,200002652,200002495,2,Bendera Pajangan Kendaraan,000002652
CURRENT_TIMESTAMP,CURRENT_TIMESTAMP,200005994,200002495,2,Bingkai Plat Nomor Kendaraan,000005994
CURRENT_TIMESTAMP,CURRENT_TIMESTAMP,200002588,200002495,2,Bola Antena Mobil,000002588
CURRENT_TIMESTAMP,CURRENT_TIMESTAMP,200008478,200002495,2,Hiasan Spion Tengah Kendaraan,000008478
CURRENT_TIMESTAMP,CURRENT_TIMESTAMP,200008142,200002495,2,Kenop Persneling Kendaraan,000008142
CURRENT_TIMESTAMP,CURRENT_TIMESTAMP,200005995,200002495,2,Logo & Ornamen Kap Kendaraan,000005995
CURRENT_TIMESTAMP,CURRENT_TIMESTAMP,200007532,200002495,2,Magnet Kendaraan,000007532
CURRENT_TIMESTAMP,CURRENT_TIMESTAMP,200008145,200002495,2,Penutup Gandengan Kendaraan,000008145
CURRENT_TIMESTAMP,CURRENT_TIMESTAMP,200008464,200002495,2,Penutup Setir Kendaraan,000008464
CURRENT_TIMESTAMP,CURRENT_TIMESTAMP,200002789,200002495,2,Penyegar Udara Kendaraan,000002789
CURRENT_TIMESTAMP,CURRENT_TIMESTAMP,200002248,200002495,2,Plat Nomor Kendaraan,000002248
CURRENT_TIMESTAMP,CURRENT_TIMESTAMP,200008463,200002495,2,Sarung Tongkat Persneling Kendaraan,000008463
CURRENT_TIMESTAMP,CURRENT_TIMESTAMP,200008469,200002495,2,Set Aksesori Dekorasi Kendaraan,000008469
CURRENT_TIMESTAMP,CURRENT_TIMESTAMP,200002667,200002495,2,Stiker Bumper,000002667
CURRENT_TIMESTAMP,CURRENT_TIMESTAMP,200002722,200002495,2,Stiker Kendaraan,000002722
CURRENT_TIMESTAMP,CURRENT_TIMESTAMP,200008298,200002495,2,Tempat & Dudukan Plat Nomor Kendaraan,000008298
CURRENT_TIMESTAMP,CURRENT_TIMESTAMP,200007022,200002495,2,Tutup Plat Nomor Kendaraan,000007022
CURRENT_TIMESTAMP,CURRENT_TIMESTAMP,200008202,200002495,2,Wrapping Mobil,000008202
CURRENT_TIMESTAMP,CURRENT_TIMESTAMP,200008534,null,2,Jerigen Bahan Bakar Portabel,000008534
CURRENT_TIMESTAMP,CURRENT_TIMESTAMP,200002895,null,2,Pembersih Kendaraan,000002895
CURRENT_TIMESTAMP,CURRENT_TIMESTAMP,200002590,200002895,2,Larutan Pencuci Mobil,000002590
CURRENT_TIMESTAMP,CURRENT_TIMESTAMP,200002846,200002895,2,Pembersih Kaca Kendaraan,000002846
CURRENT_TIMESTAMP,CURRENT_TIMESTAMP,200002704,200002895,2,Pembersih Karpet & Pelapis Perabot Kendaraan,000002704
CURRENT_TIMESTAMP,CURRENT_TIMESTAMP,200002643,200002895,2,Pengkilap,000002643
CURRENT_TIMESTAMP,CURRENT_TIMESTAMP,200499766,200002895,2,Peralatan Pembersih Injeksi Bahan Bakar Kendaraan,000499766
CURRENT_TIMESTAMP,CURRENT_TIMESTAMP,200002894,200002895,2,Sikat Cuci Mobil,000002894
CURRENT_TIMESTAMP,CURRENT_TIMESTAMP,200008236,null,2,Perkakas Reparasi & Perkakas Khusus Kendaraan,000008236
CURRENT_TIMESTAMP,CURRENT_TIMESTAMP,200499774,200008236,2,Dempul untuk Kendaraan,000499774
CURRENT_TIMESTAMP,CURRENT_TIMESTAMP,200005068,200008236,2,Jump Starter Mobil,000005068
CURRENT_TIMESTAMP,CURRENT_TIMESTAMP,200003326,200008236,2,Kabel Jumper Kendaraan,000003326
CURRENT_TIMESTAMP,CURRENT_TIMESTAMP,200006482,200008236,2,Pemindai Diagnosis Kendaraan,000006482
CURRENT_TIMESTAMP,CURRENT_TIMESTAMP,200007414,200008236,2,Pengisi Daya Baterai Kendaraan,000007414
CURRENT_TIMESTAMP,CURRENT_TIMESTAMP,200002647,200008236,2,Peralatan Reparasi Kaca Depan,000002647
CURRENT_TIMESTAMP,CURRENT_TIMESTAMP,200008260,200008236,2,Peralatan Servis Rem Kendaraan Bermotor,000008260
CURRENT_TIMESTAMP,CURRENT_TIMESTAMP,200008259,200008236,2,Perkakas Penyetel & Pelepas Kopling Kendaraan Bermotor,000008259
CURRENT_TIMESTAMP,CURRENT_TIMESTAMP,200008261,200008236,2,Perkakas Reparasi & Pengganti Ban Kendaraan,000008261
CURRENT_TIMESTAMP,CURRENT_TIMESTAMP,200499929,200008236,2,Tester Baterai Kendaraan,000499929
CURRENT_TIMESTAMP,CURRENT_TIMESTAMP,200008237,200005613,2,Penyimpanan & Kargo Kendaraan,000008237
CURRENT_TIMESTAMP,CURRENT_TIMESTAMP,200006454,200008237,2,Aksesori Rak Kendaraan Bermotor,000006454
CURRENT_TIMESTAMP,CURRENT_TIMESTAMP,200008086,200006454,2,Aksesori Rak Kendaraan Ski & Seluncur Salju,000008086
CURRENT_TIMESTAMP,CURRENT_TIMESTAMP,200007122,200006454,2,Aksesori Rak Sepeda untuk Mobil,000007122
CURRENT_TIMESTAMP,CURRENT_TIMESTAMP,200008475,200008237,2,Gantungan & Kait Sandaran Kepala Kendaraan,000008475
CURRENT_TIMESTAMP,CURRENT_TIMESTAMP,200006744,200008237,2,Jala Kargo Kendaraan Bermotor,000006744
CURRENT_TIMESTAMP,CURRENT_TIMESTAMP,200008147,200008237,2,Jembatan Muat Kendaraan Bermotor,000008147
CURRENT_TIMESTAMP,CURRENT_TIMESTAMP,200008378,200008237,2,Kotak Penyimpanan & Sekat Bak Truk,000008378
CURRENT_TIMESTAMP,CURRENT_TIMESTAMP,200002290,200008237,2,Rak Organizer Mobil,000002290
CURRENT_TIMESTAMP,CURRENT_TIMESTAMP,200003472,200008237,2,Rak Pengangkut pada Mobil,000003472
CURRENT_TIMESTAMP,CURRENT_TIMESTAMP,200006042,200003472,2,Rak Papan Olahraga Air untuk Mobil,000006042
CURRENT_TIMESTAMP,CURRENT_TIMESTAMP,200006043,200003472,2,Rak Papan Ski & Seluncur Salju untuk Mobil,000006043
CURRENT_TIMESTAMP,CURRENT_TIMESTAMP,200002836,200003472,2,Rak Pengangkut Sepeda di Kendaraan,000002836
CURRENT_TIMESTAMP,CURRENT_TIMESTAMP,200004240,200003472,2,Rak Pengangkut pada Kendaraan,000004240
CURRENT_TIMESTAMP,CURRENT_TIMESTAMP,200006047,200003472,2,Rak Perahu untuk Mobil,000006047
CURRENT_TIMESTAMP,CURRENT_TIMESTAMP,200007115,200003472,2,Rak Senapan Mobil,000007115
CURRENT_TIMESTAMP,CURRENT_TIMESTAMP,200006044,200003472,2,Rak Sepeda Motor & Skuter untuk Mobil,000006044
CURRENT_TIMESTAMP,CURRENT_TIMESTAMP,200006046,200003472,2,Rak Tongkat Pancing untuk Mobil,000006046
CURRENT_TIMESTAMP,CURRENT_TIMESTAMP,200006041,200003472,2,Sistem Rak Tempel Mobil,000006041
CURRENT_TIMESTAMP,CURRENT_TIMESTAMP,200005512,200008237,2,Tas & Keranjang Sepeda Motor,000005512
CURRENT_TIMESTAMP,CURRENT_TIMESTAMP,200004027,200008237,2,Trailer Kendaraan Bermotor,000004027
CURRENT_TIMESTAMP,CURRENT_TIMESTAMP,200004037,200004027,2,Trailer Pengangkut Kuda & Ternak,000004037
CURRENT_TIMESTAMP,CURRENT_TIMESTAMP,200001133,200004027,2,Trailer Perahu,000001133
CURRENT_TIMESTAMP,CURRENT_TIMESTAMP,200004044,200004027,2,Trailer Utilitas & Barang,000004044
CURRENT_TIMESTAMP,CURRENT_TIMESTAMP,200004243,200004027,2,Trailer untuk Wisata,000004243
CURRENT_TIMESTAMP,CURRENT_TIMESTAMP,200003391,200005613,2,Suku Cadang & Aksesori Kendaraan Air,000003391
CURRENT_TIMESTAMP,CURRENT_TIMESTAMP,200001132,200003391,2,Komponen Perahu Layar,000001132
CURRENT_TIMESTAMP,CURRENT_TIMESTAMP,200001125,200003391,2,Mesin & Motor Kendaraan Air,000001125
CURRENT_TIMESTAMP,CURRENT_TIMESTAMP,200006293,200003391,2,Penerangan Kendaraan Air,000006293
CURRENT_TIMESTAMP,CURRENT_TIMESTAMP,200003315,200003391,2,Pengaitan & Penjangkaran,000003315
CURRENT_TIMESTAMP,CURRENT_TIMESTAMP,200003572,200003315,2,Cleat Dok,000003572
CURRENT_TIMESTAMP,CURRENT_TIMESTAMP,200003189,200003315,2,Jangkar,000003189
CURRENT_TIMESTAMP,CURRENT_TIMESTAMP,200003480,200003315,2,Mesin Derek Jangkar,000003480
CURRENT_TIMESTAMP,CURRENT_TIMESTAMP,200003452,200003315,2,Rantai Jangkar,000003452
CURRENT_TIMESTAMP,CURRENT_TIMESTAMP,200003362,200003315,2,Tali Jangkar,000003362
CURRENT_TIMESTAMP,CURRENT_TIMESTAMP,200003718,200003315,2,Tangga Perahu,000003718
CURRENT_TIMESTAMP,CURRENT_TIMESTAMP,200003655,200003315,2,Tongkat Pengait Perahu,000003655
CURRENT_TIMESTAMP,CURRENT_TIMESTAMP,200003899,200003315,2,Undakan Dok,000003899
CURRENT_TIMESTAMP,CURRENT_TIMESTAMP,200001122,200003391,2,Perawatan Kendaraan Air,000001122
CURRENT_TIMESTAMP,CURRENT_TIMESTAMP,200003866,200001122,2,Pembersih Kendaraan Air,000003866
CURRENT_TIMESTAMP,CURRENT_TIMESTAMP,200003955,200001122,2,Pemoles Kendaraan Air,000003955
CURRENT_TIMESTAMP,CURRENT_TIMESTAMP,200003400,200003391,2,Sistem Bahan Bakar Kendaraan Air,000003400
CURRENT_TIMESTAMP,CURRENT_TIMESTAMP,200003968,200003400,2,Indikator Bahan Bakar Kendaraan Air,000003968
CURRENT_TIMESTAMP,CURRENT_TIMESTAMP,200003892,200003400,2,Pompa Bahan Bakar Kendaraan Air & Suku Cadangnya,000003892
CURRENT_TIMESTAMP,CURRENT_TIMESTAMP,200003415,200003400,2,Saluran Bahan Bakar Kendaraan Air & Suku Cadangnya,000003415
CURRENT_TIMESTAMP,CURRENT_TIMESTAMP,200003648,200003400,2,Tangki Bahan Bakar Kendaraan Air & Suku Cadangnya,000003648
CURRENT_TIMESTAMP,CURRENT_TIMESTAMP,200003995,200003391,2,Suku Cadang Kemudi Kendaraan Air,000003995
CURRENT_TIMESTAMP,CURRENT_TIMESTAMP,200003308,200003995,2,Kabel Kemudi Kendaraan Air,000003308
CURRENT_TIMESTAMP,CURRENT_TIMESTAMP,200003663,200003995,2,Setir Kendaraan Air,000003663
CURRENT_TIMESTAMP,CURRENT_TIMESTAMP,200003619,200003391,2,Suku Cadang Knalpot Kendaraan Air,000003619
CURRENT_TIMESTAMP,CURRENT_TIMESTAMP,200003309,200003619,2,Knalpot Kendaraan Air & Suku Cadangnya,000003309
CURRENT_TIMESTAMP,CURRENT_TIMESTAMP,200003232,200003619,2,Manifol Kendaraan Air,000003232
CURRENT_TIMESTAMP,CURRENT_TIMESTAMP,200003606,200003391,2,Suku Cadang Mesin Kendaraan Air,000003606
CURRENT_TIMESTAMP,CURRENT_TIMESTAMP,200003143,200003606,2,Alternator Kendaraan Air,000003143
CURRENT_TIMESTAMP,CURRENT_TIMESTAMP,200003806,200003606,2,Baling-Baling Kendaraan Air,000003806
CURRENT_TIMESTAMP,CURRENT_TIMESTAMP,200003566,200003606,2,Dudukan Motor Kendaraan Air,000003566
CURRENT_TIMESTAMP,CURRENT_TIMESTAMP,200003097,200003606,2,Impeler Kendaraan Air,000003097
CURRENT_TIMESTAMP,CURRENT_TIMESTAMP,200003463,200003606,2,Karburator Kendaraan Air & Suku Cadangnya,000003463
CURRENT_TIMESTAMP,CURRENT_TIMESTAMP,200003507,200003606,2,Kunci Motor Kendaraan Air,000003507
CURRENT_TIMESTAMP,CURRENT_TIMESTAMP,200003321,200003606,2,Pengontrol Mesin Kendaraan Air,000003321
CURRENT_TIMESTAMP,CURRENT_TIMESTAMP,200003277,200003606,2,Piston Kendaraan Air & Suku Cadangnya,000003277
CURRENT_TIMESTAMP,CURRENT_TIMESTAMP,200003743,200003606,2,Suku Cadang Pengapian Kendaraan Air,000003743
CURRENT_TIMESTAMP,CURRENT_TIMESTAMP,200003977,200005613,2,Suku Cadang & Aksesori Pesawat Terbang,000003977
CURRENT_TIMESTAMP,CURRENT_TIMESTAMP,200000899,200005613,2,Suku Cadang Kendaraan Bermotor,000000899
CURRENT_TIMESTAMP,CURRENT_TIMESTAMP,200008228,200000899,2,Derek & Katrol Mobil,000008228
CURRENT_TIMESTAMP,CURRENT_TIMESTAMP,200008233,200000899,2,Fitting Interior Kendaraan Bermotor,000008233
CURRENT_TIMESTAMP,CURRENT_TIMESTAMP,200008238,200000899,2,Jok Kendaraan Bermotor,000008238
CURRENT_TIMESTAMP,CURRENT_TIMESTAMP,200008232,200000899,2,Karpet & Pelapis Perabot Kendaraan Bermotor,000008232
CURRENT_TIMESTAMP,CURRENT_TIMESTAMP,200000908,200000899,2,Knalpot Kendaraan Bermotor,000000908
CURRENT_TIMESTAMP,CURRENT_TIMESTAMP,200003318,200000899,2,Lampu Kendaraan Bermotor,000003318
CURRENT_TIMESTAMP,CURRENT_TIMESTAMP,200008137,200000899,2,Mesin Kendaraan Bermotor,000008137
CURRENT_TIMESTAMP,CURRENT_TIMESTAMP,200002805,200000899,2,Pengontrol Iklim Kendaraan Bermotor,000002805
CURRENT_TIMESTAMP,CURRENT_TIMESTAMP,200008235,200000899,2,Pengontrol Kendaraan Bermotor,000008235
CURRENT_TIMESTAMP,CURRENT_TIMESTAMP,200002977,200000899,2,Rangkaian Rem Kendaraan Bermotor,000002977
CURRENT_TIMESTAMP,CURRENT_TIMESTAMP,200008234,200000899,2,Sensor & Indikator Kendaraan Bermotor,000008234
CURRENT_TIMESTAMP,CURRENT_TIMESTAMP,200002550,200000899,2,Sirkulasi Oli Mesin Kendaraan Bermotor,000002550
CURRENT_TIMESTAMP,CURRENT_TIMESTAMP,200002727,200000899,2,Sistem Bahan Bakar Kendaraan Bermotor,000002727
CURRENT_TIMESTAMP,CURRENT_TIMESTAMP,200008231,200000899,2,Sistem Listrik & Kelistrikan Kendaraan Bermotor,000008231
CURRENT_TIMESTAMP,CURRENT_TIMESTAMP,200003020,200000899,2,Sistem Roda Kendaraan Bermotor,000003020
CURRENT_TIMESTAMP,CURRENT_TIMESTAMP,200002989,200003020,2,Aksesori Ban Kendaraan Bermotor,000002989
CURRENT_TIMESTAMP,CURRENT_TIMESTAMP,200000911,200003020,2,Ban Kendaraan Bermotor,000000911
CURRENT_TIMESTAMP,CURRENT_TIMESTAMP,200007252,200000911,2,Ban Kendaraan Off-Road dan Segala Medan,000007252
CURRENT_TIMESTAMP,CURRENT_TIMESTAMP,200006093,200000911,2,Ban Mobil,000006093
CURRENT_TIMESTAMP,CURRENT_TIMESTAMP,200006091,200000911,2,Ban Sepeda Motor,000006091
CURRENT_TIMESTAMP,CURRENT_TIMESTAMP,200002932,200003020,2,Pelek & Roda Kendaraan Bermotor,000002932
CURRENT_TIMESTAMP,CURRENT_TIMESTAMP,200007253,200002932,2,Pelek & Roda Kendaraan Off-Road & Segala Medan,000007253
CURRENT_TIMESTAMP,CURRENT_TIMESTAMP,200006090,200002932,2,Pelek & Roda Mobil,000006090
CURRENT_TIMESTAMP,CURRENT_TIMESTAMP,200006088,200002932,2,Pelek & Roda Sepeda Motor,000006088
CURRENT_TIMESTAMP,CURRENT_TIMESTAMP,200002556,200003020,2,Suku Cadang Roda Kendaraan Bermotor,000002556
CURRENT_TIMESTAMP,CURRENT_TIMESTAMP,200002642,200000899,2,Spion Kendaraan Bermotor,000002642
CURRENT_TIMESTAMP,CURRENT_TIMESTAMP,200002534,200000899,2,Suku Cadang & Aksesori Jendela Kendaraan Bermotor,000002534
CURRENT_TIMESTAMP,CURRENT_TIMESTAMP,200002820,200000899,2,Suku Cadang Mesin Kendaraan Bermotor,000002820
CURRENT_TIMESTAMP,CURRENT_TIMESTAMP,200008227,200000899,2,Suku Cadang Rangka & Bodi Kendaraan Bermotor,000008227
CURRENT_TIMESTAMP,CURRENT_TIMESTAMP,200002935,200000899,2,Suku Cadang Suspensi Kendaraan Bermotor,000002935
CURRENT_TIMESTAMP,CURRENT_TIMESTAMP,200002641,200000899,2,Suku Cadang Transmisi & Drivetrain Kendaraan Bermotor,000002641
CURRENT_TIMESTAMP,CURRENT_TIMESTAMP,200000469,null,2,Kesehatan & Kecantikan,000000469
CURRENT_TIMESTAMP,CURRENT_TIMESTAMP,200005573,200000469,2,Pembersih & Perawatan Perhiasan,000005573
CURRENT_TIMESTAMP,CURRENT_TIMESTAMP,200500082,200005573,2,Alat Pembersih Perhiasan,000500082
CURRENT_TIMESTAMP,CURRENT_TIMESTAMP,200499919,200005573,2,Larutan Pembersih & Pemoles Perhiasan,000499919
CURRENT_TIMESTAMP,CURRENT_TIMESTAMP,200500083,200005573,2,Pembersih Uap Perhiasan,000500083
CURRENT_TIMESTAMP,CURRENT_TIMESTAMP,200005124,200005573,2,Peralatan Reparasi Arloji,000005124
CURRENT_TIMESTAMP,CURRENT_TIMESTAMP,200005974,200005573,2,Tempat Penyimpanan Perhiasan,000005974
CURRENT_TIMESTAMP,CURRENT_TIMESTAMP,200002915,200000469,2,Perawatan Diri,000002915
CURRENT_TIMESTAMP,CURRENT_TIMESTAMP,200004076,200002915,2,Alat Bantu Tidur,000004076
CURRENT_TIMESTAMP,CURRENT_TIMESTAMP,200006017,200004076,2,Alat Bantu Mengatasi Apnea Tidur & Mengorok,000006017
CURRENT_TIMESTAMP,CURRENT_TIMESTAMP,200004211,200004076,2,Bantal Leher,000004211
CURRENT_TIMESTAMP,CURRENT_TIMESTAMP,200004313,200004076,2,Kacamata Tidur,000004313
CURRENT_TIMESTAMP,CURRENT_TIMESTAMP,200004056,200004076,2,Mesin White Noise,000004056
CURRENT_TIMESTAMP,CURRENT_TIMESTAMP,200000472,200002915,2,Alat Tanning,000000472
CURRENT_TIMESTAMP,CURRENT_TIMESTAMP,200000528,200002915,2,Bercukur & Merawat Diri,000000528
CURRENT_TIMESTAMP,CURRENT_TIMESTAMP,200006842,200000528,2,Aksesori Pemotong & Pemangkas Rambut,000006842
CURRENT_TIMESTAMP,CURRENT_TIMESTAMP,200000531,200000528,2,Aksesori Pencukur Elektrik,000000531
CURRENT_TIMESTAMP,CURRENT_TIMESTAMP,200000533,200000528,2,Gunting & Pemangkas Rambut,000000533
CURRENT_TIMESTAMP,CURRENT_TIMESTAMP,200002971,200000528,2,Krim Cukur,000002971
CURRENT_TIMESTAMP,CURRENT_TIMESTAMP,200008531,200000528,2,Mangkuk & Mug Cukur,000008531
CURRENT_TIMESTAMP,CURRENT_TIMESTAMP,200008214,200000528,2,Pemutih Bulu Badan & Wajah,000008214
CURRENT_TIMESTAMP,CURRENT_TIMESTAMP,200000534,200000528,2,Pencukur & Mata Pisau Cukur,000000534
CURRENT_TIMESTAMP,CURRENT_TIMESTAMP,200004507,200000528,2,Penghilang Bulu,000004507
CURRENT_TIMESTAMP,CURRENT_TIMESTAMP,200004508,200004507,2,Depilatory,000004508
CURRENT_TIMESTAMP,CURRENT_TIMESTAMP,200004510,200004507,2,Epilator,000004510
CURRENT_TIMESTAMP,CURRENT_TIMESTAMP,200008136,200004507,2,Pemanas Wax Penghilang Bulu,000008136
CURRENT_TIMESTAMP,CURRENT_TIMESTAMP,200004511,200004507,2,Peralatan & Perlengkapan Waxing,000004511
CURRENT_TIMESTAMP,CURRENT_TIMESTAMP,200004509,200004507,2,Perangkat Elektrolisis,000004509
CURRENT_TIMESTAMP,CURRENT_TIMESTAMP,200007199,200004507,2,Perangkat Laser & IPL Penghilang Rambut,000007199
CURRENT_TIMESTAMP,CURRENT_TIMESTAMP,200002508,200000528,2,Pensil Styptic,000002508
CURRENT_TIMESTAMP,CURRENT_TIMESTAMP,200005111,200000528,2,Peralatan Cukur,000005111
CURRENT_TIMESTAMP,CURRENT_TIMESTAMP,200000529,200000528,2,Perawatan Setelah Bercukur,000000529
CURRENT_TIMESTAMP,CURRENT_TIMESTAMP,200000532,200000528,2,Pisau Cukur Elektrik,000000532
CURRENT_TIMESTAMP,CURRENT_TIMESTAMP,200002681,200000528,2,Sikat Cukur,000002681
CURRENT_TIMESTAMP,CURRENT_TIMESTAMP,200004929,200002915,2,Bola-Bola Kapas,000004929
CURRENT_TIMESTAMP,CURRENT_TIMESTAMP,200002934,200002915,2,Cotton Bud,000002934
CURRENT_TIMESTAMP,CURRENT_TIMESTAMP,200000484,200002915,2,Deodoran & Antikeringat,000000484
CURRENT_TIMESTAMP,CURRENT_TIMESTAMP,200000473,200002915,2,Kosmetik,000000473
CURRENT_TIMESTAMP,CURRENT_TIMESTAMP,200000477,200000473,2,Makeup,000000477
CURRENT_TIMESTAMP,CURRENT_TIMESTAMP,200004779,200000477,2,Kostum & Makeup Panggung,000004779
CURRENT_TIMESTAMP,CURRENT_TIMESTAMP,200002645,200000477,2,Makeup Bibir,000002645
CURRENT_TIMESTAMP,CURRENT_TIMESTAMP,200002858,200002645,2,Lip Gloss,000002858
CURRENT_TIMESTAMP,CURRENT_TIMESTAMP,200003021,200002645,2,Lipstik,000003021
CURRENT_TIMESTAMP,CURRENT_TIMESTAMP,200002589,200002645,2,Penegas Garis Bibir,000002589
CURRENT_TIMESTAMP,CURRENT_TIMESTAMP,200006306,200002645,2,Pewarna Bibir & Pipi,000006306
CURRENT_TIMESTAMP,CURRENT_TIMESTAMP,200008217,200002645,2,Primer Bibir,000008217
CURRENT_TIMESTAMP,CURRENT_TIMESTAMP,200002779,200000477,2,Makeup Mata,000002779
CURRENT_TIMESTAMP,CURRENT_TIMESTAMP,200002761,200002779,2,Bulu Mata Palsu,000002761
CURRENT_TIMESTAMP,CURRENT_TIMESTAMP,200002904,200002779,2,Eye Shadow,000002904
CURRENT_TIMESTAMP,CURRENT_TIMESTAMP,200002807,200002779,2,Eyeliner,000002807
CURRENT_TIMESTAMP,CURRENT_TIMESTAMP,200002834,200002779,2,Maskara,000002834
CURRENT_TIMESTAMP,CURRENT_TIMESTAMP,200002686,200002779,2,Penegas Bulu Mata,000002686
CURRENT_TIMESTAMP,CURRENT_TIMESTAMP,200006340,200002779,2,Perawatan Penumbuh Bulu Mata & Alis,000006340
CURRENT_TIMESTAMP,CURRENT_TIMESTAMP,200008219,200002779,2,Primer Maskara,000008219
CURRENT_TIMESTAMP,CURRENT_TIMESTAMP,200008220,200002779,2,Primer Mata,000008220
CURRENT_TIMESTAMP,CURRENT_TIMESTAMP,200005978,200000477,2,Makeup Tubuh,000005978
CURRENT_TIMESTAMP,CURRENT_TIMESTAMP,200005979,200005978,2,Foundation & Cat Tubuh,000005979
CURRENT_TIMESTAMP,CURRENT_TIMESTAMP,200005981,200005978,2,Glitter Tubuh & Rambut,000005981
CURRENT_TIMESTAMP,CURRENT_TIMESTAMP,200002571,200000477,2,Makeup Wajah,000002571
CURRENT_TIMESTAMP,CURRENT_TIMESTAMP,200002980,200002571,2,Bedak Wajah,000002980
CURRENT_TIMESTAMP,CURRENT_TIMESTAMP,200006305,200002571,2,Blush On & Bronzer,000006305
CURRENT_TIMESTAMP,CURRENT_TIMESTAMP,200002765,200002571,2,Foundation & Concealer,000002765
CURRENT_TIMESTAMP,CURRENT_TIMESTAMP,200006304,200002571,2,Highlighter & Luminizer,000006304
CURRENT_TIMESTAMP,CURRENT_TIMESTAMP,200008218,200002571,2,Primer Wajah,000008218
CURRENT_TIMESTAMP,CURRENT_TIMESTAMP,200006072,200000477,2,Semprotan Finishing Makeup,000006072
CURRENT_TIMESTAMP,CURRENT_TIMESTAMP,200003509,200000477,2,Tato Temporer,000003509
CURRENT_TIMESTAMP,CURRENT_TIMESTAMP,200000474,200000473,2,Mandi & Badan,000000474
CURRENT_TIMESTAMP,CURRENT_TIMESTAMP,200002522,200000474,2,Aditif Air Mandi,000002522
CURRENT_TIMESTAMP,CURRENT_TIMESTAMP,200003691,200000474,2,Lap & Pembersih Tangan,000003691
CURRENT_TIMESTAMP,CURRENT_TIMESTAMP,200002875,200000474,2,Penggosok Badan & Spons Mandi,000002875
CURRENT_TIMESTAMP,CURRENT_TIMESTAMP,200002503,200000474,2,Sabun Batang,000002503
CURRENT_TIMESTAMP,CURRENT_TIMESTAMP,200007417,200000474,2,Sabun Cuci Tangan Bubuk,000007417
CURRENT_TIMESTAMP,CURRENT_TIMESTAMP,200002747,200000474,2,Sabun Mandi Cair,000002747
CURRENT_TIMESTAMP,CURRENT_TIMESTAMP,200003208,200000474,2,Sabun Tangan Cair,000003208
CURRENT_TIMESTAMP,CURRENT_TIMESTAMP,200002876,200000474,2,Sikat Mandi,000002876
CURRENT_TIMESTAMP,CURRENT_TIMESTAMP,200499913,200000474,2,Tisu Basah Pembersih untuk Orang Dewasa,000499913
CURRENT_TIMESTAMP,CURRENT_TIMESTAMP,200004049,200000474,2,Topi Keramas,000004049
CURRENT_TIMESTAMP,CURRENT_TIMESTAMP,200000479,200000473,2,Parfum & Cologne,000000479
CURRENT_TIMESTAMP,CURRENT_TIMESTAMP,200006331,200000473,2,Pembersih Alat Kosmetik,000006331
CURRENT_TIMESTAMP,CURRENT_TIMESTAMP,200002619,200000473,2,Peralatan Kosmetik,000002619
CURRENT_TIMESTAMP,CURRENT_TIMESTAMP,200002975,200002619,2,Alat Kecantikan Kuku,000002975
CURRENT_TIMESTAMP,CURRENT_TIMESTAMP,200499698,200002975,2,Aksesori Pelubang Kuku,000499698
CURRENT_TIMESTAMP,CURRENT_TIMESTAMP,200002734,200002975,2,Alat Pengikir Kuku & Alasnya,000002734
CURRENT_TIMESTAMP,CURRENT_TIMESTAMP,200007490,200002975,2,Bor Kuku,000007490
CURRENT_TIMESTAMP,CURRENT_TIMESTAMP,200003037,200002975,2,Gunting Kutikula,000003037
CURRENT_TIMESTAMP,CURRENT_TIMESTAMP,200007494,200002975,2,Pemisah Jari Kaki untuk Manikur & Pedikur,000007494
CURRENT_TIMESTAMP,CURRENT_TIMESTAMP,200002828,200002975,2,Pemotong Kuku,000002828
CURRENT_TIMESTAMP,CURRENT_TIMESTAMP,200002739,200002975,2,Pendorong Kutikula,000002739
CURRENT_TIMESTAMP,CURRENT_TIMESTAMP,200005880,200002975,2,Pengering Kuku,000005880
CURRENT_TIMESTAMP,CURRENT_TIMESTAMP,200006341,200002975,2,Penggosok Kuku,000006341
CURRENT_TIMESTAMP,CURRENT_TIMESTAMP,200006300,200002975,2,Set Alat Manikur,000006300
CURRENT_TIMESTAMP,CURRENT_TIMESTAMP,200002548,200002619,2,Peralatan Makeup,000002548
CURRENT_TIMESTAMP,CURRENT_TIMESTAMP,200502996,200002548,2,Aksesori Bulu Mata Palsu,000502996
CURRENT_TIMESTAMP,CURRENT_TIMESTAMP,200007493,200502996,2,Aplikator Bulu Mata Palsu,000007493
CURRENT_TIMESTAMP,CURRENT_TIMESTAMP,200502997,200502996,2,Cairan Pelepas Bulu Mata Palsu,000502997
CURRENT_TIMESTAMP,CURRENT_TIMESTAMP,200007256,200502996,2,Lem Bulu Mata Palsu,000007256
CURRENT_TIMESTAMP,CURRENT_TIMESTAMP,200000476,200002548,2,Cermin Rias,000000476
CURRENT_TIMESTAMP,CURRENT_TIMESTAMP,200004121,200002548,2,Kertas Penyerap Minyak Wajah,000004121
CURRENT_TIMESTAMP,CURRENT_TIMESTAMP,200499822,200002548,2,Kotak & Palet Makeup Isi Ulang,000499822
CURRENT_TIMESTAMP,CURRENT_TIMESTAMP,200003025,200002548,2,Kuas Makeup,000003025
CURRENT_TIMESTAMP,CURRENT_TIMESTAMP,200007356,200002548,2,Lem & Selotip Kelopak Mata Ganda,000007356
CURRENT_TIMESTAMP,CURRENT_TIMESTAMP,200002780,200002548,2,Pelengkung Bulu Mata,000002780
CURRENT_TIMESTAMP,CURRENT_TIMESTAMP,200006282,200002548,2,Pengganti Karet Pelentik Bulu Mata,000006282
CURRENT_TIMESTAMP,CURRENT_TIMESTAMP,200004106,200002548,2,Spons Makeup,000004106
CURRENT_TIMESTAMP,CURRENT_TIMESTAMP,200006555,200002548,2,Stensil Alis,000006555
CURRENT_TIMESTAMP,CURRENT_TIMESTAMP,200002958,200002619,2,Peralatan Perawatan Kulit,000002958
CURRENT_TIMESTAMP,CURRENT_TIMESTAMP,200002511,200002958,2,Batu Apung,000002511
CURRENT_TIMESTAMP,CURRENT_TIMESTAMP,200006261,200002958,2,Ekstraktor Perawatan Wajah,000006261
CURRENT_TIMESTAMP,CURRENT_TIMESTAMP,200008132,200002958,2,Kepala Sikat Pembersih Kulit,000008132
CURRENT_TIMESTAMP,CURRENT_TIMESTAMP,200007190,200002958,2,Penggosok Kaki,000007190
CURRENT_TIMESTAMP,CURRENT_TIMESTAMP,200499926,200002958,2,Pengoles Losion & Tabir Surya,000499926
CURRENT_TIMESTAMP,CURRENT_TIMESTAMP,200007018,200002958,2,Roller Perawatan Wajah,000007018
CURRENT_TIMESTAMP,CURRENT_TIMESTAMP,200006760,200002958,2,Sauna Wajah,000006760
CURRENT_TIMESTAMP,CURRENT_TIMESTAMP,200006260,200002958,2,Sikat & Sistem Pembersih Wajah,000006260
CURRENT_TIMESTAMP,CURRENT_TIMESTAMP,200000478,200000473,2,Perawatan Kuku,000000478
CURRENT_TIMESTAMP,CURRENT_TIMESTAMP,200002683,200000478,2,Cat Kuku,000002683
CURRENT_TIMESTAMP,CURRENT_TIMESTAMP,200003009,200000478,2,Krim & Minyak Kutikula,000003009
CURRENT_TIMESTAMP,CURRENT_TIMESTAMP,200004218,200000478,2,Kuku Palsu,000004218
CURRENT_TIMESTAMP,CURRENT_TIMESTAMP,200006893,200000478,2,Lem Manikur,000006893
CURRENT_TIMESTAMP,CURRENT_TIMESTAMP,200007445,200000478,2,Pengencer Cat Kuku,000007445
CURRENT_TIMESTAMP,CURRENT_TIMESTAMP,200233419,200000478,2,Pengeras Cat Kuku Tetes & Semprot,000233419
CURRENT_TIMESTAMP,CURRENT_TIMESTAMP,200002946,200000478,2,Penghilang Cat Kuku,000002946
CURRENT_TIMESTAMP,CURRENT_TIMESTAMP,200005975,200000478,2,Perlengkapan & Aksesori Seni Menghias Kuku,000005975
CURRENT_TIMESTAMP,CURRENT_TIMESTAMP,200000567,200000473,2,Perawatan Kulit,000000567
CURRENT_TIMESTAMP,CURRENT_TIMESTAMP,200005980,200000567,2,Bedak Bayi,000005980
CURRENT_TIMESTAMP,CURRENT_TIMESTAMP,200006753,200000567,2,Jeli Petroleum,000006753
CURRENT_TIMESTAMP,CURRENT_TIMESTAMP,200008029,200000567,2,Lembar Masker Perawatan Kulit Terkompresi,000008029
CURRENT_TIMESTAMP,CURRENT_TIMESTAMP,200002592,200000567,2,Losion & Pelembab,000002592
CURRENT_TIMESTAMP,CURRENT_TIMESTAMP,200006262,200000567,2,Masker Perawatan Kulit,000006262
CURRENT_TIMESTAMP,CURRENT_TIMESTAMP,200006104,200000567,2,Minyak Tubuh,000006104
CURRENT_TIMESTAMP,CURRENT_TIMESTAMP,200000482,200000567,2,Pelembab & Perawatan Bibir,000000482
CURRENT_TIMESTAMP,CURRENT_TIMESTAMP,200002526,200000567,2,Pembersih Wajah,000002526
CURRENT_TIMESTAMP,CURRENT_TIMESTAMP,200006034,200000567,2,Penghapus Makeup,000006034
CURRENT_TIMESTAMP,CURRENT_TIMESTAMP,200006863,200000567,2,Penghilang Kutil,000006863
CURRENT_TIMESTAMP,CURRENT_TIMESTAMP,200005820,200000567,2,Penolak Gigitan Serangga,000005820
CURRENT_TIMESTAMP,CURRENT_TIMESTAMP,200000481,200000567,2,Perawatan Jerawat & Peralatannya,000000481
CURRENT_TIMESTAMP,CURRENT_TIMESTAMP,200007467,200000567,2,Perlengkapan Pembersih Muka,000007467
CURRENT_TIMESTAMP,CURRENT_TIMESTAMP,200007429,200000567,2,Perlengkapan Perawatan Kuli Anti Penuaan,000007429
CURRENT_TIMESTAMP,CURRENT_TIMESTAMP,200002740,200000567,2,Produk Penggelap Kulit,000002740
CURRENT_TIMESTAMP,CURRENT_TIMESTAMP,200005338,200002740,2,Losion Penggelap Kulit,000005338
CURRENT_TIMESTAMP,CURRENT_TIMESTAMP,200005339,200002740,2,Minyak & Losion Penggelap Kulit,000005339
CURRENT_TIMESTAMP,CURRENT_TIMESTAMP,200006791,200000567,2,Strip Pengangkat Komedo,000006791
CURRENT_TIMESTAMP,CURRENT_TIMESTAMP,200002844,200000567,2,Tabir Surya,000002844
CURRENT_TIMESTAMP,CURRENT_TIMESTAMP,200005976,200000567,2,Toner & Astringent,000005976
CURRENT_TIMESTAMP,CURRENT_TIMESTAMP,200000475,200000473,2,Set Hadiah Mandi & Badan,000000475
CURRENT_TIMESTAMP,CURRENT_TIMESTAMP,200006069,200000473,2,Set Kosmetik,000006069
CURRENT_TIMESTAMP,CURRENT_TIMESTAMP,200000777,200002915,2,Pelumas Seks,000000777
CURRENT_TIMESTAMP,CURRENT_TIMESTAMP,200002656,200002915,2,Pencabut Bulu,000002656
CURRENT_TIMESTAMP,CURRENT_TIMESTAMP,200000515,200002915,2,Perawatan Kaki,000000515
CURRENT_TIMESTAMP,CURRENT_TIMESTAMP,200002801,200000515,2,Insol & Bantalan Dalam Sepatu,000002801
CURRENT_TIMESTAMP,CURRENT_TIMESTAMP,200007495,200000515,2,Pemisah Jari Kaki,000007495
CURRENT_TIMESTAMP,CURRENT_TIMESTAMP,200003049,200000515,2,Penghilang Bau Kaki,000003049
CURRENT_TIMESTAMP,CURRENT_TIMESTAMP,200003022,200000515,2,Perawatan Mata Ikan & Kapalan,000003022
CURRENT_TIMESTAMP,CURRENT_TIMESTAMP,200002992,200000515,2,Perlengkapan Perawatan Bunion,000002992
CURRENT_TIMESTAMP,CURRENT_TIMESTAMP,200001380,200002915,2,Perawatan Mata,000001380
CURRENT_TIMESTAMP,CURRENT_TIMESTAMP,200002521,200001380,2,Aksesori Kacamata,000002521
CURRENT_TIMESTAMP,CURRENT_TIMESTAMP,200005507,200002521,2,Kotak & Tempat Kacamata,000005507
CURRENT_TIMESTAMP,CURRENT_TIMESTAMP,200352853,200002521,2,Larutan Pembersih Lensa Kacamata,000352853
CURRENT_TIMESTAMP,CURRENT_TIMESTAMP,200008204,200002521,2,Tali & Rantai Kacamata,000008204
CURRENT_TIMESTAMP,CURRENT_TIMESTAMP,200000524,200001380,2,Kacamata,000000524
CURRENT_TIMESTAMP,CURRENT_TIMESTAMP,200002733,200001380,2,Lensa Kacamata,000002733
CURRENT_TIMESTAMP,CURRENT_TIMESTAMP,200006977,200001380,2,Lensa Kacamata Hitam,000006977
CURRENT_TIMESTAMP,CURRENT_TIMESTAMP,200002923,200001380,2,Lensa Kontak,000002923
CURRENT_TIMESTAMP,CURRENT_TIMESTAMP,200002922,200001380,2,Obat Tetes & Pelumas Mata,000002922
CURRENT_TIMESTAMP,CURRENT_TIMESTAMP,200003011,200001380,2,Perawatan Lensa Kontak,000003011
CURRENT_TIMESTAMP,CURRENT_TIMESTAMP,200006509,200003011,2,Cairan Lensa Kontak,000006509
CURRENT_TIMESTAMP,CURRENT_TIMESTAMP,200007363,200003011,2,Perlengkapan Perawatan Lensa Kontak,000007363
CURRENT_TIMESTAMP,CURRENT_TIMESTAMP,200006510,200003011,2,Wadah Lensa Kontak,000006510
CURRENT_TIMESTAMP,CURRENT_TIMESTAMP,200000526,200002915,2,Perawatan Mulut & Gigi,000000526
CURRENT_TIMESTAMP,CURRENT_TIMESTAMP,200004775,200000526,2,Aksesori Sikat Gigi,000004775
CURRENT_TIMESTAMP,CURRENT_TIMESTAMP,200004942,200004775,2,Alat Sanitasi Sikat Gigi,000004942
CURRENT_TIMESTAMP,CURRENT_TIMESTAMP,200004776,200004775,2,Kepala Pengganti Sikat Gigi,000004776
CURRENT_TIMESTAMP,CURRENT_TIMESTAMP,200006920,200004775,2,Tutup Sikat Gigi,000006920
CURRENT_TIMESTAMP,CURRENT_TIMESTAMP,200006715,200000526,2,Alat Pembersih Plak Gigi,000006715
CURRENT_TIMESTAMP,CURRENT_TIMESTAMP,200002620,200000526,2,Flos Gigi,000002620
CURRENT_TIMESTAMP,CURRENT_TIMESTAMP,200002527,200000526,2,Gigi Palsu,000002527
CURRENT_TIMESTAMP,CURRENT_TIMESTAMP,200005295,200000526,2,Jet Air Pembersih Gigi,000005295
CURRENT_TIMESTAMP,CURRENT_TIMESTAMP,200003040,200000526,2,Obat Kumur,000003040
CURRENT_TIMESTAMP,CURRENT_TIMESTAMP,200001360,200000526,2,Pasta Gigi,000001360
CURRENT_TIMESTAMP,CURRENT_TIMESTAMP,200005823,200000526,2,Pelindung Gigi,000005823
CURRENT_TIMESTAMP,CURRENT_TIMESTAMP,200005824,200000526,2,Pembersih Gigi Palsu,000005824
CURRENT_TIMESTAMP,CURRENT_TIMESTAMP,200006441,200000526,2,Pembersih Lidah,000006441
CURRENT_TIMESTAMP,CURRENT_TIMESTAMP,200003019,200000526,2,Pemutih Gigi,000003019
CURRENT_TIMESTAMP,CURRENT_TIMESTAMP,200005154,200000526,2,Pencetan & Dispenser Pasta Gigi,000005154
CURRENT_TIMESTAMP,CURRENT_TIMESTAMP,200008543,200000526,2,Peralatan Reparasi Gigi Palsu,000008543
CURRENT_TIMESTAMP,CURRENT_TIMESTAMP,200005155,200000526,2,Perekat Gigi Palsu,000005155
CURRENT_TIMESTAMP,CURRENT_TIMESTAMP,200006189,200000526,2,Semprotan Pengharum Napas,000006189
CURRENT_TIMESTAMP,CURRENT_TIMESTAMP,200000527,200000526,2,Sikat Gigi,000000527
CURRENT_TIMESTAMP,CURRENT_TIMESTAMP,200002769,200000526,2,Stimulator Gusi,000002769
CURRENT_TIMESTAMP,CURRENT_TIMESTAMP,200505367,200000526,2,Tas Peralatan Ortodontik,000505367
CURRENT_TIMESTAMP,CURRENT_TIMESTAMP,200004316,200000526,2,Tusuk Gigi,000004316
CURRENT_TIMESTAMP,CURRENT_TIMESTAMP,200006455,200000526,2,Ujung Pengganti Jet Semprotan Gigi,000006455
CURRENT_TIMESTAMP,CURRENT_TIMESTAMP,200000493,200002915,2,Perawatan Punggung,000000493
CURRENT_TIMESTAMP,CURRENT_TIMESTAMP,200007404,200000493,2,Bantalan Punggung & Pinggang untuk Kursi,000007404
CURRENT_TIMESTAMP,CURRENT_TIMESTAMP,200000486,200002915,2,Perawatan Rambut,000000486
CURRENT_TIMESTAMP,CURRENT_TIMESTAMP,200006018,200000486,2,Aksesori Alat Penata Rambut,000006018
CURRENT_TIMESTAMP,CURRENT_TIMESTAMP,200004569,200006018,2,Aksesori Catok Rambut,000004569
CURRENT_TIMESTAMP,CURRENT_TIMESTAMP,200004475,200006018,2,Aksesori Pengering Rambut,000004475
CURRENT_TIMESTAMP,CURRENT_TIMESTAMP,200005317,200006018,2,Penjepit & Tusuk Pengeriting Rambut,000005317
CURRENT_TIMESTAMP,CURRENT_TIMESTAMP,200005977,200000486,2,Aksesori Pewarnaan Rambut,000005977
CURRENT_TIMESTAMP,CURRENT_TIMESTAMP,200006019,200000486,2,Alat Penata Rambut,000006019
CURRENT_TIMESTAMP,CURRENT_TIMESTAMP,200000489,200006019,2,Catok Pengeriting,000000489
CURRENT_TIMESTAMP,CURRENT_TIMESTAMP,200003407,200006019,2,Pelurus Rambut,000003407
CURRENT_TIMESTAMP,CURRENT_TIMESTAMP,200000490,200006019,2,Pengering Rambut,000000490
CURRENT_TIMESTAMP,CURRENT_TIMESTAMP,200000488,200006019,2,Pengeriting Rambut,000000488
CURRENT_TIMESTAMP,CURRENT_TIMESTAMP,200499992,200006019,2,Set Alat Penataan Rambut,000499992
CURRENT_TIMESTAMP,CURRENT_TIMESTAMP,200000487,200006019,2,Sisir & Sikat,000000487
CURRENT_TIMESTAMP,CURRENT_TIMESTAMP,200006429,200000486,2,Alat Penguapan Rambut & Tutup Kepala Pemanas,000006429
CURRENT_TIMESTAMP,CURRENT_TIMESTAMP,200006099,200000486,2,Concealer Kebotakan,000006099
CURRENT_TIMESTAMP,CURRENT_TIMESTAMP,200003013,200000486,2,Gunting Rambut,000003013
CURRENT_TIMESTAMP,CURRENT_TIMESTAMP,200006053,200000486,2,Penghilang Cat Rambut,000006053
CURRENT_TIMESTAMP,CURRENT_TIMESTAMP,200008452,200000486,2,Peralatan Perawatan Rambut,000008452
CURRENT_TIMESTAMP,CURRENT_TIMESTAMP,200004766,200000486,2,Perawatan Rambut Rontok,000004766
CURRENT_TIMESTAMP,CURRENT_TIMESTAMP,200006052,200000486,2,Perlengkapan Pengeritingan & Pelurusan Rambut,000006052
CURRENT_TIMESTAMP,CURRENT_TIMESTAMP,200002814,200000486,2,Pewarna Rambut,000002814
CURRENT_TIMESTAMP,CURRENT_TIMESTAMP,200001901,200000486,2,Produk Penata Rambut,000001901
CURRENT_TIMESTAMP,CURRENT_TIMESTAMP,200002441,200000486,2,Sampo & Kondisioner,000002441
CURRENT_TIMESTAMP,CURRENT_TIMESTAMP,200000506,200002915,2,Perawatan Telinga,000000506
CURRENT_TIMESTAMP,CURRENT_TIMESTAMP,200006561,200000506,2,Alat Suntik Telinga,000006561
CURRENT_TIMESTAMP,CURRENT_TIMESTAMP,200007542,200000506,2,Dispenser Sumbat Telinga,000007542
CURRENT_TIMESTAMP,CURRENT_TIMESTAMP,200005706,200000506,2,Lilin Pembersih Telinga,000005706
CURRENT_TIMESTAMP,CURRENT_TIMESTAMP,200006560,200000506,2,Pengering Telinga,000006560
CURRENT_TIMESTAMP,CURRENT_TIMESTAMP,200006562,200000506,2,Perlengkapan Pembersih Kotoran Telinga,000006562
CURRENT_TIMESTAMP,CURRENT_TIMESTAMP,200500024,200000506,2,Sendok Serumen,000500024
CURRENT_TIMESTAMP,CURRENT_TIMESTAMP,200002596,200000506,2,Sumbat Telinga,000002596
CURRENT_TIMESTAMP,CURRENT_TIMESTAMP,200006559,200000506,2,Tetes Telinga,000006559
CURRENT_TIMESTAMP,CURRENT_TIMESTAMP,200007134,200002915,2,Perlengkapan Enema,000007134
CURRENT_TIMESTAMP,CURRENT_TIMESTAMP,200000485,200002915,2,Perlengkapan Kebersihan Kewanitaan,000000485
CURRENT_TIMESTAMP,CURRENT_TIMESTAMP,200002387,200000485,2,Bantalan & Pelindung Kewanitaan,000002387
CURRENT_TIMESTAMP,CURRENT_TIMESTAMP,200008122,200000485,2,Cangkir Menstruasi,000008122
CURRENT_TIMESTAMP,CURRENT_TIMESTAMP,200006862,200000485,2,Deodoran Area Kewanitaan,000006862
CURRENT_TIMESTAMP,CURRENT_TIMESTAMP,200005821,200000485,2,Douche & Krim Area Kewanitaan,000005821
CURRENT_TIMESTAMP,CURRENT_TIMESTAMP,200002564,200000485,2,Tampon,000002564
CURRENT_TIMESTAMP,CURRENT_TIMESTAMP,200005663,200002915,2,Pijat & Relaksasi,000005663
CURRENT_TIMESTAMP,CURRENT_TIMESTAMP,200000471,200005663,2,Alat Pijat,000000471
CURRENT_TIMESTAMP,CURRENT_TIMESTAMP,200233420,200005663,2,Bantal Mata,000233420
CURRENT_TIMESTAMP,CURRENT_TIMESTAMP,200008135,200005663,2,Batu Pijat,000008135
CURRENT_TIMESTAMP,CURRENT_TIMESTAMP,200001442,200005663,2,Kursi Pijat,000001442
CURRENT_TIMESTAMP,CURRENT_TIMESTAMP,200002074,200005663,2,Meja Pijat,000002074
CURRENT_TIMESTAMP,CURRENT_TIMESTAMP,200005664,200005663,2,Minyak Pijat,000005664
CURRENT_TIMESTAMP,CURRENT_TIMESTAMP,200008530,200005663,2,Pemanas Batu Pijat,000008530
CURRENT_TIMESTAMP,CURRENT_TIMESTAMP,200500060,200005663,2,Penggaruk Punggung,000500060
CURRENT_TIMESTAMP,CURRENT_TIMESTAMP,200006921,200002915,2,Tenda Penggelapan Kulit Semprot,000006921
CURRENT_TIMESTAMP,CURRENT_TIMESTAMP,200000491,200000469,2,Perawatan Kesehatan,000000491
CURRENT_TIMESTAMP,CURRENT_TIMESTAMP,200005071,200000491,2,Aksesori Monitor Biometrik,000005071
CURRENT_TIMESTAMP,CURRENT_TIMESTAMP,200003688,200005071,2,Aksesori Alat Ukur Kadar Glukosa,000003688
CURRENT_TIMESTAMP,CURRENT_TIMESTAMP,200006323,200003688,2,Larutan Pengendali Gula Darah,000006323
CURRENT_TIMESTAMP,CURRENT_TIMESTAMP,200003111,200003688,2,Perlengkapan Lanset,000003111
CURRENT_TIMESTAMP,CURRENT_TIMESTAMP,200003905,200003688,2,Strip Uji Glukosa Darah,000003905
CURRENT_TIMESTAMP,CURRENT_TIMESTAMP,200505819,200005071,2,Aksesori Monitor Aktivitas,000505819
CURRENT_TIMESTAMP,CURRENT_TIMESTAMP,200006284,200005071,2,Aksesori Pemantau Tekanan Darah,000006284
CURRENT_TIMESTAMP,CURRENT_TIMESTAMP,200006285,200006284,2,Gelang Pemantau Tekanan Darah,000006285
CURRENT_TIMESTAMP,CURRENT_TIMESTAMP,200005072,200005071,2,Aksesori Timbangan Berat Badan,000005072
CURRENT_TIMESTAMP,CURRENT_TIMESTAMP,200005849,200000491,2,Akupuntur,000005849
CURRENT_TIMESTAMP,CURRENT_TIMESTAMP,200005851,200005849,2,Jarum Akupuntur,000005851
CURRENT_TIMESTAMP,CURRENT_TIMESTAMP,200005850,200005849,2,Manekin Akupuntur,000005850
CURRENT_TIMESTAMP,CURRENT_TIMESTAMP,200005690,200000491,2,Alat Bantu Dengar,000005690
CURRENT_TIMESTAMP,CURRENT_TIMESTAMP,200008082,200000491,2,Cangkir Spesimen,000008082
CURRENT_TIMESTAMP,CURRENT_TIMESTAMP,200505820,200000491,2,Gel & Losion Konduktivitas,000505820
CURRENT_TIMESTAMP,CURRENT_TIMESTAMP,200000775,200000491,2,Kondom,000000775
CURRENT_TIMESTAMP,CURRENT_TIMESTAMP,200003777,200000491,2,Kotak Obat,000003777
CURRENT_TIMESTAMP,CURRENT_TIMESTAMP,200005965,200000491,2,Label & Perhiasan Pengenal Medis,000005965
CURRENT_TIMESTAMP,CURRENT_TIMESTAMP,200500087,200000491,2,Lampu Terapi Cahaya,000500087
CURRENT_TIMESTAMP,CURRENT_TIMESTAMP,200000519,200000491,2,Mobilitas & Aksesibilitas,000000519
CURRENT_TIMESTAMP,CURRENT_TIMESTAMP,200006929,200000519,2,Aksesori Alat Bantu Jalan,000006929
CURRENT_TIMESTAMP,CURRENT_TIMESTAMP,200000521,200000519,2,Aksesori Perlengkapan Aksesibilitas,000000521
CURRENT_TIMESTAMP,CURRENT_TIMESTAMP,200005164,200000519,2,Alat Bantu Jalan,000005164
CURRENT_TIMESTAMP,CURRENT_TIMESTAMP,200004248,200005164,2,Kruk,000004248
CURRENT_TIMESTAMP,CURRENT_TIMESTAMP,200005166,200005164,2,Rangka Bantu Jalan,000005166
CURRENT_TIMESTAMP,CURRENT_TIMESTAMP,200005165,200005164,2,Tongkat Bantu Jalan,000005165
CURRENT_TIMESTAMP,CURRENT_TIMESTAMP,200005488,200000519,2,Perabot & Perlengkapan Aksesibilitas,000005488
CURRENT_TIMESTAMP,CURRENT_TIMESTAMP,200007243,200005488,2,Bangku & Kursi Pancuran,000007243
CURRENT_TIMESTAMP,CURRENT_TIMESTAMP,200000520,200000519,2,Perlengkapan Aksesibilitas,000000520
CURRENT_TIMESTAMP,CURRENT_TIMESTAMP,200003364,200000520,2,Kursi Roda,000003364
CURRENT_TIMESTAMP,CURRENT_TIMESTAMP,200007138,200000520,2,Lift Tangga,000007138
CURRENT_TIMESTAMP,CURRENT_TIMESTAMP,200502969,200000520,2,Papan & Pelapis untuk Pemindahan Posisi,000502969
CURRENT_TIMESTAMP,CURRENT_TIMESTAMP,200003512,200000520,2,Skuter Mobilitas,000003512
CURRENT_TIMESTAMP,CURRENT_TIMESTAMP,200000494,200000491,2,Monitor Biometrik,000000494
CURRENT_TIMESTAMP,CURRENT_TIMESTAMP,200002633,200000494,2,Alat Pengukur Kadar Alkohol pada Tubuh,000002633
CURRENT_TIMESTAMP,CURRENT_TIMESTAMP,200500009,200000494,2,Monitor Aktivitas,000500009
CURRENT_TIMESTAMP,CURRENT_TIMESTAMP,200004767,200000494,2,Monitor Detak Jantung Janin,000004767
CURRENT_TIMESTAMP,CURRENT_TIMESTAMP,200505822,200000494,2,Monitor Fertilitas & Tes Ovulasi,000505822
CURRENT_TIMESTAMP,CURRENT_TIMESTAMP,200000495,200000494,2,Monitor Tekanan Darah,000000495
CURRENT_TIMESTAMP,CURRENT_TIMESTAMP,200000497,200000494,2,Penganalisis Kolesterol,000000497
CURRENT_TIMESTAMP,CURRENT_TIMESTAMP,200000496,200000494,2,Penganalisis Lemak Tubuh,000000496
CURRENT_TIMESTAMP,CURRENT_TIMESTAMP,200002246,200000494,2,Pengukur Glukosa Darah,000002246
CURRENT_TIMESTAMP,CURRENT_TIMESTAMP,200005551,200000494,2,Pulse Oximeter,000005551
CURRENT_TIMESTAMP,CURRENT_TIMESTAMP,200000501,200000494,2,Termometer Medis,000000501
CURRENT_TIMESTAMP,CURRENT_TIMESTAMP,200000500,200000494,2,Timbangan Berat badan,000000500
CURRENT_TIMESTAMP,CURRENT_TIMESTAMP,200002890,200000491,2,Nutrisi & Kebugaran,000002890
CURRENT_TIMESTAMP,CURRENT_TIMESTAMP,200002984,200002890,2,Bar Nutrisi,000002984
CURRENT_TIMESTAMP,CURRENT_TIMESTAMP,200006871,200002890,2,Bubur Bernutrisi,000006871
CURRENT_TIMESTAMP,CURRENT_TIMESTAMP,200006242,200002890,2,Gel & Tablet Kunyah Bernutrisi,000006242
CURRENT_TIMESTAMP,CURRENT_TIMESTAMP,200005702,200002890,2,Minuman & Shake Bernutrisi,000005702
CURRENT_TIMESTAMP,CURRENT_TIMESTAMP,200007413,200002890,2,Suplemen untuk Pemberian Makanan Lewat Selang,000007413
CURRENT_TIMESTAMP,CURRENT_TIMESTAMP,200000525,200002890,2,Vitamin & Suplemen,000000525
CURRENT_TIMESTAMP,CURRENT_TIMESTAMP,200000518,200000491,2,Obat-obatan,000000518
CURRENT_TIMESTAMP,CURRENT_TIMESTAMP,200000508,200000491,2,P3K,000000508
CURRENT_TIMESTAMP,CURRENT_TIMESTAMP,200002954,200000508,2,Antiseptik & Perlengkapan Pembersih,000002954
CURRENT_TIMESTAMP,CURRENT_TIMESTAMP,200000510,200000508,2,Kotak P3K,000000510
CURRENT_TIMESTAMP,CURRENT_TIMESTAMP,200006206,200000508,2,Pelindung Gips & Perban,000006206
CURRENT_TIMESTAMP,CURRENT_TIMESTAMP,200004527,200000508,2,Perlengkapan Pencuci Mata,000004527
CURRENT_TIMESTAMP,CURRENT_TIMESTAMP,200000509,200000508,2,Plester & Perban Medis,000000509
CURRENT_TIMESTAMP,CURRENT_TIMESTAMP,200000516,200000508,2,Terapi Panas & Dingin,000000516
CURRENT_TIMESTAMP,CURRENT_TIMESTAMP,200006205,200000516,2,Bantalan Pemanas,000006205
CURRENT_TIMESTAMP,CURRENT_TIMESTAMP,200004753,200000516,2,Kantong Es Batu,000004753
CURRENT_TIMESTAMP,CURRENT_TIMESTAMP,200005848,200000516,2,Krim Oles Panas,000005848
CURRENT_TIMESTAMP,CURRENT_TIMESTAMP,200005923,200000491,2,Pelumas Operasi Bedah,000005923
CURRENT_TIMESTAMP,CURRENT_TIMESTAMP,200000523,200000491,2,Penyangga & Penahan,000000523
CURRENT_TIMESTAMP,CURRENT_TIMESTAMP,200004551,200000491,2,Perawatan Pernafasan,000004551
CURRENT_TIMESTAMP,CURRENT_TIMESTAMP,200505669,200004551,2,Inhaler Uap,000505669
CURRENT_TIMESTAMP,CURRENT_TIMESTAMP,200007316,200004551,2,Masker PAP,000007316
CURRENT_TIMESTAMP,CURRENT_TIMESTAMP,200007317,200004551,2,Mesin PAP,000007317
CURRENT_TIMESTAMP,CURRENT_TIMESTAMP,200004552,200004551,2,Nebulizer,000004552
CURRENT_TIMESTAMP,CURRENT_TIMESTAMP,200499692,200004551,2,Tangki Oksigen,000499692
CURRENT_TIMESTAMP,CURRENT_TIMESTAMP,200000517,200000491,2,Perlengkapan Bantu Inkontinensia,000000517
CURRENT_TIMESTAMP,CURRENT_TIMESTAMP,200005870,200000491,2,Perlengkapan Terapi Okupasi & Fisik,000005870
CURRENT_TIMESTAMP,CURRENT_TIMESTAMP,200008541,200005870,2,Alat Terapi Otot Elektrik,000008541
CURRENT_TIMESTAMP,CURRENT_TIMESTAMP,200505352,200005870,2,Ayunan Terapi,000505352
CURRENT_TIMESTAMP,CURRENT_TIMESTAMP,200007220,200000491,2,Pispot,000007220
CURRENT_TIMESTAMP,CURRENT_TIMESTAMP,200005966,200000491,2,Sistem Alarm Medis,000005966
CURRENT_TIMESTAMP,CURRENT_TIMESTAMP,200007186,200000491,2,Spermisida,000007186
CURRENT_TIMESTAMP,CURRENT_TIMESTAMP,200008105,200000491,2,Stocking untuk Korban Amputasi,000008105
CURRENT_TIMESTAMP,CURRENT_TIMESTAMP,200505293,200000491,2,Uji Medis,000505293
CURRENT_TIMESTAMP,CURRENT_TIMESTAMP,200499934,200505293,2,Peralatan Tes Alergi,000499934
CURRENT_TIMESTAMP,CURRENT_TIMESTAMP,200007337,200505293,2,Perlengkapan Tes Golongan Darah,000007337
CURRENT_TIMESTAMP,CURRENT_TIMESTAMP,200007336,200505293,2,Tes HIV,000007336
CURRENT_TIMESTAMP,CURRENT_TIMESTAMP,200505294,200505293,2,Tes Infeksi Saluran Kencing,000505294
CURRENT_TIMESTAMP,CURRENT_TIMESTAMP,200001680,200505293,2,Uji Kehamilan,000001680
CURRENT_TIMESTAMP,CURRENT_TIMESTAMP,200002552,200505293,2,Uji Narkoba,000002552
CURRENT_TIMESTAMP,CURRENT_TIMESTAMP,200007002,200000491,2,Wadah Pil Kontrasepsi,000007002
CURRENT_TIMESTAMP,CURRENT_TIMESTAMP,200005181,null,2,Koper & Tas,000005181
CURRENT_TIMESTAMP,CURRENT_TIMESTAMP,200000110,200005181,2,Aksesori Koper,000000110
CURRENT_TIMESTAMP,CURRENT_TIMESTAMP,200006919,200000110,2,Botol & Wadah untuk Perjalanan,000006919
CURRENT_TIMESTAMP,CURRENT_TIMESTAMP,200007521,200000110,2,Cover Pelindung Koper,000007521
CURRENT_TIMESTAMP,CURRENT_TIMESTAMP,200005650,200000110,2,Kantong Travel,000005650
CURRENT_TIMESTAMP,CURRENT_TIMESTAMP,200005651,200000110,2,Label Koper,000005651
CURRENT_TIMESTAMP,CURRENT_TIMESTAMP,200503014,200000110,2,Pelapis & Bantalan Dry Box,000503014
CURRENT_TIMESTAMP,CURRENT_TIMESTAMP,200499691,200000110,2,Rak & Dudukan Koper,000499691
CURRENT_TIMESTAMP,CURRENT_TIMESTAMP,200005652,200000110,2,Sabuk Koper,000005652
CURRENT_TIMESTAMP,CURRENT_TIMESTAMP,200005620,200000110,2,Tas Kemas Berbagai Ukuran,000005620
CURRENT_TIMESTAMP,CURRENT_TIMESTAMP,200000107,200005181,2,Koper Baju,000000107
CURRENT_TIMESTAMP,CURRENT_TIMESTAMP,200502974,200005181,2,Kotak Kering,000502974
CURRENT_TIMESTAMP,CURRENT_TIMESTAMP,200006553,200005181,2,Kotak Makeup,000006553
CURRENT_TIMESTAMP,CURRENT_TIMESTAMP,200005608,200005181,2,Tas Belanja,000005608
CURRENT_TIMESTAMP,CURRENT_TIMESTAMP,200000103,200005181,2,Tas Duffel,000000103
CURRENT_TIMESTAMP,CURRENT_TIMESTAMP,200000101,200005181,2,Tas Kerja,000000101
CURRENT_TIMESTAMP,CURRENT_TIMESTAMP,200000108,200005181,2,Tas Kosmetik & Rias,000000108
CURRENT_TIMESTAMP,CURRENT_TIMESTAMP,200000105,200005181,2,Tas Pakaian,000000105
CURRENT_TIMESTAMP,CURRENT_TIMESTAMP,200000104,200005181,2,Tas Pinggang,000000104
CURRENT_TIMESTAMP,CURRENT_TIMESTAMP,200000549,200005181,2,Tas Popok,000000549
CURRENT_TIMESTAMP,CURRENT_TIMESTAMP,200000100,200005181,2,Tas Punggung,000000100
CURRENT_TIMESTAMP,CURRENT_TIMESTAMP,200000106,200005181,2,Tas Selempang,000000106
CURRENT_TIMESTAMP,CURRENT_TIMESTAMP,200001239,null,2,Mainan & Permainan,000001239
CURRENT_TIMESTAMP,CURRENT_TIMESTAMP,200001253,200001239,2,Mainan,000001253
CURRENT_TIMESTAMP,CURRENT_TIMESTAMP,200005970,200001253,2,Aksesori Kendaraan Mainan,000005970
CURRENT_TIMESTAMP,CURRENT_TIMESTAMP,200005153,200005970,2,Aksesori Kereta Mainan,000005153
CURRENT_TIMESTAMP,CURRENT_TIMESTAMP,200005971,200005970,2,Aksesori Mobil & Jalur Balap,000005971
CURRENT_TIMESTAMP,CURRENT_TIMESTAMP,200007311,200001253,2,Aksesori Kolam Mandi Bola,000007311
CURRENT_TIMESTAMP,CURRENT_TIMESTAMP,200007312,200007311,2,Bola Kolam Mandi Bola,000007312
CURRENT_TIMESTAMP,CURRENT_TIMESTAMP,200008127,200001253,2,Aksesori Mainan Olahraga,000008127
CURRENT_TIMESTAMP,CURRENT_TIMESTAMP,200008129,200008127,2,Aksesori Mainan Kebugaran,000008129
CURRENT_TIMESTAMP,CURRENT_TIMESTAMP,200008128,200008129,2,Aksesori Hulahup,000008128
CURRENT_TIMESTAMP,CURRENT_TIMESTAMP,200002778,200001253,2,Aksesori Mainan Remote Control,000002778
CURRENT_TIMESTAMP,CURRENT_TIMESTAMP,200007366,200001253,2,Aksesori Mainan Terbang,000007366
CURRENT_TIMESTAMP,CURRENT_TIMESTAMP,200007368,200007366,2,Aksesori Layang-layang,000007368
CURRENT_TIMESTAMP,CURRENT_TIMESTAMP,200007371,200007368,2,Pemutar & Gulungan Benang Layang-layang,000007371
CURRENT_TIMESTAMP,CURRENT_TIMESTAMP,200007202,200001253,2,Aksesori Mainan Tunggangan,000007202
CURRENT_TIMESTAMP,CURRENT_TIMESTAMP,200500005,200001253,2,Aksesori Senjata & Gadget Mainan,000500005
CURRENT_TIMESTAMP,CURRENT_TIMESTAMP,200001255,200001253,2,Boneka,000001255
CURRENT_TIMESTAMP,CURRENT_TIMESTAMP,200006058,200001255,2,Action Figure & Mainan Koleksi,000006058
CURRENT_TIMESTAMP,CURRENT_TIMESTAMP,200003584,200001255,2,Aksesori Boneka & Action Figure,000003584
CURRENT_TIMESTAMP,CURRENT_TIMESTAMP,200002497,200001255,2,Aksesori Rumah Boneka,000002497
CURRENT_TIMESTAMP,CURRENT_TIMESTAMP,200001257,200001255,2,Boneka,000001257
CURRENT_TIMESTAMP,CURRENT_TIMESTAMP,200007114,200001255,2,Boneka Angguk,000007114
CURRENT_TIMESTAMP,CURRENT_TIMESTAMP,200001259,200001255,2,Boneka Binatang,000001259
CURRENT_TIMESTAMP,CURRENT_TIMESTAMP,200008021,200001255,2,Boneka Kertas & Magnetik,000008021
CURRENT_TIMESTAMP,CURRENT_TIMESTAMP,200006056,200001255,2,Boneka Puppet & Aksesori Teater Boneka,000006056
CURRENT_TIMESTAMP,CURRENT_TIMESTAMP,200001258,200001255,2,Boneka Tangan & Marionette,000001258
CURRENT_TIMESTAMP,CURRENT_TIMESTAMP,200002499,200001255,2,Rumah Boneka,000002499
CURRENT_TIMESTAMP,CURRENT_TIMESTAMP,200003166,200001255,2,Set Mainan Bertema,000003166
CURRENT_TIMESTAMP,CURRENT_TIMESTAMP,200006057,200001255,2,Teater Boneka,000006057
CURRENT_TIMESTAMP,CURRENT_TIMESTAMP,200002505,200001253,2,Kendaraan Mainan,000002505
CURRENT_TIMESTAMP,CURRENT_TIMESTAMP,200003506,200002505,2,Helikopter Mainan,000003506
CURRENT_TIMESTAMP,CURRENT_TIMESTAMP,200005152,200002505,2,Kereta Mainan & Set Kereta,000005152
CURRENT_TIMESTAMP,CURRENT_TIMESTAMP,200003551,200002505,2,Mobil Mainan,000003551
CURRENT_TIMESTAMP,CURRENT_TIMESTAMP,200003792,200002505,2,Perahu Mainan,000003792
CURRENT_TIMESTAMP,CURRENT_TIMESTAMP,200003589,200002505,2,Pesawat Ruang Angkasa Mainan,000003589
CURRENT_TIMESTAMP,CURRENT_TIMESTAMP,200003444,200002505,2,Pesawat Terbang Mainan,000003444
CURRENT_TIMESTAMP,CURRENT_TIMESTAMP,200003590,200002505,2,Sepeda Motor Mainan,000003590
CURRENT_TIMESTAMP,CURRENT_TIMESTAMP,200003474,200002505,2,Set Mobil Balap & Lintasannya,000003474
CURRENT_TIMESTAMP,CURRENT_TIMESTAMP,200003296,200002505,2,Truk & Kendaraan Konstruksi Mainan,000003296
CURRENT_TIMESTAMP,CURRENT_TIMESTAMP,200499712,200001253,2,Keranjang Hadiah Mainan,000499712
CURRENT_TIMESTAMP,CURRENT_TIMESTAMP,200003207,200001253,2,Kolam Mandi Bola,000003207
CURRENT_TIMESTAMP,CURRENT_TIMESTAMP,200004352,200001253,2,Mainan Aktivitas,000004352
CURRENT_TIMESTAMP,CURRENT_TIMESTAMP,200007148,200004352,2,Bagian & Aksesori Yoyo,000007148
CURRENT_TIMESTAMP,CURRENT_TIMESTAMP,200003733,200004352,2,Bola Bekel,000003733
CURRENT_TIMESTAMP,CURRENT_TIMESTAMP,200004216,200004352,2,Jack Mainan,000004216
CURRENT_TIMESTAMP,CURRENT_TIMESTAMP,200003534,200004352,2,Kelereng,000003534
CURRENT_TIMESTAMP,CURRENT_TIMESTAMP,200003212,200004352,2,Larutan Gelembung Sabun,000003212
CURRENT_TIMESTAMP,CURRENT_TIMESTAMP,200003466,200004352,2,Mainan Gasing,000003466
CURRENT_TIMESTAMP,CURRENT_TIMESTAMP,200007425,200004352,2,Mainan Paddleball,000007425
CURRENT_TIMESTAMP,CURRENT_TIMESTAMP,200003874,200004352,2,Mainan Peniup Gelembung,000003874
CURRENT_TIMESTAMP,CURRENT_TIMESTAMP,200007473,200004352,2,Mainan Pita & Rumbai,000007473
CURRENT_TIMESTAMP,CURRENT_TIMESTAMP,200004177,200004352,2,Pegas Mainan,000004177
CURRENT_TIMESTAMP,CURRENT_TIMESTAMP,200007519,200004352,2,Permainan Bola & Gelas,000007519
CURRENT_TIMESTAMP,CURRENT_TIMESTAMP,200003929,200004352,2,Yoyo,000003929
CURRENT_TIMESTAMP,CURRENT_TIMESTAMP,200002799,200001253,2,Mainan Berkendara,000002799
CURRENT_TIMESTAMP,CURRENT_TIMESTAMP,200006379,200002799,2,Gerobak Mainan Anak,000006379
CURRENT_TIMESTAMP,CURRENT_TIMESTAMP,200002753,200002799,2,Kendaraan Elektrik Mainan,000002753
CURRENT_TIMESTAMP,CURRENT_TIMESTAMP,200002724,200002799,2,Kendaraan Mainan Dorong & Kayuh,000002724
CURRENT_TIMESTAMP,CURRENT_TIMESTAMP,200006407,200002799,2,Kuda-kudaan,000006407
CURRENT_TIMESTAMP,CURRENT_TIMESTAMP,200003441,200002799,2,Mainan Kursi Goyang & Jungkat-Jungkit,000003441
CURRENT_TIMESTAMP,CURRENT_TIMESTAMP,200001262,200001253,2,Mainan Edukatif,000001262
CURRENT_TIMESTAMP,CURRENT_TIMESTAMP,200500015,200001262,2,Flash Card Edukatif,000500015
CURRENT_TIMESTAMP,CURRENT_TIMESTAMP,200003500,200001262,2,Mainan Peralatan Sains & Penjelajahan,000003500
CURRENT_TIMESTAMP,CURRENT_TIMESTAMP,200003088,200001262,2,Mainan Sarang Semut,000003088
CURRENT_TIMESTAMP,CURRENT_TIMESTAMP,200005529,200001262,2,Mainan untuk Belajar Membaca,000005529
CURRENT_TIMESTAMP,CURRENT_TIMESTAMP,200499938,200001262,2,Model & Mainan Astronomi,000499938
CURRENT_TIMESTAMP,CURRENT_TIMESTAMP,200003928,200001262,2,Peralatan Koleksi Serangga,000003928
CURRENT_TIMESTAMP,CURRENT_TIMESTAMP,200006466,200001262,2,Sempoa Mainan,000006466
CURRENT_TIMESTAMP,CURRENT_TIMESTAMP,200003074,200001253,2,Mainan Eksekutif,000003074
CURRENT_TIMESTAMP,CURRENT_TIMESTAMP,200005872,200003074,2,Mainan Magnet,000005872
CURRENT_TIMESTAMP,CURRENT_TIMESTAMP,200003911,200001253,2,Mainan Mandi,000003911
CURRENT_TIMESTAMP,CURRENT_TIMESTAMP,200001264,200001253,2,Mainan Musik,000001264
CURRENT_TIMESTAMP,CURRENT_TIMESTAMP,200003252,200001264,2,Alat Musik Mainan,000003252
CURRENT_TIMESTAMP,CURRENT_TIMESTAMP,200001266,200001253,2,Mainan Olahraga,000001266
CURRENT_TIMESTAMP,CURRENT_TIMESTAMP,200003371,200001266,2,Bola Sepak Bola Amerika Mainan,000003371
CURRENT_TIMESTAMP,CURRENT_TIMESTAMP,200003675,200001266,2,Bumerang,000003675
CURRENT_TIMESTAMP,CURRENT_TIMESTAMP,200500113,200001266,2,Fingerboard & Perlengkapan Fingerboard,000500113
CURRENT_TIMESTAMP,CURRENT_TIMESTAMP,200003909,200001266,2,Footbag,000003909
CURRENT_TIMESTAMP,CURRENT_TIMESTAMP,200003776,200001266,2,Mainan Baseball,000003776
CURRENT_TIMESTAMP,CURRENT_TIMESTAMP,200003552,200001266,2,Mainan Bola Basket,000003552
CURRENT_TIMESTAMP,CURRENT_TIMESTAMP,200003665,200001266,2,Mainan Bowling,000003665
CURRENT_TIMESTAMP,CURRENT_TIMESTAMP,200003199,200001266,2,Mainan Fitness,000003199
CURRENT_TIMESTAMP,CURRENT_TIMESTAMP,200003215,200003199,2,Hulahup,000003215
CURRENT_TIMESTAMP,CURRENT_TIMESTAMP,200003226,200001266,2,Mainan Golf,000003226
CURRENT_TIMESTAMP,CURRENT_TIMESTAMP,200003943,200001266,2,Mainan Hoki,000003943
CURRENT_TIMESTAMP,CURRENT_TIMESTAMP,200505284,200001266,2,Mainan Olahraga Raket,000505284
CURRENT_TIMESTAMP,CURRENT_TIMESTAMP,200008529,200001266,2,Mainan Pancing,000008529
CURRENT_TIMESTAMP,CURRENT_TIMESTAMP,200004167,200001266,2,Piring Frisbee,000004167
CURRENT_TIMESTAMP,CURRENT_TIMESTAMP,200499965,200001266,2,Playground Ball,000499965
CURRENT_TIMESTAMP,CURRENT_TIMESTAMP,200001268,200001253,2,Mainan Pantai & Pasir,000001268
CURRENT_TIMESTAMP,CURRENT_TIMESTAMP,200002546,200001253,2,Mainan Remote Control,000002546
CURRENT_TIMESTAMP,CURRENT_TIMESTAMP,200003554,200002546,2,Helikopter Remote Control,000003554
CURRENT_TIMESTAMP,CURRENT_TIMESTAMP,200003601,200002546,2,Mobil & Truk Remote Control,000003601
CURRENT_TIMESTAMP,CURRENT_TIMESTAMP,200003532,200002546,2,Perahu & Kendaraan Air Remote Control,000003532
CURRENT_TIMESTAMP,CURRENT_TIMESTAMP,200007090,200002546,2,Pesawat & Balon Udara Remote Control,000007090
CURRENT_TIMESTAMP,CURRENT_TIMESTAMP,200003677,200002546,2,Pesawat Remote Control,000003677
CURRENT_TIMESTAMP,CURRENT_TIMESTAMP,200006059,200002546,2,Robot Remote Control,000006059
CURRENT_TIMESTAMP,CURRENT_TIMESTAMP,200005968,200002546,2,Sepeda Motor Remote Control,000005968
CURRENT_TIMESTAMP,CURRENT_TIMESTAMP,200005969,200002546,2,Tank Remote Control,000005969
CURRENT_TIMESTAMP,CURRENT_TIMESTAMP,200003625,200001253,2,Mainan Robot,000003625
CURRENT_TIMESTAMP,CURRENT_TIMESTAMP,200003731,200001253,2,Mainan Seni & Menggambar,000003731
CURRENT_TIMESTAMP,CURRENT_TIMESTAMP,200505818,200003731,2,Lilin Mainan & Dempul,000505818
CURRENT_TIMESTAMP,CURRENT_TIMESTAMP,200003079,200003731,2,Tablet untuk Menggambar Mainan,000003079
CURRENT_TIMESTAMP,CURRENT_TIMESTAMP,200001254,200001253,2,Mainan Susun Balok,000001254
CURRENT_TIMESTAMP,CURRENT_TIMESTAMP,200003287,200001254,2,Balok Bongkar Pasang,000003287
CURRENT_TIMESTAMP,CURRENT_TIMESTAMP,200003172,200001254,2,Balok Busa,000003172
CURRENT_TIMESTAMP,CURRENT_TIMESTAMP,200003617,200001254,2,Mainan Balok Kayu,000003617
CURRENT_TIMESTAMP,CURRENT_TIMESTAMP,200003805,200001254,2,Mainan Set Konstruksi,000003805
CURRENT_TIMESTAMP,CURRENT_TIMESTAMP,200003163,200001254,2,Set Lintasan Kelereng,000003163
CURRENT_TIMESTAMP,CURRENT_TIMESTAMP,200001261,200001253,2,Mainan Terbang,000001261
CURRENT_TIMESTAMP,CURRENT_TIMESTAMP,200003460,200001261,2,Layang-Layang,000003460
CURRENT_TIMESTAMP,CURRENT_TIMESTAMP,200003263,200001261,2,Parasut Mainan,000003263
CURRENT_TIMESTAMP,CURRENT_TIMESTAMP,200003378,200001261,2,Pesawat Luncur Mainan,000003378
CURRENT_TIMESTAMP,CURRENT_TIMESTAMP,200003966,200001261,2,Roket Udara & Air,000003966
CURRENT_TIMESTAMP,CURRENT_TIMESTAMP,200003562,200001253,2,Mainan Visual,000003562
CURRENT_TIMESTAMP,CURRENT_TIMESTAMP,200003301,200003562,2,Kaleidoskop,000003301
CURRENT_TIMESTAMP,CURRENT_TIMESTAMP,200003782,200003562,2,Prisma,000003782
CURRENT_TIMESTAMP,CURRENT_TIMESTAMP,200002953,200001253,2,Mainan Wind-Up,000002953
CURRENT_TIMESTAMP,CURRENT_TIMESTAMP,200003229,200001253,2,Permainan Pura-pura,000003229
CURRENT_TIMESTAMP,CURRENT_TIMESTAMP,200003659,200003229,2,Alat Elektronik Mainan,000003659
CURRENT_TIMESTAMP,CURRENT_TIMESTAMP,200003298,200003229,2,Dapur Mainan & Makanan Mainan,000003298
CURRENT_TIMESTAMP,CURRENT_TIMESTAMP,200003288,200003229,2,Halaman Rumput & Taman Mainan,000003288
CURRENT_TIMESTAMP,CURRENT_TIMESTAMP,200008295,200003229,2,Mainan Belanja,000008295
CURRENT_TIMESTAMP,CURRENT_TIMESTAMP,200004004,200003229,2,Mainan Peralatan Rumah Tangga,000004004
CURRENT_TIMESTAMP,CURRENT_TIMESTAMP,200003129,200003229,2,Mainan Profesi & Peran,000003129
CURRENT_TIMESTAMP,CURRENT_TIMESTAMP,200003751,200003229,2,Perkakas Mainan,000003751
CURRENT_TIMESTAMP,CURRENT_TIMESTAMP,200003680,200003229,2,Uang & Perlengkapan Bank Mainan,000003680
CURRENT_TIMESTAMP,CURRENT_TIMESTAMP,200003627,200001253,2,Senjata & Gadget Mainan,000003627
CURRENT_TIMESTAMP,CURRENT_TIMESTAMP,200001249,200001239,2,Peralatan Bermain Luar Ruangan,000001249
CURRENT_TIMESTAMP,CURRENT_TIMESTAMP,200007219,200001249,2,Aksesori Istana Balon,000007219
CURRENT_TIMESTAMP,CURRENT_TIMESTAMP,200006269,200001249,2,Aksesori Set Ayunan & Set Mainan,000006269
CURRENT_TIMESTAMP,CURRENT_TIMESTAMP,200005524,200001249,2,Aksesori Trampolin,000005524
CURRENT_TIMESTAMP,CURRENT_TIMESTAMP,200006270,200001249,2,Ayunan,000006270
CURRENT_TIMESTAMP,CURRENT_TIMESTAMP,200003948,200001249,2,Egrang,000003948
CURRENT_TIMESTAMP,CURRENT_TIMESTAMP,200006396,200001249,2,Istana Balon,000006396
CURRENT_TIMESTAMP,CURRENT_TIMESTAMP,200006450,200001249,2,Jungkat-jungkit,000006450
CURRENT_TIMESTAMP,CURRENT_TIMESTAMP,200002743,200001249,2,Kotak Pasir,000002743
CURRENT_TIMESTAMP,CURRENT_TIMESTAMP,200006464,200001249,2,Perlengkapan Bermain Air,000006464
CURRENT_TIMESTAMP,CURRENT_TIMESTAMP,200003556,200006464,2,Mainan Meja Air,000003556
CURRENT_TIMESTAMP,CURRENT_TIMESTAMP,200006465,200006464,2,Mainan Penyiram Air,000006465
CURRENT_TIMESTAMP,CURRENT_TIMESTAMP,200500095,200006464,2,Taman & Seluncuran Air,000500095
CURRENT_TIMESTAMP,CURRENT_TIMESTAMP,200001251,200001249,2,Rumah-Rumahan,000001251
CURRENT_TIMESTAMP,CURRENT_TIMESTAMP,200002867,200001249,2,Seluncuran,000002867
CURRENT_TIMESTAMP,CURRENT_TIMESTAMP,200006271,200001249,2,Set Ayunan & Set Mainan,000006271
CURRENT_TIMESTAMP,CURRENT_TIMESTAMP,200006397,200001249,2,Tenda & Terowongan Mainan,000006397
CURRENT_TIMESTAMP,CURRENT_TIMESTAMP,200001863,200001249,2,Tongkat Lompat,000001863
CURRENT_TIMESTAMP,CURRENT_TIMESTAMP,200001738,200001249,2,Trampolin,000001738
CURRENT_TIMESTAMP,CURRENT_TIMESTAMP,200003793,200001239,2,Permainan,000003793
CURRENT_TIMESTAMP,CURRENT_TIMESTAMP,200007383,200003793,2,Aksesori Chip Poker,000007383
CURRENT_TIMESTAMP,CURRENT_TIMESTAMP,200007384,200007383,2,Wadah & Nampan Chip Poker,000007384
CURRENT_TIMESTAMP,CURRENT_TIMESTAMP,200006794,200003793,2,Aksesori Gasing Battle Top,000006794
CURRENT_TIMESTAMP,CURRENT_TIMESTAMP,200006853,200003793,2,Aksesori Permainan Kartu,000006853
CURRENT_TIMESTAMP,CURRENT_TIMESTAMP,200005403,200003793,2,Chip & Set Poker,000005403
CURRENT_TIMESTAMP,CURRENT_TIMESTAMP,200004554,200003793,2,Game Elektronik Portabel,000004554
CURRENT_TIMESTAMP,CURRENT_TIMESTAMP,200006329,200003793,2,Gasing Battle Top,000006329
CURRENT_TIMESTAMP,CURRENT_TIMESTAMP,200008472,200003793,2,Mesin Slot,000008472
CURRENT_TIMESTAMP,CURRENT_TIMESTAMP,200007411,200003793,2,Perlengkapan Blackjack & Crap,000007411
CURRENT_TIMESTAMP,CURRENT_TIMESTAMP,200003749,200003793,2,Perlengkapan Permainan Bingo,000003749
CURRENT_TIMESTAMP,CURRENT_TIMESTAMP,200001247,200003793,2,Permainan Kartu,000001247
CURRENT_TIMESTAMP,CURRENT_TIMESTAMP,200006054,200003793,2,Permainan Ketangkasan,000006054
CURRENT_TIMESTAMP,CURRENT_TIMESTAMP,200006038,200003793,2,Permainan Kotak,000006038
CURRENT_TIMESTAMP,CURRENT_TIMESTAMP,200001246,200003793,2,Permainan Papan,000001246
CURRENT_TIMESTAMP,CURRENT_TIMESTAMP,200007412,200003793,2,Roda & Perlengkapan Roulette,000007412
CURRENT_TIMESTAMP,CURRENT_TIMESTAMP,200006037,200003793,2,Set & Permainan Dadu,000006037
CURRENT_TIMESTAMP,CURRENT_TIMESTAMP,200003867,200001239,2,Teka-Teki,000003867
CURRENT_TIMESTAMP,CURRENT_TIMESTAMP,200007081,200003867,2,Aksesori Teka-Teki Jigsaw,000007081
CURRENT_TIMESTAMP,CURRENT_TIMESTAMP,200006725,200003867,2,Puzzle Kayu & Puzzle Bongkar Pasang,000006725
CURRENT_TIMESTAMP,CURRENT_TIMESTAMP,200002618,200003867,2,Teka-Teki Jigsaw,000002618
CURRENT_TIMESTAMP,CURRENT_TIMESTAMP,200004011,200003867,2,Teka-Teki Mekanik,000004011
CURRENT_TIMESTAMP,CURRENT_TIMESTAMP,200004648,200001239,2,Timer Game,000004648
CURRENT_TIMESTAMP,CURRENT_TIMESTAMP,200000412,null,2,Makanan,000000412
CURRENT_TIMESTAMP,CURRENT_TIMESTAMP,200000422,200000412,2,Item Makanan,000000422
CURRENT_TIMESTAMP,CURRENT_TIMESTAMP,200002660,200000422,2,Bahan Baku Memasak & Membuat Kue,000002660
CURRENT_TIMESTAMP,CURRENT_TIMESTAMP,200005752,200002660,2,Adonan,000005752
CURRENT_TIMESTAMP,CURRENT_TIMESTAMP,200005756,200005752,2,Adonan Kue & Brownie,000005756
CURRENT_TIMESTAMP,CURRENT_TIMESTAMP,200005755,200005752,2,Adonan Roti & Pastri,000005755
CURRENT_TIMESTAMP,CURRENT_TIMESTAMP,200005753,200005752,2,Kulit Pai,000005753
CURRENT_TIMESTAMP,CURRENT_TIMESTAMP,200002572,200002660,2,Adonan Mentah,000002572
CURRENT_TIMESTAMP,CURRENT_TIMESTAMP,200005778,200002660,2,Adonan Wafel & Panekuk Instan,000005778
CURRENT_TIMESTAMP,CURRENT_TIMESTAMP,200005777,200002660,2,Arak Masak,000005777
CURRENT_TIMESTAMP,CURRENT_TIMESTAMP,200005105,200002660,2,Bahan Dasar Gulali,000005105
CURRENT_TIMESTAMP,CURRENT_TIMESTAMP,200005774,200002660,2,Baking Soda,000005774
CURRENT_TIMESTAMP,CURRENT_TIMESTAMP,200002803,200002660,2,Bubuk Pengembang,000002803
CURRENT_TIMESTAMP,CURRENT_TIMESTAMP,200006754,200002660,2,Choco Chip,000006754
CURRENT_TIMESTAMP,CURRENT_TIMESTAMP,200005776,200002660,2,Cokelat Masak,000005776
CURRENT_TIMESTAMP,CURRENT_TIMESTAMP,200002140,200002660,2,Cuka,000002140
CURRENT_TIMESTAMP,CURRENT_TIMESTAMP,200005775,200002660,2,Ekstrak & Perasa Kue,000005775
CURRENT_TIMESTAMP,CURRENT_TIMESTAMP,200005769,200002660,2,Frosting & Icing,000005769
CURRENT_TIMESTAMP,CURRENT_TIMESTAMP,200005768,200002660,2,Gelatin Tanpa Rasa,000005768
CURRENT_TIMESTAMP,CURRENT_TIMESTAMP,200503734,200002660,2,Gula & Pemanis,000503734
CURRENT_TIMESTAMP,CURRENT_TIMESTAMP,200006775,200002660,2,Hiasan Kue yang Bisa Dimakan,000006775
CURRENT_TIMESTAMP,CURRENT_TIMESTAMP,200005800,200002660,2,Isian Pai & Pastri,000005800
CURRENT_TIMESTAMP,CURRENT_TIMESTAMP,200499986,200002660,2,Jus Lemon & Limau,000499986
CURRENT_TIMESTAMP,CURRENT_TIMESTAMP,200007354,200002660,2,Kultur Starter,000007354
CURRENT_TIMESTAMP,CURRENT_TIMESTAMP,200005767,200002660,2,Marshmallow,000005767
CURRENT_TIMESTAMP,CURRENT_TIMESTAMP,200005765,200002660,2,Mentega Putih & Minyak Babi,000005765
CURRENT_TIMESTAMP,CURRENT_TIMESTAMP,200002126,200002660,2,Minyak Goreng,000002126
CURRENT_TIMESTAMP,CURRENT_TIMESTAMP,200005766,200002660,2,Molase,000005766
CURRENT_TIMESTAMP,CURRENT_TIMESTAMP,200499707,200002660,2,Mutiara Tapioka,000499707
CURRENT_TIMESTAMP,CURRENT_TIMESTAMP,200006922,200002660,2,Pasta Tomat,000006922
CURRENT_TIMESTAMP,CURRENT_TIMESTAMP,200005771,200002660,2,Pati,000005771
CURRENT_TIMESTAMP,CURRENT_TIMESTAMP,200007506,200002660,2,Perlengkapan Dekorasi Kue,000007506
CURRENT_TIMESTAMP,CURRENT_TIMESTAMP,200007127,200002660,2,Pewarna Makanan,000007127
CURRENT_TIMESTAMP,CURRENT_TIMESTAMP,200002905,200002660,2,Ragi,000002905
CURRENT_TIMESTAMP,CURRENT_TIMESTAMP,200004613,200002660,2,Selai Kacang Merah,000004613
CURRENT_TIMESTAMP,CURRENT_TIMESTAMP,200005770,200002660,2,Sirup Jagung,000005770
CURRENT_TIMESTAMP,CURRENT_TIMESTAMP,200500093,200002660,2,Susu Kalengan & Bubuk,000500093
CURRENT_TIMESTAMP,CURRENT_TIMESTAMP,200002775,200002660,2,Tepung,000002775
CURRENT_TIMESTAMP,CURRENT_TIMESTAMP,200006774,200002660,2,Tepung Adonan Pelapis Instan,000006774
CURRENT_TIMESTAMP,CURRENT_TIMESTAMP,200008076,200002660,2,Tepung Kasar,000008076
CURRENT_TIMESTAMP,CURRENT_TIMESTAMP,200005773,200002660,2,Tepung Roti,000005773
CURRENT_TIMESTAMP,CURRENT_TIMESTAMP,200000427,200000422,2,Bahan Penyedap & Saus,000000427
CURRENT_TIMESTAMP,CURRENT_TIMESTAMP,200500076,200000427,2,Acar Buah & Sayur,000500076
CURRENT_TIMESTAMP,CURRENT_TIMESTAMP,200005760,200000427,2,Buah Zaitun & Caper,000005760
CURRENT_TIMESTAMP,CURRENT_TIMESTAMP,200500075,200000427,2,Bumbu Celup & Oles dari Buah & Sayuran,000500075
CURRENT_TIMESTAMP,CURRENT_TIMESTAMP,200004615,200000427,2,Bumbu Sate,000004615
CURRENT_TIMESTAMP,CURRENT_TIMESTAMP,200004616,200000427,2,Kecap Asin,000004616
CURRENT_TIMESTAMP,CURRENT_TIMESTAMP,200006246,200000427,2,Kecap Inggris,000006246
CURRENT_TIMESTAMP,CURRENT_TIMESTAMP,200004947,200000427,2,Madu,000004947
CURRENT_TIMESTAMP,CURRENT_TIMESTAMP,200500074,200000427,2,Marinade & Saus Panggang,000500074
CURRENT_TIMESTAMP,CURRENT_TIMESTAMP,200001568,200000427,2,Mayones,000001568
CURRENT_TIMESTAMP,CURRENT_TIMESTAMP,200001387,200000427,2,Mustar,000001387
CURRENT_TIMESTAMP,CURRENT_TIMESTAMP,200500089,200000427,2,Saus Asam Manis,000500089
CURRENT_TIMESTAMP,CURRENT_TIMESTAMP,200005762,200000427,2,Saus Gravy,000005762
CURRENT_TIMESTAMP,CURRENT_TIMESTAMP,200005763,200000427,2,Saus Ikan,000005763
CURRENT_TIMESTAMP,CURRENT_TIMESTAMP,200006905,200000427,2,Saus Kari,000006905
CURRENT_TIMESTAMP,CURRENT_TIMESTAMP,200006772,200000427,2,Saus Koktail,000006772
CURRENT_TIMESTAMP,CURRENT_TIMESTAMP,200006782,200000427,2,Saus Lobak Pedas,000006782
CURRENT_TIMESTAMP,CURRENT_TIMESTAMP,200005759,200000427,2,Saus Pasta,000005759
CURRENT_TIMESTAMP,CURRENT_TIMESTAMP,200006203,200000427,2,Saus Pizza,000006203
CURRENT_TIMESTAMP,CURRENT_TIMESTAMP,200500105,200000427,2,Saus Putih & Krim,000500105
CURRENT_TIMESTAMP,CURRENT_TIMESTAMP,200001969,200000427,2,Saus Salad,000001969
CURRENT_TIMESTAMP,CURRENT_TIMESTAMP,200004614,200000427,2,Saus Sambal,000004614
CURRENT_TIMESTAMP,CURRENT_TIMESTAMP,200006783,200000427,2,Saus Tartar,000006783
CURRENT_TIMESTAMP,CURRENT_TIMESTAMP,200002018,200000427,2,Saus Tomat,000002018
CURRENT_TIMESTAMP,CURRENT_TIMESTAMP,200004943,200000427,2,Sirup,000004943
CURRENT_TIMESTAMP,CURRENT_TIMESTAMP,200006845,200000427,2,Taburan Makanan Penutup,000006845
CURRENT_TIMESTAMP,CURRENT_TIMESTAMP,200006844,200006845,2,Sirup Es Krim,000006844
CURRENT_TIMESTAMP,CURRENT_TIMESTAMP,200006854,200006845,2,Taburan Buah,000006854
CURRENT_TIMESTAMP,CURRENT_TIMESTAMP,200004692,200000427,2,Tahini,000004692
CURRENT_TIMESTAMP,CURRENT_TIMESTAMP,200004608,200000422,2,Bumbu & Rempah-rempah,000004608
CURRENT_TIMESTAMP,CURRENT_TIMESTAMP,200004611,200004608,2,Garam,000004611
CURRENT_TIMESTAMP,CURRENT_TIMESTAMP,200001529,200004608,2,Herba & Rempah,000001529
CURRENT_TIMESTAMP,CURRENT_TIMESTAMP,200006199,200004608,2,Lada,000006199
CURRENT_TIMESTAMP,CURRENT_TIMESTAMP,200004610,200004608,2,MSG,000004610
CURRENT_TIMESTAMP,CURRENT_TIMESTAMP,200005740,200000422,2,Cocolan & Olesan,000005740
CURRENT_TIMESTAMP,CURRENT_TIMESTAMP,200006831,200005740,2,Cocolan & Olesan Keju,000006831
CURRENT_TIMESTAMP,CURRENT_TIMESTAMP,200006830,200005740,2,Cocolan Sayur,000006830
CURRENT_TIMESTAMP,CURRENT_TIMESTAMP,200005742,200005740,2,Guacamole,000005742
CURRENT_TIMESTAMP,CURRENT_TIMESTAMP,200005741,200005740,2,Hummus,000005741
CURRENT_TIMESTAMP,CURRENT_TIMESTAMP,200005785,200005740,2,Keju Krim,000005785
CURRENT_TIMESTAMP,CURRENT_TIMESTAMP,200006204,200005740,2,Mentega Apel,000006204
CURRENT_TIMESTAMP,CURRENT_TIMESTAMP,200001702,200005740,2,Saus Salsa,000001702
CURRENT_TIMESTAMP,CURRENT_TIMESTAMP,200002188,200005740,2,Selai & Jeli,000002188
CURRENT_TIMESTAMP,CURRENT_TIMESTAMP,200003965,200005740,2,Selai Kacang,000003965
CURRENT_TIMESTAMP,CURRENT_TIMESTAMP,200006784,200005740,2,Tapenade,000006784
CURRENT_TIMESTAMP,CURRENT_TIMESTAMP,200000432,200000422,2,Daging,000000432
CURRENT_TIMESTAMP,CURRENT_TIMESTAMP,200004628,200000432,2,Daging,000004628
CURRENT_TIMESTAMP,CURRENT_TIMESTAMP,200005811,200004628,2,Daging Kalengan,000005811
CURRENT_TIMESTAMP,CURRENT_TIMESTAMP,200005804,200004628,2,Daging Makan Siang & Deli,000005804
CURRENT_TIMESTAMP,CURRENT_TIMESTAMP,200005805,200004628,2,Daging Segar & Beku,000005805
CURRENT_TIMESTAMP,CURRENT_TIMESTAMP,200004629,null,2,Hidangan Laut,000004629
CURRENT_TIMESTAMP,CURRENT_TIMESTAMP,200005813,200004629,2,Makanan Kalengan,000005813
CURRENT_TIMESTAMP,CURRENT_TIMESTAMP,200005812,200004629,2,Makanan Laut Segar & Beku,000005812
CURRENT_TIMESTAMP,CURRENT_TIMESTAMP,200004627,null,2,Telur,000004627
CURRENT_TIMESTAMP,CURRENT_TIMESTAMP,200000433,200000422,2,Kacang-Kacangan & Biji-Bijian,000000433
CURRENT_TIMESTAMP,CURRENT_TIMESTAMP,200000136,200000422,2,Keranjang Bingkisan Makanan,000000136
CURRENT_TIMESTAMP,CURRENT_TIMESTAMP,200000423,200000422,2,Makanan Camilan,000000423
CURRENT_TIMESTAMP,CURRENT_TIMESTAMP,200001534,200000423,2,Berondong Jagung,000001534
CURRENT_TIMESTAMP,CURRENT_TIMESTAMP,200001445,200000423,2,Biskuit Cracker,000001445
CURRENT_TIMESTAMP,CURRENT_TIMESTAMP,200007159,200000423,2,Breadstick,000007159
CURRENT_TIMESTAMP,CURRENT_TIMESTAMP,200005744,200000423,2,Camilan Buah,000005744
CURRENT_TIMESTAMP,CURRENT_TIMESTAMP,200005745,200000423,2,Campuran Camilan & Kacang-kacangan,000005745
CURRENT_TIMESTAMP,CURRENT_TIMESTAMP,200006192,200000423,2,Cheese Puff,000006192
CURRENT_TIMESTAMP,CURRENT_TIMESTAMP,200005746,200000423,2,Crouton,000005746
CURRENT_TIMESTAMP,CURRENT_TIMESTAMP,200003284,200000423,2,Dendeng,000003284
CURRENT_TIMESTAMP,CURRENT_TIMESTAMP,200002432,200000423,2,Jipang,000002432
CURRENT_TIMESTAMP,CURRENT_TIMESTAMP,200002392,200000423,2,Keripik,000002392
CURRENT_TIMESTAMP,CURRENT_TIMESTAMP,200007327,200000423,2,Kue Nasi,000007327
CURRENT_TIMESTAMP,CURRENT_TIMESTAMP,200006194,200000423,2,Kulit Babi,000006194
CURRENT_TIMESTAMP,CURRENT_TIMESTAMP,200003446,200000423,2,Pretzel,000003446
CURRENT_TIMESTAMP,CURRENT_TIMESTAMP,200005743,200000423,2,Puding & Camilan Berbahan Gelatin,000005743
CURRENT_TIMESTAMP,CURRENT_TIMESTAMP,200005747,200000423,2,Sereal & Granola Bar,000005747
CURRENT_TIMESTAMP,CURRENT_TIMESTAMP,200006785,200000423,2,Snack Cake,000006785
CURRENT_TIMESTAMP,CURRENT_TIMESTAMP,200007427,200000423,2,Stik Wijen,000007427
CURRENT_TIMESTAMP,CURRENT_TIMESTAMP,200006847,200000423,2,Taburan Salad,000006847
CURRENT_TIMESTAMP,CURRENT_TIMESTAMP,200005788,200000422,2,Makanan Penutup Beku & Variasi Es Krim Baru,000005788
CURRENT_TIMESTAMP,CURRENT_TIMESTAMP,200499991,200005788,2,Es Krim & Yogurt Beku,000499991
CURRENT_TIMESTAMP,CURRENT_TIMESTAMP,200005789,200005788,2,Es Lilin,000005789
CURRENT_TIMESTAMP,CURRENT_TIMESTAMP,200006873,200005788,2,Variasi Es Krim Baru,000006873
CURRENT_TIMESTAMP,CURRENT_TIMESTAMP,200005814,200000422,2,Makanan Siap Saji,000005814
CURRENT_TIMESTAMP,CURRENT_TIMESTAMP,200499989,200005814,2,Menu Pembuka & Pelengkap Cepat Saji,000499989
CURRENT_TIMESTAMP,CURRENT_TIMESTAMP,200499988,200005814,2,Menu Utama & Menu Pembuka Cepat Saji,000499988
CURRENT_TIMESTAMP,CURRENT_TIMESTAMP,200006219,200000422,2,Manisan Buah & Buah Salut Cokelat,000006219
CURRENT_TIMESTAMP,CURRENT_TIMESTAMP,200000431,200000422,2,Padi-padian,000000431
CURRENT_TIMESTAMP,CURRENT_TIMESTAMP,200004683,200000431,2,Amaranth,000004683
CURRENT_TIMESTAMP,CURRENT_TIMESTAMP,200004682,200000431,2,Beras,000004682
CURRENT_TIMESTAMP,CURRENT_TIMESTAMP,200004684,200000431,2,Buckwheat,000004684
CURRENT_TIMESTAMP,CURRENT_TIMESTAMP,200007196,200000431,2,Couscous,000007196
CURRENT_TIMESTAMP,CURRENT_TIMESTAMP,200004688,200000431,2,Gandum,000004688
CURRENT_TIMESTAMP,CURRENT_TIMESTAMP,200007374,200000431,2,Gandum Hitam,000007374
CURRENT_TIMESTAMP,CURRENT_TIMESTAMP,200004687,200000431,2,Jelai,000004687
CURRENT_TIMESTAMP,CURRENT_TIMESTAMP,200006259,200000431,2,Kinoa,000006259
CURRENT_TIMESTAMP,CURRENT_TIMESTAMP,200004686,200000431,2,Milet,000004686
CURRENT_TIMESTAMP,CURRENT_TIMESTAMP,200004690,200000431,2,Oat,000004690
CURRENT_TIMESTAMP,CURRENT_TIMESTAMP,200004689,null,2,Sereal & Granola,000004689
CURRENT_TIMESTAMP,CURRENT_TIMESTAMP,200000434,200000422,2,Pasta & Mie,000000434
CURRENT_TIMESTAMP,CURRENT_TIMESTAMP,200004748,200000422,2,Permen & Cokelat,000004748
CURRENT_TIMESTAMP,CURRENT_TIMESTAMP,200000428,200000422,2,Produk Susu,000000428
CURRENT_TIMESTAMP,CURRENT_TIMESTAMP,200000429,200000428,2,Keju,000000429
CURRENT_TIMESTAMP,CURRENT_TIMESTAMP,200001855,200000428,2,Keju Lembut,000001855
CURRENT_TIMESTAMP,CURRENT_TIMESTAMP,200005786,200000428,2,Krim,000005786
CURRENT_TIMESTAMP,CURRENT_TIMESTAMP,200005787,200000428,2,Krim Asam,000005787
CURRENT_TIMESTAMP,CURRENT_TIMESTAMP,200006821,200000428,2,Krim Kocok,000006821
CURRENT_TIMESTAMP,CURRENT_TIMESTAMP,200004418,200000428,2,Krimer Kopi,000004418
CURRENT_TIMESTAMP,CURRENT_TIMESTAMP,200005827,200000428,2,Mentega & Margarin,000005827
CURRENT_TIMESTAMP,CURRENT_TIMESTAMP,200001954,200000428,2,Yogurt,000001954
CURRENT_TIMESTAMP,CURRENT_TIMESTAMP,200001876,200000422,2,Roti,000001876
CURRENT_TIMESTAMP,CURRENT_TIMESTAMP,200005904,200001876,2,Aneka Kue & Roti,000005904
CURRENT_TIMESTAMP,CURRENT_TIMESTAMP,200001573,200001876,2,Bagel,000001573
CURRENT_TIMESTAMP,CURRENT_TIMESTAMP,200006196,200001876,2,Bolu Kopi,000006196
CURRENT_TIMESTAMP,CURRENT_TIMESTAMP,200005790,200001876,2,Contong Es Krim,000005790
CURRENT_TIMESTAMP,CURRENT_TIMESTAMP,200006195,200001876,2,Cupcake,000006195
CURRENT_TIMESTAMP,CURRENT_TIMESTAMP,200005751,200001876,2,Donat,000005751
CURRENT_TIMESTAMP,CURRENT_TIMESTAMP,200005054,200001876,2,Fudge,000005054
CURRENT_TIMESTAMP,CURRENT_TIMESTAMP,200002229,200001876,2,Kue,000002229
CURRENT_TIMESTAMP,CURRENT_TIMESTAMP,200005749,200001876,2,Kue Pai & Kue Tar,000005749
CURRENT_TIMESTAMP,CURRENT_TIMESTAMP,200002194,200001876,2,Kue Pencuci Mulut,000002194
CURRENT_TIMESTAMP,CURRENT_TIMESTAMP,200006891,200001876,2,Kulit Taco & Tostada,000006891
CURRENT_TIMESTAMP,CURRENT_TIMESTAMP,200001895,200001876,2,Muffin,000001895
CURRENT_TIMESTAMP,CURRENT_TIMESTAMP,200005750,200001876,2,Pastri & Scone,000005750
CURRENT_TIMESTAMP,CURRENT_TIMESTAMP,200000424,200001876,2,Roti & Aneka Kue Roti,000000424
CURRENT_TIMESTAMP,CURRENT_TIMESTAMP,200005748,200001876,2,Tortilla & Adonan Pembungkus,000005748
CURRENT_TIMESTAMP,CURRENT_TIMESTAMP,200000430,200000422,2,Sayur & Buah,000000430
CURRENT_TIMESTAMP,CURRENT_TIMESTAMP,200005799,200000430,2,Buah Kalengan & Botolan,000005799
CURRENT_TIMESTAMP,CURRENT_TIMESTAMP,200001755,200000430,2,Buah Kering,000001755
CURRENT_TIMESTAMP,CURRENT_TIMESTAMP,200005795,200000430,2,Buah Segar & Beku,000005795
CURRENT_TIMESTAMP,CURRENT_TIMESTAMP,200006572,200005795,2,Alpukat,000006572
CURRENT_TIMESTAMP,CURRENT_TIMESTAMP,200006566,200005795,2,Apel,000006566
CURRENT_TIMESTAMP,CURRENT_TIMESTAMP,200006698,200005795,2,Asam Jawa,000006698
CURRENT_TIMESTAMP,CURRENT_TIMESTAMP,200006571,200005795,2,Atemoya,000006571
CURRENT_TIMESTAMP,CURRENT_TIMESTAMP,200006573,200005795,2,Babaco,000006573
CURRENT_TIMESTAMP,CURRENT_TIMESTAMP,200006594,200005795,2,Belimbing,000006594
CURRENT_TIMESTAMP,CURRENT_TIMESTAMP,200006639,200005795,2,Biwa,000006639
CURRENT_TIMESTAMP,CURRENT_TIMESTAMP,200006626,200005795,2,Buah Anggur,000006626
CURRENT_TIMESTAMP,CURRENT_TIMESTAMP,200503760,200005795,2,Buah Berbiji Besar,000503760
CURRENT_TIMESTAMP,CURRENT_TIMESTAMP,200006567,200503760,2,Aprikot,000006567
CURRENT_TIMESTAMP,CURRENT_TIMESTAMP,200006601,200503760,2,Ceri,000006601
CURRENT_TIMESTAMP,CURRENT_TIMESTAMP,200006646,200503760,2,Mangga,000006646
CURRENT_TIMESTAMP,CURRENT_TIMESTAMP,200505301,200503760,2,Persik & Nektarin,000505301
CURRENT_TIMESTAMP,CURRENT_TIMESTAMP,200006675,200503760,2,Plumcot,000006675
CURRENT_TIMESTAMP,CURRENT_TIMESTAMP,200006674,200503760,2,Prem,000006674
CURRENT_TIMESTAMP,CURRENT_TIMESTAMP,200006582,200005795,2,Buah Beri,000006582
CURRENT_TIMESTAMP,CURRENT_TIMESTAMP,200006813,200005795,2,Buah Madroño,000006813
CURRENT_TIMESTAMP,CURRENT_TIMESTAMP,200006676,200005795,2,Buah Naga,000006676
CURRENT_TIMESTAMP,CURRENT_TIMESTAMP,200006679,200005795,2,Buah Safarjal,000006679
CURRENT_TIMESTAMP,CURRENT_TIMESTAMP,200503759,200005795,2,Buah Sitrus,000503759
CURRENT_TIMESTAMP,CURRENT_TIMESTAMP,200006632,200503759,2,Buah Kumkuat,000006632
CURRENT_TIMESTAMP,CURRENT_TIMESTAMP,200006658,200503759,2,Jeruk,000006658
CURRENT_TIMESTAMP,CURRENT_TIMESTAMP,200006642,200503759,2,Jeruk Nipis,000006642
CURRENT_TIMESTAMP,CURRENT_TIMESTAMP,200006697,200503759,2,Jeruk Tangelo,000006697
CURRENT_TIMESTAMP,CURRENT_TIMESTAMP,200006636,200503759,2,Lemon,000006636
CURRENT_TIMESTAMP,CURRENT_TIMESTAMP,200006621,200503759,2,Limau Gedang,000006621
CURRENT_TIMESTAMP,CURRENT_TIMESTAMP,200006641,200503759,2,Limequat,000006641
CURRENT_TIMESTAMP,CURRENT_TIMESTAMP,200006810,200005795,2,Buah Tin,000006810
CURRENT_TIMESTAMP,CURRENT_TIMESTAMP,200006624,200005795,2,Buah Ugli,000006624
CURRENT_TIMESTAMP,CURRENT_TIMESTAMP,200499906,200005795,2,Campuran Buah,000499906
CURRENT_TIMESTAMP,CURRENT_TIMESTAMP,200006602,200005795,2,Cherimoya,000006602
CURRENT_TIMESTAMP,CURRENT_TIMESTAMP,200006671,200005795,2,Ciplukan,000006671
CURRENT_TIMESTAMP,CURRENT_TIMESTAMP,200006673,200005795,2,Delima,000006673
CURRENT_TIMESTAMP,CURRENT_TIMESTAMP,200006614,200005795,2,Feijoa,000006614
CURRENT_TIMESTAMP,CURRENT_TIMESTAMP,200006625,200005795,2,Jambu,000006625
CURRENT_TIMESTAMP,CURRENT_TIMESTAMP,200006593,200005795,2,Kaktus Pir Berduri,000006593
CURRENT_TIMESTAMP,CURRENT_TIMESTAMP,200006809,200005795,2,Kelapa,000006809
CURRENT_TIMESTAMP,CURRENT_TIMESTAMP,200006640,200005795,2,Kelengkeng,000006640
CURRENT_TIMESTAMP,CURRENT_TIMESTAMP,200006672,200005795,2,Kesemek,000006672
CURRENT_TIMESTAMP,CURRENT_TIMESTAMP,200006633,200005795,2,Kiwi,000006633
CURRENT_TIMESTAMP,CURRENT_TIMESTAMP,200006812,200005795,2,Kurma,000006812
CURRENT_TIMESTAMP,CURRENT_TIMESTAMP,200006638,200005795,2,Leci,000006638
CURRENT_TIMESTAMP,CURRENT_TIMESTAMP,200006645,200005795,2,Manggis,000006645
CURRENT_TIMESTAMP,CURRENT_TIMESTAMP,200006667,200005795,2,Markisa,000006667
CURRENT_TIMESTAMP,CURRENT_TIMESTAMP,200006649,200005795,2,Melon,000006649
CURRENT_TIMESTAMP,CURRENT_TIMESTAMP,200006670,200005795,2,Nanas,000006670
CURRENT_TIMESTAMP,CURRENT_TIMESTAMP,200006661,200005795,2,Pepaya,000006661
CURRENT_TIMESTAMP,CURRENT_TIMESTAMP,200006665,200005795,2,Pir,000006665
CURRENT_TIMESTAMP,CURRENT_TIMESTAMP,200006574,200005795,2,Pisang,000006574
CURRENT_TIMESTAMP,CURRENT_TIMESTAMP,200006678,200005795,2,Rambutan,000006678
CURRENT_TIMESTAMP,CURRENT_TIMESTAMP,200006688,200005795,2,Sawo,000006688
CURRENT_TIMESTAMP,CURRENT_TIMESTAMP,200006647,200005795,2,Sawo Mamey,000006647
CURRENT_TIMESTAMP,CURRENT_TIMESTAMP,200006687,200005795,2,Sawo Sapote,000006687
CURRENT_TIMESTAMP,CURRENT_TIMESTAMP,200006691,200005795,2,Sirsak,000006691
CURRENT_TIMESTAMP,CURRENT_TIMESTAMP,200006814,200005795,2,Srikaya,000006814
CURRENT_TIMESTAMP,CURRENT_TIMESTAMP,200006589,200005795,2,Sukun,000006589
CURRENT_TIMESTAMP,CURRENT_TIMESTAMP,200005797,200000430,2,Kacang Kalengan & Siap Saji,000005797
CURRENT_TIMESTAMP,CURRENT_TIMESTAMP,200005796,200000430,2,Kacang Kering,000005796
CURRENT_TIMESTAMP,CURRENT_TIMESTAMP,200005794,200000430,2,Saus Buah,000005794
CURRENT_TIMESTAMP,CURRENT_TIMESTAMP,200005798,200000430,2,Sayur Kalengan & Botolan,000005798
CURRENT_TIMESTAMP,CURRENT_TIMESTAMP,200007387,200000430,2,Sayuran Kering,000007387
CURRENT_TIMESTAMP,CURRENT_TIMESTAMP,200005793,200000430,2,Sayuran Segar & Beku,000005793
CURRENT_TIMESTAMP,CURRENT_TIMESTAMP,200006618,200005793,2,Akar Gobo,000006618
CURRENT_TIMESTAMP,CURRENT_TIMESTAMP,200006664,200005793,2,Akar Peterseli,000006664
CURRENT_TIMESTAMP,CURRENT_TIMESTAMP,200006598,200005793,2,Akar Seledri,000006598
CURRENT_TIMESTAMP,CURRENT_TIMESTAMP,200006644,200005793,2,Akar Teratai,000006644
CURRENT_TIMESTAMP,CURRENT_TIMESTAMP,200006716,200005793,2,Arracacha,000006716
CURRENT_TIMESTAMP,CURRENT_TIMESTAMP,200006570,200005793,2,Artichoke,000006570
CURRENT_TIMESTAMP,CURRENT_TIMESTAMP,200006568,200005793,2,Asparagus,000006568
CURRENT_TIMESTAMP,CURRENT_TIMESTAMP,200006655,200005793,2,Bawang Bombai,000006655
CURRENT_TIMESTAMP,CURRENT_TIMESTAMP,200006818,200005793,2,Bawang Merah,000006818
CURRENT_TIMESTAMP,CURRENT_TIMESTAMP,200006627,200005793,2,Bawang Prei,000006627
CURRENT_TIMESTAMP,CURRENT_TIMESTAMP,200006620,200005793,2,Bawang Putih,000006620
CURRENT_TIMESTAMP,CURRENT_TIMESTAMP,200006630,200005793,2,Bengkuang,000006630
CURRENT_TIMESTAMP,CURRENT_TIMESTAMP,200006587,200005793,2,Borage,000006587
CURRENT_TIMESTAMP,CURRENT_TIMESTAMP,200006591,200005793,2,Brokoli,000006591
CURRENT_TIMESTAMP,CURRENT_TIMESTAMP,200006580,200005793,2,Buat Bit,000006580
CURRENT_TIMESTAMP,CURRENT_TIMESTAMP,200499905,200005793,2,Campuran Sayur,000499905
CURRENT_TIMESTAMP,CURRENT_TIMESTAMP,200006596,200005793,2,Cardoon,000006596
CURRENT_TIMESTAMP,CURRENT_TIMESTAMP,200006808,200005793,2,Daun Kaktus,000006808
CURRENT_TIMESTAMP,CURRENT_TIMESTAMP,200006616,200005793,2,Gai Choy,000006616
CURRENT_TIMESTAMP,CURRENT_TIMESTAMP,200006609,200005793,2,Jagung,000006609
CURRENT_TIMESTAMP,CURRENT_TIMESTAMP,200006619,200005793,2,Jahe,000006619
CURRENT_TIMESTAMP,CURRENT_TIMESTAMP,200006653,200005793,2,Jamur,000006653
CURRENT_TIMESTAMP,CURRENT_TIMESTAMP,200006693,200005793,2,Jerusalem Artichoke,000006693
CURRENT_TIMESTAMP,CURRENT_TIMESTAMP,200006669,200005793,2,Kacang Polong,000006669
CURRENT_TIMESTAMP,CURRENT_TIMESTAMP,200006577,200005793,2,Kacang-kacangan,000006577
CURRENT_TIMESTAMP,CURRENT_TIMESTAMP,200503761,200005793,2,Kecambah,000503761
CURRENT_TIMESTAMP,CURRENT_TIMESTAMP,200006681,200005793,2,Kelembak,000006681
CURRENT_TIMESTAMP,CURRENT_TIMESTAMP,200006600,200005793,2,Kembang Kol,000006600
CURRENT_TIMESTAMP,CURRENT_TIMESTAMP,200006586,200005793,2,Kentang,000006586
CURRENT_TIMESTAMP,CURRENT_TIMESTAMP,200006705,200005793,2,Ketela Pohon,000006705
CURRENT_TIMESTAMP,CURRENT_TIMESTAMP,200006628,200005793,2,Kohlrabi,000006628
CURRENT_TIMESTAMP,CURRENT_TIMESTAMP,200006592,200005793,2,Kol,000006592
CURRENT_TIMESTAMP,CURRENT_TIMESTAMP,200006590,200005793,2,Kubis Brussel,000006590
CURRENT_TIMESTAMP,CURRENT_TIMESTAMP,200505354,200005793,2,Labu & Waluh,000505354
CURRENT_TIMESTAMP,CURRENT_TIMESTAMP,200006682,200005793,2,Lobak,000006682
CURRENT_TIMESTAMP,CURRENT_TIMESTAMP,200505329,200005793,2,Lobak & Rutabaga,000505329
CURRENT_TIMESTAMP,CURRENT_TIMESTAMP,200006631,200005793,2,Lobak Pedas,000006631
CURRENT_TIMESTAMP,CURRENT_TIMESTAMP,200006608,200005793,2,Mentimun,000006608
CURRENT_TIMESTAMP,CURRENT_TIMESTAMP,200006657,200005793,2,Okra,000006657
CURRENT_TIMESTAMP,CURRENT_TIMESTAMP,200006668,200005793,2,Paprika,000006668
CURRENT_TIMESTAMP,CURRENT_TIMESTAMP,200006663,200005793,2,Parsnip,000006663
CURRENT_TIMESTAMP,CURRENT_TIMESTAMP,200007193,200005793,2,Rumput Gandum,000007193
CURRENT_TIMESTAMP,CURRENT_TIMESTAMP,200006617,200005793,2,Sawi Kailan,000006617
CURRENT_TIMESTAMP,CURRENT_TIMESTAMP,200006615,200005793,2,Sayur Pakis,000006615
CURRENT_TIMESTAMP,CURRENT_TIMESTAMP,200006622,200005793,2,Sayuran Hijau,000006622
CURRENT_TIMESTAMP,CURRENT_TIMESTAMP,200006569,200006622,2,Arugula,000006569
CURRENT_TIMESTAMP,CURRENT_TIMESTAMP,200006695,200006622,2,Bayam,000006695
CURRENT_TIMESTAMP,CURRENT_TIMESTAMP,200005792,200006622,2,Campuran Salad,000005792
CURRENT_TIMESTAMP,CURRENT_TIMESTAMP,200006597,200006622,2,Chard,000006597
CURRENT_TIMESTAMP,CURRENT_TIMESTAMP,200006717,200006622,2,Chicory,000006717
CURRENT_TIMESTAMP,CURRENT_TIMESTAMP,200006581,200006622,2,Daun Bit,000006581
CURRENT_TIMESTAMP,CURRENT_TIMESTAMP,200006629,200006622,2,Kale,000006629
CURRENT_TIMESTAMP,CURRENT_TIMESTAMP,200006656,200006622,2,Kangkung,000006656
CURRENT_TIMESTAMP,CURRENT_TIMESTAMP,200006584,200006622,2,Sawi Bok Choy,000006584
CURRENT_TIMESTAMP,CURRENT_TIMESTAMP,200006610,200006622,2,Sawi Caisim,000006610
CURRENT_TIMESTAMP,CURRENT_TIMESTAMP,200006706,200006622,2,Sawi Yu Choy,000006706
CURRENT_TIMESTAMP,CURRENT_TIMESTAMP,200006637,200006622,2,Selada,000006637
CURRENT_TIMESTAMP,CURRENT_TIMESTAMP,200006700,200005793,2,Selada Air,000006700
CURRENT_TIMESTAMP,CURRENT_TIMESTAMP,200006599,200005793,2,Seledri,000006599
CURRENT_TIMESTAMP,CURRENT_TIMESTAMP,200006643,200005793,2,Talas,000006643
CURRENT_TIMESTAMP,CURRENT_TIMESTAMP,200006694,200005793,2,Tebu,000006694
CURRENT_TIMESTAMP,CURRENT_TIMESTAMP,200006613,200005793,2,Terong,000006613
CURRENT_TIMESTAMP,CURRENT_TIMESTAMP,200006692,200005793,2,Terong Belanda,000006692
CURRENT_TIMESTAMP,CURRENT_TIMESTAMP,200006703,200005793,2,Tomat,000006703
CURRENT_TIMESTAMP,CURRENT_TIMESTAMP,200006585,200005793,2,Ubi Jalar,000006585
CURRENT_TIMESTAMP,CURRENT_TIMESTAMP,200006816,200005793,2,Umbi Adas,000006816
CURRENT_TIMESTAMP,CURRENT_TIMESTAMP,200006704,200005793,2,Umbi Keladi,000006704
CURRENT_TIMESTAMP,CURRENT_TIMESTAMP,200006701,200005793,2,Umbi Purun Tikus,000006701
CURRENT_TIMESTAMP,CURRENT_TIMESTAMP,200006595,200005793,2,Wortel,000006595
CURRENT_TIMESTAMP,CURRENT_TIMESTAMP,200008515,200005793,2,Yam,000008515
CURRENT_TIMESTAMP,CURRENT_TIMESTAMP,200002423,200000422,2,Sup & Kaldu,000002423
CURRENT_TIMESTAMP,CURRENT_TIMESTAMP,200005807,200000422,2,Tahu,000005807
CURRENT_TIMESTAMP,CURRENT_TIMESTAMP,200005808,200005807,2,Gluten Gandum,000005808
CURRENT_TIMESTAMP,CURRENT_TIMESTAMP,200006843,200005807,2,Pengganti Daging,000006843
CURRENT_TIMESTAMP,CURRENT_TIMESTAMP,200006839,200005807,2,Pengganti Keju,000006839
CURRENT_TIMESTAMP,CURRENT_TIMESTAMP,200005809,200005807,2,Tahu,000005809
CURRENT_TIMESTAMP,CURRENT_TIMESTAMP,200005810,200005807,2,Tempe,000005810
CURRENT_TIMESTAMP,CURRENT_TIMESTAMP,200000413,null,2,Minuman,000000413
CURRENT_TIMESTAMP,CURRENT_TIMESTAMP,200000420,200000413,2,Air Putih,000000420
CURRENT_TIMESTAMP,CURRENT_TIMESTAMP,200006797,200000413,2,Buttermilk,000006797
CURRENT_TIMESTAMP,CURRENT_TIMESTAMP,200000415,200000413,2,Cokelat Panas,000000415
CURRENT_TIMESTAMP,CURRENT_TIMESTAMP,200008030,200000413,2,Eggnog,000008030
CURRENT_TIMESTAMP,CURRENT_TIMESTAMP,200002887,200000413,2,Jus,000002887
CURRENT_TIMESTAMP,CURRENT_TIMESTAMP,200001868,200000413,2,Kopi,000001868
CURRENT_TIMESTAMP,CURRENT_TIMESTAMP,200499676,200000413,2,Minuman Beralkohol,000499676
CURRENT_TIMESTAMP,CURRENT_TIMESTAMP,200000414,200499676,2,Bir,000000414
CURRENT_TIMESTAMP,CURRENT_TIMESTAMP,200007486,200499676,2,Bitter,000007486
CURRENT_TIMESTAMP,CURRENT_TIMESTAMP,200005725,200499676,2,Campuran Koktail,000005725
CURRENT_TIMESTAMP,CURRENT_TIMESTAMP,200006761,200499676,2,Hard Cider,000006761
CURRENT_TIMESTAMP,CURRENT_TIMESTAMP,200005887,200499676,2,Minuman Beralkohol Berperasa,000005887
CURRENT_TIMESTAMP,CURRENT_TIMESTAMP,200000417,200499676,2,Minuman Keras,000000417
CURRENT_TIMESTAMP,CURRENT_TIMESTAMP,200505761,200000417,2,Absinthe,000505761
CURRENT_TIMESTAMP,CURRENT_TIMESTAMP,200002364,200000417,2,Brendi,000002364
CURRENT_TIMESTAMP,CURRENT_TIMESTAMP,200001671,200000417,2,Gin,000001671
CURRENT_TIMESTAMP,CURRENT_TIMESTAMP,200002933,200000417,2,Likeur,000002933
CURRENT_TIMESTAMP,CURRENT_TIMESTAMP,200002605,200000417,2,Rum,000002605
CURRENT_TIMESTAMP,CURRENT_TIMESTAMP,200502976,200000417,2,Shochu & Soju,000502976
CURRENT_TIMESTAMP,CURRENT_TIMESTAMP,200002220,200000417,2,Tequila,000002220
CURRENT_TIMESTAMP,CURRENT_TIMESTAMP,200002107,200000417,2,Vodka,000002107
CURRENT_TIMESTAMP,CURRENT_TIMESTAMP,200001926,200000417,2,Wiski,000001926
CURRENT_TIMESTAMP,CURRENT_TIMESTAMP,200000421,200499676,2,Wine,000000421
CURRENT_TIMESTAMP,CURRENT_TIMESTAMP,200007528,200000413,2,Minuman Cuka,000007528
CURRENT_TIMESTAMP,CURRENT_TIMESTAMP,200005723,200000413,2,Minuman Energi & Olahraga,000005723
CURRENT_TIMESTAMP,CURRENT_TIMESTAMP,200008036,200000413,2,Minuman Rasa Buah,000008036
CURRENT_TIMESTAMP,CURRENT_TIMESTAMP,200006848,200000413,2,Minuman Serbuk,000006848
CURRENT_TIMESTAMP,CURRENT_TIMESTAMP,200002628,200000413,2,Soda,000002628
CURRENT_TIMESTAMP,CURRENT_TIMESTAMP,200000418,200000413,2,Susu,000000418
CURRENT_TIMESTAMP,CURRENT_TIMESTAMP,200005724,200000413,2,Susu Nabati,000005724
CURRENT_TIMESTAMP,CURRENT_TIMESTAMP,200002073,200000413,2,Teh & Seduhan,000002073
CURRENT_TIMESTAMP,CURRENT_TIMESTAMP,200000435,null,2,Produk Tembakau,000000435
CURRENT_TIMESTAMP,CURRENT_TIMESTAMP,200003682,200000435,2,Cerutu,000003682
CURRENT_TIMESTAMP,CURRENT_TIMESTAMP,200499963,200000435,2,Pipa Tembakau,000499963
CURRENT_TIMESTAMP,CURRENT_TIMESTAMP,200003151,200000435,2,Rokok,000003151
CURRENT_TIMESTAMP,CURRENT_TIMESTAMP,200003741,200000435,2,Tembakau Kering,000003741
CURRENT_TIMESTAMP,CURRENT_TIMESTAMP,200003916,200000435,2,Tembakau Kunyah,000003916
CURRENT_TIMESTAMP,CURRENT_TIMESTAMP,200004091,200000435,2,Vaporizer & Rokok Elektrik,000004091
CURRENT_TIMESTAMP,CURRENT_TIMESTAMP,200000783,null,2,Media,000000783
CURRENT_TIMESTAMP,CURRENT_TIMESTAMP,200000784,200000783,2,Buku,000000784
CURRENT_TIMESTAMP,CURRENT_TIMESTAMP,200000887,200000783,2,Buku Notasi Musik,000000887
CURRENT_TIMESTAMP,CURRENT_TIMESTAMP,200005037,200000783,2,Buku Panduan Produk,000005037
CURRENT_TIMESTAMP,CURRENT_TIMESTAMP,200005038,200005037,2,Buku Panduan Elektronik,000005038
CURRENT_TIMESTAMP,CURRENT_TIMESTAMP,200499821,200005037,2,Buku Panduan Kamera & Optik,000499821
CURRENT_TIMESTAMP,CURRENT_TIMESTAMP,200007516,200005037,2,Buku Panduan Mesin & Perkakas Listrik,000007516
CURRENT_TIMESTAMP,CURRENT_TIMESTAMP,200005860,200005037,2,Buku Panduan Miniatur & Mainan,000005860
CURRENT_TIMESTAMP,CURRENT_TIMESTAMP,200005040,200005037,2,Buku Panduan Peralatan Dapur,000005040
CURRENT_TIMESTAMP,CURRENT_TIMESTAMP,200005039,200005037,2,Buku Panduan Peralatan Rumah Tangga,000005039
CURRENT_TIMESTAMP,CURRENT_TIMESTAMP,200499866,200005037,2,Buku Panduan Perlengkapan Kantor,000499866
CURRENT_TIMESTAMP,CURRENT_TIMESTAMP,200005861,200005037,2,Buku Panduan Perlengkapan Olahraga dan Fitness,000005861
CURRENT_TIMESTAMP,CURRENT_TIMESTAMP,200005041,200005037,2,Buku Panduan Servis Kendaraan,000005041
CURRENT_TIMESTAMP,CURRENT_TIMESTAMP,200000839,200000783,2,DVD & Video,000000839
CURRENT_TIMESTAMP,CURRENT_TIMESTAMP,200499995,200000783,2,Gambar Kerja Pertukangan & Perkayuan,000499995
CURRENT_TIMESTAMP,CURRENT_TIMESTAMP,200000886,200000783,2,Majalah & Koran,000000886
CURRENT_TIMESTAMP,CURRENT_TIMESTAMP,200000855,200000783,2,Perekaman Musik & Suara,000000855
CURRENT_TIMESTAMP,CURRENT_TIMESTAMP,200000166,null,2,Pakaian & Aksesori,000000166
CURRENT_TIMESTAMP,CURRENT_TIMESTAMP,200000167,200000166,2,Aksesori Pakaian,000000167
CURRENT_TIMESTAMP,CURRENT_TIMESTAMP,200005422,200000167,2,Aksesori Baju Bayi & Balita,000005422
CURRENT_TIMESTAMP,CURRENT_TIMESTAMP,200005623,200005422,2,Ikat Pinggang Bayi & Balita,000005623
CURRENT_TIMESTAMP,CURRENT_TIMESTAMP,200005626,200005422,2,Pakaian Pelindung Bayi,000005626
CURRENT_TIMESTAMP,CURRENT_TIMESTAMP,200005624,200005422,2,Sarung Tangan Bayi & Balita,000005624
CURRENT_TIMESTAMP,CURRENT_TIMESTAMP,200005625,200005422,2,Topi Bayi & Balita,000005625
CURRENT_TIMESTAMP,CURRENT_TIMESTAMP,200005390,200000167,2,Aksesori Pakaian Tradisional,000005390
CURRENT_TIMESTAMP,CURRENT_TIMESTAMP,200005685,200005390,2,Kaus Kaki Tabi,000005685
CURRENT_TIMESTAMP,CURRENT_TIMESTAMP,200005687,200005390,2,Obi,000005687
CURRENT_TIMESTAMP,CURRENT_TIMESTAMP,200005443,200000167,2,Aksesori Pengantin,000005443
CURRENT_TIMESTAMP,CURRENT_TIMESTAMP,200005446,200005443,2,Penutup Kepala Pengantin,000005446
CURRENT_TIMESTAMP,CURRENT_TIMESTAMP,200000171,200000167,2,Aksesori Rambut,000000171
CURRENT_TIMESTAMP,CURRENT_TIMESTAMP,200007305,200000171,2,Aksesori Wig,000007305
CURRENT_TIMESTAMP,CURRENT_TIMESTAMP,200007306,200007305,2,Lem & Selotip Wig,000007306
CURRENT_TIMESTAMP,CURRENT_TIMESTAMP,200007307,200007305,2,Topi Pelapis Wig,000007307
CURRENT_TIMESTAMP,CURRENT_TIMESTAMP,200001662,200000171,2,Bando,000001662
CURRENT_TIMESTAMP,CURRENT_TIMESTAMP,200008451,200000171,2,Hair Bun & Volume Shaper,000008451
CURRENT_TIMESTAMP,CURRENT_TIMESTAMP,200502988,200000171,2,Hiasan Penjepit Rambut,000502988
CURRENT_TIMESTAMP,CURRENT_TIMESTAMP,200006183,200000171,2,Jaring Rambut,000006183
CURRENT_TIMESTAMP,CURRENT_TIMESTAMP,200001948,200000171,2,Jepit & Tusuk Rambut,000001948
CURRENT_TIMESTAMP,CURRENT_TIMESTAMP,200005915,200000171,2,Mahkota Daun & Bunga,000005915
CURRENT_TIMESTAMP,CURRENT_TIMESTAMP,200000181,200000171,2,Rambut Palsu,000000181
CURRENT_TIMESTAMP,CURRENT_TIMESTAMP,200004057,200000171,2,Sambungan Rambut,000004057
CURRENT_TIMESTAMP,CURRENT_TIMESTAMP,200002477,200000171,2,Sisir Rambut,000002477
CURRENT_TIMESTAMP,CURRENT_TIMESTAMP,200001483,200000171,2,Tali Kuncir Rambut,000001483
CURRENT_TIMESTAMP,CURRENT_TIMESTAMP,200005914,200000171,2,Tiara,000005914
CURRENT_TIMESTAMP,CURRENT_TIMESTAMP,200000168,200000167,2,Bandana & Tali Rambut,000000168
CURRENT_TIMESTAMP,CURRENT_TIMESTAMP,200006984,200000167,2,Collar Stay,000006984
CURRENT_TIMESTAMP,CURRENT_TIMESTAMP,200000176,200000167,2,Dasi,000000176
CURRENT_TIMESTAMP,CURRENT_TIMESTAMP,200003913,200000167,2,Gesper Sabuk,000003913
CURRENT_TIMESTAMP,CURRENT_TIMESTAMP,200002020,200000167,2,Hiasan Kepala,000002020
CURRENT_TIMESTAMP,CURRENT_TIMESTAMP,200001922,200002020,2,Hiasan Rambut,000001922
CURRENT_TIMESTAMP,CURRENT_TIMESTAMP,200005939,200002020,2,Serban,000005939
CURRENT_TIMESTAMP,CURRENT_TIMESTAMP,200007054,200002020,2,Topi Hias,000007054
CURRENT_TIMESTAMP,CURRENT_TIMESTAMP,200502987,200000167,2,Ikat Pinggang & Sabuk Pendukung Ibu Hamil,000502987
CURRENT_TIMESTAMP,CURRENT_TIMESTAMP,200000178,200000167,2,Kacamata Hitam,000000178
CURRENT_TIMESTAMP,CURRENT_TIMESTAMP,200006268,200000167,2,Kalung Bunga,000006268
CURRENT_TIMESTAMP,CURRENT_TIMESTAMP,200000193,200000167,2,Kancing Manset,000000193
CURRENT_TIMESTAMP,CURRENT_TIMESTAMP,200006985,200000167,2,Kancing Paku,000006985
CURRENT_TIMESTAMP,CURRENT_TIMESTAMP,200004179,200000167,2,Kancing Pinback,000004179
CURRENT_TIMESTAMP,CURRENT_TIMESTAMP,200005114,200000167,2,Kipas Tangan,000005114
CURRENT_TIMESTAMP,CURRENT_TIMESTAMP,200001786,200000167,2,Masker Balaclava,000001786
CURRENT_TIMESTAMP,CURRENT_TIMESTAMP,200007230,200000167,2,Masker Penutup Leher,000007230
CURRENT_TIMESTAMP,CURRENT_TIMESTAMP,200005942,200000167,2,Penghangat & Penutup Lengan,000005942
CURRENT_TIMESTAMP,CURRENT_TIMESTAMP,200005941,200000167,2,Penghangat Kaki,000005941
CURRENT_TIMESTAMP,CURRENT_TIMESTAMP,200000180,200000167,2,Penjepit Dasi,000000180
CURRENT_TIMESTAMP,CURRENT_TIMESTAMP,200006238,200000167,2,Penutup Telinga,000006238
CURRENT_TIMESTAMP,CURRENT_TIMESTAMP,200000169,200000167,2,Sabuk,000000169
CURRENT_TIMESTAMP,CURRENT_TIMESTAMP,200005207,200000167,2,Sapu Tangan,000005207
CURRENT_TIMESTAMP,CURRENT_TIMESTAMP,200007133,200000167,2,Sarung Bulu Penghangat Tangan,000007133
CURRENT_TIMESTAMP,CURRENT_TIMESTAMP,200000170,200000167,2,Sarung Tangan & Kaus Tangan,000000170
CURRENT_TIMESTAMP,CURRENT_TIMESTAMP,200499972,200000167,2,Sash,000499972
CURRENT_TIMESTAMP,CURRENT_TIMESTAMP,200000179,200000167,2,Suspender,000000179
CURRENT_TIMESTAMP,CURRENT_TIMESTAMP,200000177,200000167,2,Syal & Selendang,000000177
CURRENT_TIMESTAMP,CURRENT_TIMESTAMP,200000173,200000167,2,Topi,000000173
CURRENT_TIMESTAMP,CURRENT_TIMESTAMP,200001893,200000167,2,Wristband,000001893
CURRENT_TIMESTAMP,CURRENT_TIMESTAMP,200001933,200000166,2,Aksesori Sepatu,000001933
CURRENT_TIMESTAMP,CURRENT_TIMESTAMP,200005385,200001933,2,Pelindung Sepatu,000005385
CURRENT_TIMESTAMP,CURRENT_TIMESTAMP,200005567,200001933,2,Pelindung Sepatu Bot,000005567
CURRENT_TIMESTAMP,CURRENT_TIMESTAMP,200007078,200001933,2,Penutup Tungkai Sepatu,000007078
CURRENT_TIMESTAMP,CURRENT_TIMESTAMP,200002427,200001933,2,Taji Bergerigi Sepatu,000002427
CURRENT_TIMESTAMP,CURRENT_TIMESTAMP,200001856,200001933,2,Tali Sepatu,000001856
CURRENT_TIMESTAMP,CURRENT_TIMESTAMP,200006552,200000166,2,Aksesori Tas Jinjing & Dompet,000006552
CURRENT_TIMESTAMP,CURRENT_TIMESTAMP,200006460,200006552,2,Dompet Cek,000006460
CURRENT_TIMESTAMP,CURRENT_TIMESTAMP,200000175,200006552,2,Gantungan Kunci,000000175
CURRENT_TIMESTAMP,CURRENT_TIMESTAMP,200005841,200006552,2,Rantai Dompet,000005841
CURRENT_TIMESTAMP,CURRENT_TIMESTAMP,200006277,200006552,2,Tali Kartu Pengenal,000006277
CURRENT_TIMESTAMP,CURRENT_TIMESTAMP,200001604,200000166,2,Baju,000001604
CURRENT_TIMESTAMP,CURRENT_TIMESTAMP,200005182,200001604,2,Baju One-Piece,000005182
CURRENT_TIMESTAMP,CURRENT_TIMESTAMP,200007132,200005182,2,Celana Monyet,000007132
CURRENT_TIMESTAMP,CURRENT_TIMESTAMP,200005250,200005182,2,Jumpsuit & Romper,000005250
CURRENT_TIMESTAMP,CURRENT_TIMESTAMP,200005490,200005182,2,Leotard & Unitard,000005490
CURRENT_TIMESTAMP,CURRENT_TIMESTAMP,200000211,200001604,2,Baju Renang,000000211
CURRENT_TIMESTAMP,CURRENT_TIMESTAMP,200000208,200001604,2,Baju Tidur & Baju Santai,000000208
CURRENT_TIMESTAMP,CURRENT_TIMESTAMP,200005713,200000208,2,Baju Santai,000005713
CURRENT_TIMESTAMP,CURRENT_TIMESTAMP,200005513,200000208,2,Gaun Tidur,000005513
CURRENT_TIMESTAMP,CURRENT_TIMESTAMP,200002302,200000208,2,Jubah,000002302
CURRENT_TIMESTAMP,CURRENT_TIMESTAMP,200002580,200000208,2,Piyama,000002580
CURRENT_TIMESTAMP,CURRENT_TIMESTAMP,200000204,200001604,2,Celana Panjang,000000204
CURRENT_TIMESTAMP,CURRENT_TIMESTAMP,200000207,200001604,2,Celana Pendek,000000207
CURRENT_TIMESTAMP,CURRENT_TIMESTAMP,200002271,200001604,2,Gaun,000002271
CURRENT_TIMESTAMP,CURRENT_TIMESTAMP,200005441,200001604,2,Gaun Pengantin & Pesta Pernikahan,000005441
CURRENT_TIMESTAMP,CURRENT_TIMESTAMP,200005329,200005441,2,Gaun Pengantin,000005329
CURRENT_TIMESTAMP,CURRENT_TIMESTAMP,200005330,200005441,2,Gaun Pesta Pernikahan,000005330
CURRENT_TIMESTAMP,CURRENT_TIMESTAMP,200001594,200001604,2,Jas,000001594
CURRENT_TIMESTAMP,CURRENT_TIMESTAMP,200005183,200001594,2,Setelan Celana,000005183
CURRENT_TIMESTAMP,CURRENT_TIMESTAMP,200001516,200001594,2,Setelan Rok,000001516
CURRENT_TIMESTAMP,CURRENT_TIMESTAMP,200001580,200001594,2,Tuksedo,000001580
CURRENT_TIMESTAMP,CURRENT_TIMESTAMP,200000212,200001604,2,Kemeja & Atasan,000000212
CURRENT_TIMESTAMP,CURRENT_TIMESTAMP,200000182,200001604,2,Pakaian Bayi & Balita,000000182
CURRENT_TIMESTAMP,CURRENT_TIMESTAMP,200005410,200000182,2,Atasan Bayi & Balita,000005410
CURRENT_TIMESTAMP,CURRENT_TIMESTAMP,200005411,200000182,2,Baju Bayi One-Piece,000005411
CURRENT_TIMESTAMP,CURRENT_TIMESTAMP,200005409,200000182,2,Baju Renang Bayi & Anak-anak,000005409
CURRENT_TIMESTAMP,CURRENT_TIMESTAMP,200005412,200000182,2,Baju Tidur Bayi & Balita,000005412
CURRENT_TIMESTAMP,CURRENT_TIMESTAMP,200005408,200000182,2,Bawahan Bayi & Balita,000005408
CURRENT_TIMESTAMP,CURRENT_TIMESTAMP,200005423,200000182,2,Kaus Kaki & Legging Bayi & Balita,000005423
CURRENT_TIMESTAMP,CURRENT_TIMESTAMP,200005425,200000182,2,Outerwear Bayi & Balita,000005425
CURRENT_TIMESTAMP,CURRENT_TIMESTAMP,200005621,200000182,2,Pakaian Dalam Balita,000005621
CURRENT_TIMESTAMP,CURRENT_TIMESTAMP,200005549,200000182,2,Pakaian Penutup Popok Bayi & Balita,000005549
CURRENT_TIMESTAMP,CURRENT_TIMESTAMP,200005424,200000182,2,Rok Bayi & Balita,000005424
CURRENT_TIMESTAMP,CURRENT_TIMESTAMP,200005622,200000182,2,Setelan Bayi & Balita,000005622
CURRENT_TIMESTAMP,CURRENT_TIMESTAMP,200000213,200001604,2,Pakaian Dalam & Kaus Kaki,000000213
CURRENT_TIMESTAMP,CURRENT_TIMESTAMP,200007207,200000213,2,Aksesori Kutang,000007207
CURRENT_TIMESTAMP,CURRENT_TIMESTAMP,200007210,200007207,2,Bantalan Payudara,000007210
CURRENT_TIMESTAMP,CURRENT_TIMESTAMP,200007208,200007207,2,Bantalan Tali Kutang,000007208
CURRENT_TIMESTAMP,CURRENT_TIMESTAMP,200007209,200007207,2,Penutup Puting Payudara,000007209
CURRENT_TIMESTAMP,CURRENT_TIMESTAMP,200007211,200007207,2,Tali & Tali Kutang Tambahan,000007211
CURRENT_TIMESTAMP,CURRENT_TIMESTAMP,200002563,200000213,2,Aksesori Lingerie,000002563
CURRENT_TIMESTAMP,CURRENT_TIMESTAMP,200001675,200002563,2,Garter,000001675
CURRENT_TIMESTAMP,CURRENT_TIMESTAMP,200002160,200002563,2,Sabuk Garter,000002160
CURRENT_TIMESTAMP,CURRENT_TIMESTAMP,200001807,200000213,2,Celana Dalam Panjang,000001807
CURRENT_TIMESTAMP,CURRENT_TIMESTAMP,200000215,200000213,2,Hosiery,000000215
CURRENT_TIMESTAMP,CURRENT_TIMESTAMP,200005327,200000213,2,Jock Strap,000005327
CURRENT_TIMESTAMP,CURRENT_TIMESTAMP,200002745,200000213,2,Kaos Dalam,000002745
CURRENT_TIMESTAMP,CURRENT_TIMESTAMP,200000209,200000213,2,Kaus Kaki,000000209
CURRENT_TIMESTAMP,CURRENT_TIMESTAMP,200000214,200000213,2,Kutang,000000214
CURRENT_TIMESTAMP,CURRENT_TIMESTAMP,200001772,200000213,2,Lingerie,000001772
CURRENT_TIMESTAMP,CURRENT_TIMESTAMP,200002562,200000213,2,Pakaian Dalam,000002562
CURRENT_TIMESTAMP,CURRENT_TIMESTAMP,200005834,200000213,2,Pakaian Dalam Slip,000005834
CURRENT_TIMESTAMP,CURRENT_TIMESTAMP,200002963,200000213,2,Rok Dalam Wanita & Pettipant,000002963
CURRENT_TIMESTAMP,CURRENT_TIMESTAMP,200001578,200000213,2,Shapewear,000001578
CURRENT_TIMESTAMP,CURRENT_TIMESTAMP,200000203,200001604,2,Pakaian Luar,000000203
CURRENT_TIMESTAMP,CURRENT_TIMESTAMP,200005909,200000203,2,Celana & Pakaian Musim Dingin,000005909
CURRENT_TIMESTAMP,CURRENT_TIMESTAMP,200005506,200000203,2,Celana Chaps,000005506
CURRENT_TIMESTAMP,CURRENT_TIMESTAMP,200005514,200000203,2,Celana Hujan,000005514
CURRENT_TIMESTAMP,CURRENT_TIMESTAMP,200003066,200000203,2,Jas Hujan,000003066
CURRENT_TIMESTAMP,CURRENT_TIMESTAMP,200005598,200000203,2,Mantel & Jaket,000005598
CURRENT_TIMESTAMP,CURRENT_TIMESTAMP,200001831,200000203,2,Rompi,000001831
CURRENT_TIMESTAMP,CURRENT_TIMESTAMP,200005322,200001604,2,Pakaian Olahraga,000005322
CURRENT_TIMESTAMP,CURRENT_TIMESTAMP,200499979,200005322,2,Baju,000499979
CURRENT_TIMESTAMP,CURRENT_TIMESTAMP,200005379,200005322,2,Celana Pendek Seni Bela Diri,000005379
CURRENT_TIMESTAMP,CURRENT_TIMESTAMP,200005378,200005322,2,Celana Pendek Tinju,000005378
CURRENT_TIMESTAMP,CURRENT_TIMESTAMP,200003951,200005322,2,Celana Sepak Bola Amerika,000003951
CURRENT_TIMESTAMP,CURRENT_TIMESTAMP,200005460,200005322,2,Pakaian Berburu,000005460
CURRENT_TIMESTAMP,CURRENT_TIMESTAMP,200005462,200005460,2,Baju Ghillie,000005462
CURRENT_TIMESTAMP,CURRENT_TIMESTAMP,200005552,200005460,2,Celana Berburu & Taktis,000005552
CURRENT_TIMESTAMP,CURRENT_TIMESTAMP,200005461,200005460,2,Rompi Berburu & Memancing,000005461
CURRENT_TIMESTAMP,CURRENT_TIMESTAMP,200005697,200005322,2,Pakaian Bersepeda,000005697
CURRENT_TIMESTAMP,CURRENT_TIMESTAMP,200003188,200005697,2,Celana Pendek Olahraga Bersepeda,000003188
CURRENT_TIMESTAMP,CURRENT_TIMESTAMP,200003729,200005697,2,Celana untuk Bersepeda,000003729
CURRENT_TIMESTAMP,CURRENT_TIMESTAMP,200003455,200005697,2,Jersey Sepeda,000003455
CURRENT_TIMESTAMP,CURRENT_TIMESTAMP,200003128,200005697,2,Pakaian Bib untuk Olahraga Sepeda,000003128
CURRENT_TIMESTAMP,CURRENT_TIMESTAMP,200006087,200005697,2,Skinsuit Bersepeda,000006087
CURRENT_TIMESTAMP,CURRENT_TIMESTAMP,200005555,200005322,2,Pakaian Paintball,000005555
CURRENT_TIMESTAMP,CURRENT_TIMESTAMP,200005517,200005322,2,Pakaian Pelindung Pengendara Sepeda Motor,000005517
CURRENT_TIMESTAMP,CURRENT_TIMESTAMP,200005463,200005517,2,Baju Balap Motor,000005463
CURRENT_TIMESTAMP,CURRENT_TIMESTAMP,200007003,200005517,2,Celana Pengendara Sepeda Motor,000007003
CURRENT_TIMESTAMP,CURRENT_TIMESTAMP,200006006,200005517,2,Jaket Pengendara Motor,000006006
CURRENT_TIMESTAMP,CURRENT_TIMESTAMP,200005388,200499979,2,Pakaian Tradisional & Upacara,000005388
CURRENT_TIMESTAMP,CURRENT_TIMESTAMP,200006227,200005388,2,Busana Formal Hitam Khas Jepang,000006227
CURRENT_TIMESTAMP,CURRENT_TIMESTAMP,200007281,200005388,2,Celana Kulit Tradisional,000007281
CURRENT_TIMESTAMP,CURRENT_TIMESTAMP,200005674,200005388,2,Celana Panjang Hakama,000005674
CURRENT_TIMESTAMP,CURRENT_TIMESTAMP,200006031,200005388,2,Dirndl,000006031
CURRENT_TIMESTAMP,CURRENT_TIMESTAMP,200005343,200005388,2,Kimono,000005343
CURRENT_TIMESTAMP,CURRENT_TIMESTAMP,200005673,200005388,2,Pakaian Luar Kimono,000005673
CURRENT_TIMESTAMP,CURRENT_TIMESTAMP,200005483,200005388,2,Pakaian Upacara Keagamaan,000005483
CURRENT_TIMESTAMP,CURRENT_TIMESTAMP,200008149,200005483,2,Baju Baptis & Komuni,000008149
CURRENT_TIMESTAMP,CURRENT_TIMESTAMP,200008248,200005388,2,Sari & Lehenga,000008248
CURRENT_TIMESTAMP,CURRENT_TIMESTAMP,200005676,200005388,2,Yukata,000005676
CURRENT_TIMESTAMP,CURRENT_TIMESTAMP,200001581,200499979,2,Rok,000001581
CURRENT_TIMESTAMP,CURRENT_TIMESTAMP,200005344,200499979,2,Rok Olahraga,000005344
CURRENT_TIMESTAMP,CURRENT_TIMESTAMP,200002306,200499979,2,Seragam,000002306
CURRENT_TIMESTAMP,CURRENT_TIMESTAMP,200005484,200002306,2,Celana & Pakaian Kerja Kontraktor,000005484
CURRENT_TIMESTAMP,CURRENT_TIMESTAMP,200002292,200002306,2,Jas Putih,000002292
CURRENT_TIMESTAMP,CURRENT_TIMESTAMP,200005878,200002306,2,Pakaian Penerbangan,000005878
CURRENT_TIMESTAMP,CURRENT_TIMESTAMP,200005949,200002306,2,Seragam Militer,000005949
CURRENT_TIMESTAMP,CURRENT_TIMESTAMP,200003598,200002306,2,Seragam Olahraga,000003598
CURRENT_TIMESTAMP,CURRENT_TIMESTAMP,200003439,200003598,2,Kostum Bola Basket,000003439
CURRENT_TIMESTAMP,CURRENT_TIMESTAMP,200003191,200003598,2,Seragam Baseball,000003191
CURRENT_TIMESTAMP,CURRENT_TIMESTAMP,200003852,200003598,2,Seragam Gulat,000003852
CURRENT_TIMESTAMP,CURRENT_TIMESTAMP,200003958,200003598,2,Seragam Hoki,000003958
CURRENT_TIMESTAMP,CURRENT_TIMESTAMP,200003724,200003598,2,Seragam Kriket,000003724
CURRENT_TIMESTAMP,CURRENT_TIMESTAMP,200003253,200003598,2,Seragam Ofisial Pertandingan,000003253
CURRENT_TIMESTAMP,CURRENT_TIMESTAMP,200003683,200003598,2,Seragam Pemandu Sorak,000003683
CURRENT_TIMESTAMP,CURRENT_TIMESTAMP,200004003,200003598,2,Seragam Seni Bela Diri,000004003
CURRENT_TIMESTAMP,CURRENT_TIMESTAMP,200005564,200003598,2,Seragam Sepak Bola,000005564
CURRENT_TIMESTAMP,CURRENT_TIMESTAMP,200003888,200003598,2,Seragam Sepak Bola Amerika,000003888
CURRENT_TIMESTAMP,CURRENT_TIMESTAMP,200003379,200003598,2,Seragam Softball,000003379
CURRENT_TIMESTAMP,CURRENT_TIMESTAMP,200007235,200002306,2,Seragam Penyaji Makanan,000007235
CURRENT_TIMESTAMP,CURRENT_TIMESTAMP,200007236,200007235,2,Celana Koki,000007236
CURRENT_TIMESTAMP,CURRENT_TIMESTAMP,200002396,200007235,2,Kemeja Chef,000002396
CURRENT_TIMESTAMP,CURRENT_TIMESTAMP,200007237,200007235,2,Topi Koki,000007237
CURRENT_TIMESTAMP,CURRENT_TIMESTAMP,200003414,200002306,2,Seragam Petugas Keamanan,000003414
CURRENT_TIMESTAMP,CURRENT_TIMESTAMP,200000206,200002306,2,Seragam Sekolah,000000206
CURRENT_TIMESTAMP,CURRENT_TIMESTAMP,200007313,200499979,2,Setelan Pakaian,000007313
CURRENT_TIMESTAMP,CURRENT_TIMESTAMP,200000184,200000166,2,Kostum & Aksesori,000000184
CURRENT_TIMESTAMP,CURRENT_TIMESTAMP,200005192,200000184,2,Aksesori Kostum,000005192
CURRENT_TIMESTAMP,CURRENT_TIMESTAMP,200500118,200005192,2,Efek Spesial untuk Kostum,000500118
CURRENT_TIMESTAMP,CURRENT_TIMESTAMP,200005907,200005192,2,Jubah Kostum,000005907
CURRENT_TIMESTAMP,CURRENT_TIMESTAMP,200007304,200005192,2,Kepala Botak Palsu,000007304
CURRENT_TIMESTAMP,CURRENT_TIMESTAMP,200008018,200005192,2,Perhiasan Mainan,000008018
CURRENT_TIMESTAMP,CURRENT_TIMESTAMP,200500008,200005192,2,Produk Tembakau Tiruan,000500008
CURRENT_TIMESTAMP,CURRENT_TIMESTAMP,200008200,200005192,2,Sarung Tangan Kostum,000008200
CURRENT_TIMESTAMP,CURRENT_TIMESTAMP,200008017,200005192,2,Set Aksesori Kostum,000008017
CURRENT_TIMESTAMP,CURRENT_TIMESTAMP,200005426,200005192,2,Topi Kostum,000005426
CURRENT_TIMESTAMP,CURRENT_TIMESTAMP,200005193,200000184,2,Kostum,000005193
CURRENT_TIMESTAMP,CURRENT_TIMESTAMP,200005387,200000184,2,Sepatu Kostum,000005387
CURRENT_TIMESTAMP,CURRENT_TIMESTAMP,200005194,200000184,2,Topeng,000005194
CURRENT_TIMESTAMP,CURRENT_TIMESTAMP,200000188,200000166,2,Perhiasan,000000188
CURRENT_TIMESTAMP,CURRENT_TIMESTAMP,200005122,200000188,2,Aksesori Arloji,000005122
CURRENT_TIMESTAMP,CURRENT_TIMESTAMP,200006870,200005122,2,Pemutar Jam,000006870
CURRENT_TIMESTAMP,CURRENT_TIMESTAMP,200007471,200005122,2,Stiker Jam Tangan,000007471
CURRENT_TIMESTAMP,CURRENT_TIMESTAMP,200005123,200005122,2,Tali Arloji,000005123
CURRENT_TIMESTAMP,CURRENT_TIMESTAMP,200000194,200000188,2,Anting-Anting,000000194
CURRENT_TIMESTAMP,CURRENT_TIMESTAMP,200000197,200000188,2,Bros & Pin,000000197
CURRENT_TIMESTAMP,CURRENT_TIMESTAMP,200000200,200000188,2,Cincin,000000200
CURRENT_TIMESTAMP,CURRENT_TIMESTAMP,200000191,200000188,2,Gelang,000000191
CURRENT_TIMESTAMP,CURRENT_TIMESTAMP,200000189,200000188,2,Gelang Kaki,000000189
CURRENT_TIMESTAMP,CURRENT_TIMESTAMP,200000201,200000188,2,Jam Tangan,000000201
CURRENT_TIMESTAMP,CURRENT_TIMESTAMP,200000196,200000188,2,Kalung,000000196
CURRENT_TIMESTAMP,CURRENT_TIMESTAMP,200000192,200000188,2,Liontin,000000192
CURRENT_TIMESTAMP,CURRENT_TIMESTAMP,200000190,200000188,2,Perhiasan Tubuh,000000190
CURRENT_TIMESTAMP,CURRENT_TIMESTAMP,200006463,200000188,2,Set Perhiasan,000006463
CURRENT_TIMESTAMP,CURRENT_TIMESTAMP,200000187,200000166,2,Sepatu,000000187
CURRENT_TIMESTAMP,CURRENT_TIMESTAMP,200006551,200000166,2,Tas Jinjing,000006551
CURRENT_TIMESTAMP,CURRENT_TIMESTAMP,200002668,200006551,2,Dompet & Klip Uang,000002668
CURRENT_TIMESTAMP,CURRENT_TIMESTAMP,200006170,200006551,2,Gantungan Lencana & Kartu Masuk,000006170
CURRENT_TIMESTAMP,CURRENT_TIMESTAMP,200006169,200006551,2,Kotak Kartu Nama,000006169
CURRENT_TIMESTAMP,CURRENT_TIMESTAMP,200003032,200006551,2,Tas Jinjing,000003032
CURRENT_TIMESTAMP,CURRENT_TIMESTAMP,200000436,null,2,Perabot,000000436
CURRENT_TIMESTAMP,CURRENT_TIMESTAMP,200007248,200000436,2,Aksesori Kursi,000007248
CURRENT_TIMESTAMP,CURRENT_TIMESTAMP,200008206,200007248,2,Suku Cadang Pengganti Kursi Gantung,000008206
CURRENT_TIMESTAMP,CURRENT_TIMESTAMP,200006913,200000436,2,Aksesori Meja,000006913
CURRENT_TIMESTAMP,CURRENT_TIMESTAMP,200006910,200006913,2,Bagian Atas Meja,000006910
CURRENT_TIMESTAMP,CURRENT_TIMESTAMP,200006911,200006913,2,Kaki Meja,000006911
CURRENT_TIMESTAMP,CURRENT_TIMESTAMP,200006915,200000436,2,Aksesori Penyekat Ruangan,000006915
CURRENT_TIMESTAMP,CURRENT_TIMESTAMP,200503765,200000436,2,Aksesori Perabot Kantor,000503765
CURRENT_TIMESTAMP,CURRENT_TIMESTAMP,200007559,200503765,2,Aksesori Kursi Kantor,000007559
CURRENT_TIMESTAMP,CURRENT_TIMESTAMP,200006909,200503765,2,Aksesori Stasiun Kerja & Kubikel,000006909
CURRENT_TIMESTAMP,CURRENT_TIMESTAMP,200503766,200503765,2,Suku Cadang & Aksesori Meja Kerja,000503766
CURRENT_TIMESTAMP,CURRENT_TIMESTAMP,200006963,200000436,2,Aksesori Perabotan Luar Ruangan,000006963
CURRENT_TIMESTAMP,CURRENT_TIMESTAMP,200006964,200006963,2,Penutup Perabotan Luar Ruangan,000006964
CURRENT_TIMESTAMP,CURRENT_TIMESTAMP,200008023,200000436,2,Aksesori Rak,000008023
CURRENT_TIMESTAMP,CURRENT_TIMESTAMP,200008024,200008023,2,Rak Pengganti,000008024
CURRENT_TIMESTAMP,CURRENT_TIMESTAMP,200007212,200000436,2,Aksesori Sofa,000007212
CURRENT_TIMESTAMP,CURRENT_TIMESTAMP,200007213,200007212,2,Pelapis Bantalan Kursi & Sofa,000007213
CURRENT_TIMESTAMP,CURRENT_TIMESTAMP,200500064,200007212,2,Unit Sofa Seksional,000500064
CURRENT_TIMESTAMP,CURRENT_TIMESTAMP,200000441,200000436,2,Bangku,000000441
CURRENT_TIMESTAMP,CURRENT_TIMESTAMP,200006850,200000441,2,Bangku Dapur & Ruang Makan,000006850
CURRENT_TIMESTAMP,CURRENT_TIMESTAMP,200006851,200000441,2,Bangku Lemari,000006851
CURRENT_TIMESTAMP,CURRENT_TIMESTAMP,200004241,200000441,2,Bangku Rias,000004241
CURRENT_TIMESTAMP,CURRENT_TIMESTAMP,200002786,200000436,2,Bantalan Futon,000002786
CURRENT_TIMESTAMP,CURRENT_TIMESTAMP,200000450,200000436,2,Futon,000000450
CURRENT_TIMESTAMP,CURRENT_TIMESTAMP,200006860,200000436,2,Kerangka Futon,000006860
CURRENT_TIMESTAMP,CURRENT_TIMESTAMP,200000442,200000436,2,Kitchen Island,000000442
CURRENT_TIMESTAMP,CURRENT_TIMESTAMP,200006374,200000442,2,Meja Di Tengah Dapur,000006374
CURRENT_TIMESTAMP,CURRENT_TIMESTAMP,200000453,200000442,2,Troli Dapur & Hidangan,000000453
CURRENT_TIMESTAMP,CURRENT_TIMESTAMP,200000443,200000436,2,Kursi,000000443
CURRENT_TIMESTAMP,CURRENT_TIMESTAMP,200000456,200000443,2,Chaise,000000456
CURRENT_TIMESTAMP,CURRENT_TIMESTAMP,200000438,200000443,2,Kursi Bean Bag,000000438
CURRENT_TIMESTAMP,CURRENT_TIMESTAMP,200006499,200000443,2,Kursi Berlengan,000006499
CURRENT_TIMESTAMP,CURRENT_TIMESTAMP,200005886,200000443,2,Kursi Dapur & Ruang Makan,000005886
CURRENT_TIMESTAMP,CURRENT_TIMESTAMP,200007197,200000443,2,Kursi Gantung,000007197
CURRENT_TIMESTAMP,CURRENT_TIMESTAMP,200002002,200000443,2,Kursi Goyang,000002002
CURRENT_TIMESTAMP,CURRENT_TIMESTAMP,200006800,200000443,2,Kursi Khusus Main Game,000006800
CURRENT_TIMESTAMP,CURRENT_TIMESTAMP,200500051,200000443,2,Kursi Lantai,000500051
CURRENT_TIMESTAMP,CURRENT_TIMESTAMP,200003358,200000443,2,Kursi Lipat,000003358
CURRENT_TIMESTAMP,CURRENT_TIMESTAMP,200002919,200000443,2,Kursi Pijat Elektrik,000002919
CURRENT_TIMESTAMP,CURRENT_TIMESTAMP,200006859,200000443,2,Kursi Sofa Tunggal,000006859
CURRENT_TIMESTAMP,CURRENT_TIMESTAMP,200001463,200000443,2,Meja & Kursi Bar,000001463
CURRENT_TIMESTAMP,CURRENT_TIMESTAMP,200006356,200000436,2,Lemari & Tempat Penyimpanan,000006356
CURRENT_TIMESTAMP,CURRENT_TIMESTAMP,200000447,200006356,2,Bufet & Sideboard,000000447
CURRENT_TIMESTAMP,CURRENT_TIMESTAMP,200000448,200006356,2,Kabinet China & Hutch,000000448
CURRENT_TIMESTAMP,CURRENT_TIMESTAMP,200004195,200006356,2,Laci Pakaian,000004195
CURRENT_TIMESTAMP,CURRENT_TIMESTAMP,200005938,200006356,2,Lemari & Loker Penyimpanan,000005938
CURRENT_TIMESTAMP,CURRENT_TIMESTAMP,200006357,200006356,2,Lemari Anggur & Minuman Beralkohol,000006357
CURRENT_TIMESTAMP,CURRENT_TIMESTAMP,200000463,200006356,2,Lemari Arsip,000000463
CURRENT_TIMESTAMP,CURRENT_TIMESTAMP,200006934,200006356,2,Lemari Dapur,000006934
CURRENT_TIMESTAMP,CURRENT_TIMESTAMP,200004063,200006356,2,Lemari Pakaian,000004063
CURRENT_TIMESTAMP,CURRENT_TIMESTAMP,200006358,200006356,2,Lemari Penyimpanan & Rak Media,000006358
CURRENT_TIMESTAMP,CURRENT_TIMESTAMP,200004148,200006356,2,Meja Rias,000004148
CURRENT_TIMESTAMP,CURRENT_TIMESTAMP,200002081,200004148,2,Lemari Kamar Mandi,000002081
CURRENT_TIMESTAMP,CURRENT_TIMESTAMP,200006360,200004148,2,Meja Rias Kamar Tidur,000006360
CURRENT_TIMESTAMP,CURRENT_TIMESTAMP,200465846,200006356,2,Meja Setrika Dalam Lemari,000465846
CURRENT_TIMESTAMP,CURRENT_TIMESTAMP,200004205,200006356,2,Peti Penyimpanan,000004205
CURRENT_TIMESTAMP,CURRENT_TIMESTAMP,200006947,200004205,2,Peti Kayu Penyimpanan,000006947
CURRENT_TIMESTAMP,CURRENT_TIMESTAMP,200004268,200004205,2,Peti Mainan,000004268
CURRENT_TIMESTAMP,CURRENT_TIMESTAMP,200005578,200006356,2,Rak Anggur,000005578
CURRENT_TIMESTAMP,CURRENT_TIMESTAMP,200006539,200006356,2,Rak Majalah,000006539
CURRENT_TIMESTAMP,CURRENT_TIMESTAMP,200006392,200000436,2,Meja,000006392
CURRENT_TIMESTAMP,CURRENT_TIMESTAMP,200004484,200006392,2,Kotatsu,000004484
CURRENT_TIMESTAMP,CURRENT_TIMESTAMP,200000462,200006392,2,Laci Nightstand,000000462
CURRENT_TIMESTAMP,CURRENT_TIMESTAMP,200006351,200006392,2,Meja Aktivitas untuk Anak-anak,000006351
CURRENT_TIMESTAMP,CURRENT_TIMESTAMP,200004355,200006392,2,Meja Dapur & Ruang Makan,000004355
CURRENT_TIMESTAMP,CURRENT_TIMESTAMP,200006369,200006392,2,Meja Hias,000006369
CURRENT_TIMESTAMP,CURRENT_TIMESTAMP,200001395,200006369,2,Meja Kopi,000001395
CURRENT_TIMESTAMP,CURRENT_TIMESTAMP,200001602,200006369,2,Meja Sofa,000001602
CURRENT_TIMESTAMP,CURRENT_TIMESTAMP,200001549,200006369,2,Meja Sudut,000001549
CURRENT_TIMESTAMP,CURRENT_TIMESTAMP,200004080,200006392,2,Meja Lipat,000004080
CURRENT_TIMESTAMP,CURRENT_TIMESTAMP,200005121,200006392,2,Meja Mesin Jahit,000005121
CURRENT_TIMESTAMP,CURRENT_TIMESTAMP,200002693,200006392,2,Meja Poker & Permainan,000002693
CURRENT_TIMESTAMP,CURRENT_TIMESTAMP,200000458,200000436,2,Ottoman,000000458
CURRENT_TIMESTAMP,CURRENT_TIMESTAMP,200006362,200000436,2,Perabot Kantor,000006362
CURRENT_TIMESTAMP,CURRENT_TIMESTAMP,200002045,200006362,2,Kursi Kantor,000002045
CURRENT_TIMESTAMP,CURRENT_TIMESTAMP,200004191,200006362,2,Meja Kerja,000004191
CURRENT_TIMESTAMP,CURRENT_TIMESTAMP,200006363,200006362,2,Meja Ruang Kerja,000006363
CURRENT_TIMESTAMP,CURRENT_TIMESTAMP,200004317,200006363,2,Meja Ruang Konferensi,000004317
CURRENT_TIMESTAMP,CURRENT_TIMESTAMP,200002242,200006363,2,Meja Seni & Kerajinan,000002242
CURRENT_TIMESTAMP,CURRENT_TIMESTAMP,200500061,200006362,2,Set Perabot Kantor,000500061
CURRENT_TIMESTAMP,CURRENT_TIMESTAMP,200006908,200006362,2,Stasiun Kerja & Kubikel,000006908
CURRENT_TIMESTAMP,CURRENT_TIMESTAMP,200004299,200000436,2,Perabot Luar Ruangan,000004299
CURRENT_TIMESTAMP,CURRENT_TIMESTAMP,200007310,200004299,2,Kotak Penyimpanan Luar Ruangan,000007310
CURRENT_TIMESTAMP,CURRENT_TIMESTAMP,200006822,200004299,2,Meja & Kursi Ottoman Luar Ruangan,000006822
CURRENT_TIMESTAMP,CURRENT_TIMESTAMP,200002684,200004299,2,Meja Luar Ruangan,000002684
CURRENT_TIMESTAMP,CURRENT_TIMESTAMP,200006367,200004299,2,Set Perabot Luar Ruangan,000006367
CURRENT_TIMESTAMP,CURRENT_TIMESTAMP,200006368,200004299,2,Tempat Duduk Luar Ruangan,000006368
CURRENT_TIMESTAMP,CURRENT_TIMESTAMP,200005044,200006368,2,Bangku Luar Ruangan,000005044
CURRENT_TIMESTAMP,CURRENT_TIMESTAMP,200004105,200006368,2,Kursi Berjemur,000004105
CURRENT_TIMESTAMP,CURRENT_TIMESTAMP,200006828,200006368,2,Kursi Luar Ruangan,000006828
CURRENT_TIMESTAMP,CURRENT_TIMESTAMP,200004513,200006368,2,Sofa Luar Ruangan,000004513
CURRENT_TIMESTAMP,CURRENT_TIMESTAMP,200500111,200006368,2,Unit Sofa Pisah untuk Luar Ruangan,000500111
CURRENT_TIMESTAMP,CURRENT_TIMESTAMP,200006892,200004299,2,Tempat Tidur Luar Ruangan,000006892
CURRENT_TIMESTAMP,CURRENT_TIMESTAMP,200000457,200000436,2,Perabot Tempat Perangkat Hiburan & TV,000000457
CURRENT_TIMESTAMP,CURRENT_TIMESTAMP,200000554,200000436,2,Perabotan Bayi & Balita,000000554
CURRENT_TIMESTAMP,CURRENT_TIMESTAMP,200007068,200000554,2,Aksesori Bassinet & Ranjang Ayun,000007068
CURRENT_TIMESTAMP,CURRENT_TIMESTAMP,200007070,200000554,2,Aksesori Boks & Tempat Tidur Balita,000007070
CURRENT_TIMESTAMP,CURRENT_TIMESTAMP,200007072,200007070,2,Bantalan & Kain Penutup Pinggiran Boks Bayi,000007072
CURRENT_TIMESTAMP,CURRENT_TIMESTAMP,200007071,200007070,2,Peralatan Pengubah Tempat Tidur Bayi,000007071
CURRENT_TIMESTAMP,CURRENT_TIMESTAMP,200006969,200000554,2,Aksesori Kursi Makan Bayi & Kursi Booster,000006969
CURRENT_TIMESTAMP,CURRENT_TIMESTAMP,200006393,200000554,2,Bassinet & Ranjang Ayun,000006393
CURRENT_TIMESTAMP,CURRENT_TIMESTAMP,200006394,200000554,2,Boks & Ranjang Balita,000006394
CURRENT_TIMESTAMP,CURRENT_TIMESTAMP,200000559,200000554,2,Kursi Makan & Kursi Booster Bayi,000000559
CURRENT_TIMESTAMP,CURRENT_TIMESTAMP,200000558,200000554,2,Meja Ganti Popok,000000558
CURRENT_TIMESTAMP,CURRENT_TIMESTAMP,200006349,200000554,2,Set Perabot Bayi & Balita,000006349
CURRENT_TIMESTAMP,CURRENT_TIMESTAMP,200000464,200000436,2,Rak,000000464
CURRENT_TIMESTAMP,CURRENT_TIMESTAMP,200000465,200000464,2,Lemari Buku & Rak Berdiri,000000465
CURRENT_TIMESTAMP,CURRENT_TIMESTAMP,200006372,200000464,2,Rak Dinding,000006372
CURRENT_TIMESTAMP,CURRENT_TIMESTAMP,200004163,200000436,2,Sekat Ruang,000004163
CURRENT_TIMESTAMP,CURRENT_TIMESTAMP,200006345,200000436,2,Set Perabot,000006345
CURRENT_TIMESTAMP,CURRENT_TIMESTAMP,200006347,200006345,2,Set Perabot Dapur & Ruang Makan,000006347
CURRENT_TIMESTAMP,CURRENT_TIMESTAMP,200500000,200006345,2,Set Perabot Kamar Mandi,000500000
CURRENT_TIMESTAMP,CURRENT_TIMESTAMP,200006346,200006345,2,Set Perabot Kamar Tidur,000006346
CURRENT_TIMESTAMP,CURRENT_TIMESTAMP,200006348,200006345,2,Set Perabot Ruang Tamu,000006348
CURRENT_TIMESTAMP,CURRENT_TIMESTAMP,200000460,200000436,2,Sofa,000000460
CURRENT_TIMESTAMP,CURRENT_TIMESTAMP,200006433,200000436,2,Tempat Tidur & Aksesori,000006433
CURRENT_TIMESTAMP,CURRENT_TIMESTAMP,200004437,200006433,2,Aksesori Tempat Tidur & Dipan,000004437
CURRENT_TIMESTAMP,CURRENT_TIMESTAMP,200002720,200006433,2,Dasar Kasur,000002720
CURRENT_TIMESTAMP,CURRENT_TIMESTAMP,200000451,200006433,2,Headboard & Footboard,000000451
CURRENT_TIMESTAMP,CURRENT_TIMESTAMP,200002696,200006433,2,Kasur,000002696
CURRENT_TIMESTAMP,CURRENT_TIMESTAMP,200505764,200006433,2,Tempat Tidur & Rangka Tempat Tidur,000505764
CURRENT_TIMESTAMP,CURRENT_TIMESTAMP,200000988,null,2,Peralatan Olahraga,000000988
CURRENT_TIMESTAMP,CURRENT_TIMESTAMP,200499713,200000988,2,Atletik,000499713
CURRENT_TIMESTAMP,CURRENT_TIMESTAMP,200001006,200499713,2,Anggar,000001006
CURRENT_TIMESTAMP,CURRENT_TIMESTAMP,200003261,200001006,2,Perangkat Pelindung Anggar,000003261
CURRENT_TIMESTAMP,CURRENT_TIMESTAMP,200499740,200003261,2,Jaket & Lamé Anggar,000499740
CURRENT_TIMESTAMP,CURRENT_TIMESTAMP,200003707,200003261,2,Masker Anggar,000003707
CURRENT_TIMESTAMP,CURRENT_TIMESTAMP,200003366,200003261,2,Sarung Tangan & Manset Anggar,000003366
CURRENT_TIMESTAMP,CURRENT_TIMESTAMP,200003622,200001006,2,Senjata Anggar,000003622
CURRENT_TIMESTAMP,CURRENT_TIMESTAMP,200001070,200499713,2,Baseball & Softball,000001070
CURRENT_TIMESTAMP,CURRENT_TIMESTAMP,200234671,200001070,2,Alas Pitching Baseball & Softball,000234671
CURRENT_TIMESTAMP,CURRENT_TIMESTAMP,200234670,200001070,2,Bantalan Pitching Baseball & Softball,000234670
CURRENT_TIMESTAMP,CURRENT_TIMESTAMP,200003544,200001070,2,Base & Plate Baseball & Softball,000003544
CURRENT_TIMESTAMP,CURRENT_TIMESTAMP,200003783,200001070,2,Bola Baseball,000003783
CURRENT_TIMESTAMP,CURRENT_TIMESTAMP,200001077,200001070,2,Mesin Pitching,000001077
CURRENT_TIMESTAMP,CURRENT_TIMESTAMP,200001078,200001070,2,Perangkat Pelindung Baseball & Softball,000001078
CURRENT_TIMESTAMP,CURRENT_TIMESTAMP,200499717,200001078,2,Helm & Pelindung Wajah Penangkap Bola,000499717
CURRENT_TIMESTAMP,CURRENT_TIMESTAMP,200003668,200001078,2,Helm Baseball & Softball,000003668
CURRENT_TIMESTAMP,CURRENT_TIMESTAMP,200499715,200001078,2,Pelindung Dada Baseball & Softball,000499715
CURRENT_TIMESTAMP,CURRENT_TIMESTAMP,200499718,200001078,2,Pelindung Kaki Baseball & Softball,000499718
CURRENT_TIMESTAMP,CURRENT_TIMESTAMP,200499716,200001078,2,Set Peralatan Penangkap Bola,000499716
CURRENT_TIMESTAMP,CURRENT_TIMESTAMP,200001076,200001070,2,Sarung Tangan & Kaus Tangan Baseball & Softball,000001076
CURRENT_TIMESTAMP,CURRENT_TIMESTAMP,200003747,200001070,2,Sarung Tangan Baseball & Softball,000003747
CURRENT_TIMESTAMP,CURRENT_TIMESTAMP,200003671,200001070,2,Softball,000003671
CURRENT_TIMESTAMP,CURRENT_TIMESTAMP,200003790,200001070,2,Tongkat Baseball,000003790
CURRENT_TIMESTAMP,CURRENT_TIMESTAMP,200003679,200001070,2,Tongkat Pemukul Softball,000003679
CURRENT_TIMESTAMP,CURRENT_TIMESTAMP,200001081,200499713,2,Bola Basket,000001081
CURRENT_TIMESTAMP,CURRENT_TIMESTAMP,200499751,200001081,2,Alat Bantu Latihan Bola Basket,000499751
CURRENT_TIMESTAMP,CURRENT_TIMESTAMP,200001083,200001081,2,Bola Bola Basket,000001083
CURRENT_TIMESTAMP,CURRENT_TIMESTAMP,200001082,200001081,2,Hoop Bola Basket,000001082
CURRENT_TIMESTAMP,CURRENT_TIMESTAMP,200004676,200001081,2,Suku Cadang & Aksesori Hoop Bola Basket,000004676
CURRENT_TIMESTAMP,CURRENT_TIMESTAMP,200007251,200004676,2,Bantalan Tiang Basket,000007251
CURRENT_TIMESTAMP,CURRENT_TIMESTAMP,200003829,200004676,2,Jaring Bola Basket,000003829
CURRENT_TIMESTAMP,CURRENT_TIMESTAMP,200004089,200004676,2,Papan Pantul Bola Basket,000004089
CURRENT_TIMESTAMP,CURRENT_TIMESTAMP,200004192,200004676,2,Ring Basket,000004192
CURRENT_TIMESTAMP,CURRENT_TIMESTAMP,200004050,200004676,2,Tiang Basket,000004050
CURRENT_TIMESTAMP,CURRENT_TIMESTAMP,200001047,200499713,2,Bola Tangan Beregu,000001047
CURRENT_TIMESTAMP,CURRENT_TIMESTAMP,200499785,200001047,2,Bola Tangan,000499785
CURRENT_TIMESTAMP,CURRENT_TIMESTAMP,200001068,200499713,2,Gulat,000001068
CURRENT_TIMESTAMP,CURRENT_TIMESTAMP,200003057,200001068,2,Perangkat Pelindung Gulat,000003057
CURRENT_TIMESTAMP,CURRENT_TIMESTAMP,200499791,200003057,2,Pelindung Kepala Gulat,000499791
CURRENT_TIMESTAMP,CURRENT_TIMESTAMP,200499790,200003057,2,Pelindung Lutut Gulat,000499790
CURRENT_TIMESTAMP,CURRENT_TIMESTAMP,200499741,200499713,2,Hoki Lapangan & Lacrosse,000499741
CURRENT_TIMESTAMP,CURRENT_TIMESTAMP,200003204,200499741,2,Alat Bantu Latihan Lacrosse,000003204
CURRENT_TIMESTAMP,CURRENT_TIMESTAMP,200001089,200499741,2,Bola Hoki Lapangan,000001089
CURRENT_TIMESTAMP,CURRENT_TIMESTAMP,200003536,200499741,2,Bola Lacrosse,000003536
CURRENT_TIMESTAMP,CURRENT_TIMESTAMP,200003001,200499741,2,Gawang Hoki Lapangan,000003001
CURRENT_TIMESTAMP,CURRENT_TIMESTAMP,200003970,200499741,2,Gawang Lacrosse,000003970
CURRENT_TIMESTAMP,CURRENT_TIMESTAMP,200003336,200499741,2,Komponen Pemukul Lacrosse,000003336
CURRENT_TIMESTAMP,CURRENT_TIMESTAMP,200003423,200003336,2,Batang Pemukul Lacrosse,000003423
CURRENT_TIMESTAMP,CURRENT_TIMESTAMP,200003785,200003336,2,Jala & Tali Lacrosse,000003785
CURRENT_TIMESTAMP,CURRENT_TIMESTAMP,200003418,200003336,2,Kepala Pemukul Lacrosse,000003418
CURRENT_TIMESTAMP,CURRENT_TIMESTAMP,200499744,200499741,2,Perangkat Pelindung Hoki Lapangan & Lacrosse,000499744
CURRENT_TIMESTAMP,CURRENT_TIMESTAMP,200502970,200499744,2,Bantalan Pelindung Hoki Lapangan & Lacrosse,000502970
CURRENT_TIMESTAMP,CURRENT_TIMESTAMP,200499746,200499744,2,Helm Hoki Lapangan & Lacrosse,000499746
CURRENT_TIMESTAMP,CURRENT_TIMESTAMP,200499747,200499744,2,Masker & Kacamata Hoki Lapangan & Lacrosse,000499747
CURRENT_TIMESTAMP,CURRENT_TIMESTAMP,200499745,200499744,2,Sarung Tangan Hoki Lapangan & Lacrosse,000499745
CURRENT_TIMESTAMP,CURRENT_TIMESTAMP,200499742,200499741,2,Set Peralatan Lacrosse,000499742
CURRENT_TIMESTAMP,CURRENT_TIMESTAMP,200001092,200499741,2,Stik Hoki Lapangan,000001092
CURRENT_TIMESTAMP,CURRENT_TIMESTAMP,200003817,200499741,2,Tongkat Lacrosse,000003817
CURRENT_TIMESTAMP,CURRENT_TIMESTAMP,200001087,200499713,2,Kriket,000001087
CURRENT_TIMESTAMP,CURRENT_TIMESTAMP,200499737,200001087,2,Aksesori Tongkat Kriket,000499737
CURRENT_TIMESTAMP,CURRENT_TIMESTAMP,200499738,200499737,2,Pegangan Pemukul Kriket,000499738
CURRENT_TIMESTAMP,CURRENT_TIMESTAMP,200003870,200001087,2,Bola Kriket,000003870
CURRENT_TIMESTAMP,CURRENT_TIMESTAMP,200499734,200001087,2,Gawang Kriket,000499734
CURRENT_TIMESTAMP,CURRENT_TIMESTAMP,200499736,200001087,2,Perangkat Pelindung Kriket,000499736
CURRENT_TIMESTAMP,CURRENT_TIMESTAMP,200003543,200499736,2,Helm Kriket,000003543
CURRENT_TIMESTAMP,CURRENT_TIMESTAMP,200499739,200499736,2,Pelindung Kaki Kriket,000499739
CURRENT_TIMESTAMP,CURRENT_TIMESTAMP,200003339,200499736,2,Sarung Tangan Kriket,000003339
CURRENT_TIMESTAMP,CURRENT_TIMESTAMP,200499735,200001087,2,Set Peralatan Kriket,000499735
CURRENT_TIMESTAMP,CURRENT_TIMESTAMP,200003815,200001087,2,Tongkat Kriket,000003815
CURRENT_TIMESTAMP,CURRENT_TIMESTAMP,200000989,200499713,2,Menari,000000989
CURRENT_TIMESTAMP,CURRENT_TIMESTAMP,200003269,200000989,2,Palang Balet,000003269
CURRENT_TIMESTAMP,CURRENT_TIMESTAMP,200003354,200499713,2,Pemandu Sorak,000003354
CURRENT_TIMESTAMP,CURRENT_TIMESTAMP,200003953,200003354,2,Pom Pom Pemandu Sorak,000003953
CURRENT_TIMESTAMP,CURRENT_TIMESTAMP,200499799,200499713,2,Peralatan Atletik Serbaguna,000499799
CURRENT_TIMESTAMP,CURRENT_TIMESTAMP,200007433,200499799,2,Aksesori Pompa Bola,000007433
CURRENT_TIMESTAMP,CURRENT_TIMESTAMP,200007435,200007433,2,Jarum Pompa Bola,000007435
CURRENT_TIMESTAMP,CURRENT_TIMESTAMP,200008319,200499799,2,Kerucut Olahraga & Ketangkasan,000008319
CURRENT_TIMESTAMP,CURRENT_TIMESTAMP,200006344,200499799,2,Kursi Stadion & Bantalan,000006344
CURRENT_TIMESTAMP,CURRENT_TIMESTAMP,200008222,200499799,2,Masker Latihan di Ketinggian,000008222
CURRENT_TIMESTAMP,CURRENT_TIMESTAMP,200499803,200499799,2,Matras Senam,000499803
CURRENT_TIMESTAMP,CURRENT_TIMESTAMP,200003877,200499799,2,Megafon Olahraga,000003877
CURRENT_TIMESTAMP,CURRENT_TIMESTAMP,200008077,200499799,2,Net & Jaring Latihan,000008077
CURRENT_TIMESTAMP,CURRENT_TIMESTAMP,200499801,200499799,2,Pelindung Mulut & Gigi untuk Olahraga,000499801
CURRENT_TIMESTAMP,CURRENT_TIMESTAMP,200499800,200499799,2,Pelindung Penis Atlet,000499800
CURRENT_TIMESTAMP,CURRENT_TIMESTAMP,200007434,200499799,2,Pompa Bola,000007434
CURRENT_TIMESTAMP,CURRENT_TIMESTAMP,200499802,200499799,2,Rintangan & Tangga Ketangkasan & Kecepatan,000499802
CURRENT_TIMESTAMP,CURRENT_TIMESTAMP,200003971,200499799,2,Semprotan & Kapur Penyerap Keringat,000003971
CURRENT_TIMESTAMP,CURRENT_TIMESTAMP,200007397,200499799,2,Tas & Troli untuk Membawa Bola,000007397
CURRENT_TIMESTAMP,CURRENT_TIMESTAMP,200499903,200499799,2,Troli & Rak Penyimpanan Matras Senam & Latihan,000499903
CURRENT_TIMESTAMP,CURRENT_TIMESTAMP,200499861,200499713,2,Peralatan Wallyball,000499861
CURRENT_TIMESTAMP,CURRENT_TIMESTAMP,200006734,200499713,2,Perlengkapan Broomball,000006734
CURRENT_TIMESTAMP,CURRENT_TIMESTAMP,200006739,200499713,2,Perlengkapan Pelatih & Petugas Olahraga,000006739
CURRENT_TIMESTAMP,CURRENT_TIMESTAMP,200499730,200006739,2,Alat Indikator untuk Wasit,000499730
CURRENT_TIMESTAMP,CURRENT_TIMESTAMP,200499731,200006739,2,Alat Penghitung Pitch Manual,000499731
CURRENT_TIMESTAMP,CURRENT_TIMESTAMP,200499729,200006739,2,Ban Kapten,000499729
CURRENT_TIMESTAMP,CURRENT_TIMESTAMP,200006731,200006739,2,Bendera Penjaga Garis,000006731
CURRENT_TIMESTAMP,CURRENT_TIMESTAMP,200499727,200006739,2,Dompet Wasit,000499727
CURRENT_TIMESTAMP,CURRENT_TIMESTAMP,200006729,200006739,2,Kartu & Bendera Hukuman,000006729
CURRENT_TIMESTAMP,CURRENT_TIMESTAMP,200499732,200006739,2,Koin & Disk Undian,000499732
CURRENT_TIMESTAMP,CURRENT_TIMESTAMP,200499733,200006739,2,Kursi Wasit,000499733
CURRENT_TIMESTAMP,CURRENT_TIMESTAMP,200008505,200006739,2,Papan Skor,000008505
CURRENT_TIMESTAMP,CURRENT_TIMESTAMP,200006730,200006739,2,Peluit Olahraga & Keselamatan,000006730
CURRENT_TIMESTAMP,CURRENT_TIMESTAMP,200505813,200006739,2,Penanda Batas Lapangan & Arena,000505813
CURRENT_TIMESTAMP,CURRENT_TIMESTAMP,200001145,200499713,2,Polo Air,000001145
CURRENT_TIMESTAMP,CURRENT_TIMESTAMP,200003794,200001145,2,Bola Polo Air,000003794
CURRENT_TIMESTAMP,CURRENT_TIMESTAMP,200003678,200001145,2,Gawang Polo Air,000003678
CURRENT_TIMESTAMP,CURRENT_TIMESTAMP,200003575,200001145,2,Topi Polo Air,000003575
CURRENT_TIMESTAMP,CURRENT_TIMESTAMP,200503752,200499713,2,Racquetball & Squash,000503752
CURRENT_TIMESTAMP,CURRENT_TIMESTAMP,200503753,200503752,2,Bola Racquetball & Squash,000503753
CURRENT_TIMESTAMP,CURRENT_TIMESTAMP,200003119,200503752,2,Kacamata Racquetball & Squash,000003119
CURRENT_TIMESTAMP,CURRENT_TIMESTAMP,200003714,200503752,2,Raket Racquetball,000003714
CURRENT_TIMESTAMP,CURRENT_TIMESTAMP,200004002,200503752,2,Raket Squash,000004002
CURRENT_TIMESTAMP,CURRENT_TIMESTAMP,200499783,200503752,2,Sarung Tangan Racquetball & Squash,000499783
CURRENT_TIMESTAMP,CURRENT_TIMESTAMP,200007156,200499713,2,Rounder,000007156
CURRENT_TIMESTAMP,CURRENT_TIMESTAMP,200007157,200007156,2,Sarung Tangan Rounder,000007157
CURRENT_TIMESTAMP,CURRENT_TIMESTAMP,200007158,200007156,2,Tongkat Pemukul Rounder,000007158
CURRENT_TIMESTAMP,CURRENT_TIMESTAMP,200001110,200499713,2,Rugbi,000001110
CURRENT_TIMESTAMP,CURRENT_TIMESTAMP,200003983,200001110,2,Alat Bantu Latihan Rugbi,000003983
CURRENT_TIMESTAMP,CURRENT_TIMESTAMP,200003761,200001110,2,Bola Rugbi,000003761
CURRENT_TIMESTAMP,CURRENT_TIMESTAMP,200499782,200001110,2,Perangkat Pelindung Rugby,000499782
CURRENT_TIMESTAMP,CURRENT_TIMESTAMP,200003077,200499782,2,Pelindung Kepala Rugbi,000003077
CURRENT_TIMESTAMP,CURRENT_TIMESTAMP,200003487,200001110,2,Sarung Tangan Rugbi,000003487
CURRENT_TIMESTAMP,CURRENT_TIMESTAMP,200003881,200001110,2,Tiang Rugbi,000003881
CURRENT_TIMESTAMP,CURRENT_TIMESTAMP,200499915,200499713,2,Seluncur Indah & Hoki,000499915
CURRENT_TIMESTAMP,CURRENT_TIMESTAMP,200003791,200499915,2,Bagian Pengganti & Aksesori Ice Skating,000003791
CURRENT_TIMESTAMP,CURRENT_TIMESTAMP,200004019,200003791,2,Pelindung Blade Sepatu Seluncur,000004019
CURRENT_TIMESTAMP,CURRENT_TIMESTAMP,200003241,200003791,2,Pengencang Tali Sepatu Skate,000003241
CURRENT_TIMESTAMP,CURRENT_TIMESTAMP,200003623,200003791,2,Peruncing Pisau Sepatu Ice Skating,000003623
CURRENT_TIMESTAMP,CURRENT_TIMESTAMP,200007000,200003791,2,Pisau Seluncur Es,000007000
CURRENT_TIMESTAMP,CURRENT_TIMESTAMP,200006708,200003791,2,Sepatu Bot Seluncur Indah,000006708
CURRENT_TIMESTAMP,CURRENT_TIMESTAMP,200007011,200499915,2,Bagian Pengganti Stik Hoki,000007011
CURRENT_TIMESTAMP,CURRENT_TIMESTAMP,200006852,200007011,2,Bilah Tongkat Hoki,000006852
CURRENT_TIMESTAMP,CURRENT_TIMESTAMP,200006942,200007011,2,Tangkai Stik Hoki,000006942
CURRENT_TIMESTAMP,CURRENT_TIMESTAMP,200006077,200499915,2,Bola & Puck Hoki,000006077
CURRENT_TIMESTAMP,CURRENT_TIMESTAMP,200006074,200499915,2,Gawang Hoki,000006074
CURRENT_TIMESTAMP,CURRENT_TIMESTAMP,200006857,200499915,2,Kereta Seluncur Hoki,000006857
CURRENT_TIMESTAMP,CURRENT_TIMESTAMP,200001105,200499915,2,Perangkat Pelindung Hoki,000001105
CURRENT_TIMESTAMP,CURRENT_TIMESTAMP,200499757,200001105,2,Bantalan Bahu & Pelindung Dada Hoki,000499757
CURRENT_TIMESTAMP,CURRENT_TIMESTAMP,200499756,200001105,2,Bantalan Siku Hoki,000499756
CURRENT_TIMESTAMP,CURRENT_TIMESTAMP,200003615,200001105,2,Celana Hockey,000003615
CURRENT_TIMESTAMP,CURRENT_TIMESTAMP,200006080,200001105,2,Helm Hoki,000006080
CURRENT_TIMESTAMP,CURRENT_TIMESTAMP,200499755,200001105,2,Pelindung Tulang Kering & Bantalan Kaki Hoki,000499755
CURRENT_TIMESTAMP,CURRENT_TIMESTAMP,200006078,200001105,2,Sarung Tangan Hoki,000006078
CURRENT_TIMESTAMP,CURRENT_TIMESTAMP,200499890,200001105,2,Set Peralatan Kiper Hoki,000499890
CURRENT_TIMESTAMP,CURRENT_TIMESTAMP,200499975,200001105,2,Suspender & Sabuk Hoki,000499975
CURRENT_TIMESTAMP,CURRENT_TIMESTAMP,200007012,200499915,2,Perawatan Stik Hoki,000007012
CURRENT_TIMESTAMP,CURRENT_TIMESTAMP,200001057,200499915,2,Sepatu Seluncur Es,000001057
CURRENT_TIMESTAMP,CURRENT_TIMESTAMP,200006076,200499915,2,Stik Hoki,000006076
CURRENT_TIMESTAMP,CURRENT_TIMESTAMP,200001000,200499713,2,Senam,000001000
CURRENT_TIMESTAMP,CURRENT_TIMESTAMP,200003774,200001000,2,Gelang-Gelang Senam,000003774
CURRENT_TIMESTAMP,CURRENT_TIMESTAMP,200003779,200001000,2,Kuda-Kuda Lompat,000003779
CURRENT_TIMESTAMP,CURRENT_TIMESTAMP,200003182,200001000,2,Kuda-Kuda Pelana,000003182
CURRENT_TIMESTAMP,CURRENT_TIMESTAMP,200503763,200001000,2,Palang Senam & Balok Keseimbangan,000503763
CURRENT_TIMESTAMP,CURRENT_TIMESTAMP,200003123,200001000,2,Papan Pegas Senam,000003123
CURRENT_TIMESTAMP,CURRENT_TIMESTAMP,200003808,200001000,2,Perlengkapan Pelindung Senam,000003808
CURRENT_TIMESTAMP,CURRENT_TIMESTAMP,200499781,200003808,2,Sarung Tangan Pengaman dalam Senam,000499781
CURRENT_TIMESTAMP,CURRENT_TIMESTAMP,200001111,200499713,2,Sepak Bola,000001111
CURRENT_TIMESTAMP,CURRENT_TIMESTAMP,200006055,200001111,2,Aksesori Gawang Sepakbola,000006055
CURRENT_TIMESTAMP,CURRENT_TIMESTAMP,200003973,200001111,2,Bendera Tendangan Sudut,000003973
CURRENT_TIMESTAMP,CURRENT_TIMESTAMP,200001112,200001111,2,Bola Sepak Bola,000001112
CURRENT_TIMESTAMP,CURRENT_TIMESTAMP,200001113,200001111,2,Gawang Sepak Bola,000001113
CURRENT_TIMESTAMP,CURRENT_TIMESTAMP,200499784,200001111,2,Perangkat Pelindung Sepak Bola,000499784
CURRENT_TIMESTAMP,CURRENT_TIMESTAMP,200001114,200499784,2,Pelindung Tulang Kering Sepak Bola,000001114
CURRENT_TIMESTAMP,CURRENT_TIMESTAMP,200003141,200001111,2,Sarung Tangan Kiper,000003141
CURRENT_TIMESTAMP,CURRENT_TIMESTAMP,200001093,200499713,2,Sepak Bola Amerika,000001093
CURRENT_TIMESTAMP,CURRENT_TIMESTAMP,200001094,200001093,2,Bola Sepak Bola Amerika,000001094
CURRENT_TIMESTAMP,CURRENT_TIMESTAMP,200003656,200001093,2,Kicking Tee & Penahan Bola Football,000003656
CURRENT_TIMESTAMP,CURRENT_TIMESTAMP,200003998,200001093,2,Peralatan Latihan Sepak Bola Amerika,000003998
CURRENT_TIMESTAMP,CURRENT_TIMESTAMP,200499779,200003998,2,Dummy & Sled untuk Sepak Bola Amerika,000499779
CURRENT_TIMESTAMP,CURRENT_TIMESTAMP,200001097,200001093,2,Perangkat Pelindung Sepak Bola Amerika,000001097
CURRENT_TIMESTAMP,CURRENT_TIMESTAMP,200003060,200001097,2,Aksesori Helm Sepak Bola Amerika,000003060
CURRENT_TIMESTAMP,CURRENT_TIMESTAMP,200003343,200003060,2,Bantalan Helm Sepak Bola Amerika,000003343
CURRENT_TIMESTAMP,CURRENT_TIMESTAMP,200003090,200003060,2,Pelindung Wajah Sepak Bola Amerika,000003090
CURRENT_TIMESTAMP,CURRENT_TIMESTAMP,200003247,200003060,2,Tali Pengikat Dagu Sepak Bola Amerika,000003247
CURRENT_TIMESTAMP,CURRENT_TIMESTAMP,200003063,200003060,2,Visor Helm Sepak Bola Amerika,000003063
CURRENT_TIMESTAMP,CURRENT_TIMESTAMP,200003621,200001097,2,Bantalan Bahu Football,000003621
CURRENT_TIMESTAMP,CURRENT_TIMESTAMP,200003510,200001097,2,Celana Pelindung Sepak Bola Amerika,000003510
CURRENT_TIMESTAMP,CURRENT_TIMESTAMP,200001098,200001097,2,Helm Sepak Bola Amerika,000001098
CURRENT_TIMESTAMP,CURRENT_TIMESTAMP,200003497,200001097,2,Pelindung Leher Sepak Bola Amerika,000003497
CURRENT_TIMESTAMP,CURRENT_TIMESTAMP,200499778,200001097,2,Pelindung Tulang Rusuk untuk Sepak Bola Amerika,000499778
CURRENT_TIMESTAMP,CURRENT_TIMESTAMP,200003442,200001093,2,Sarung Tangan Sepak Bola Amerika,000003442
CURRENT_TIMESTAMP,CURRENT_TIMESTAMP,200003492,200001093,2,Tiang Gawang Sepak Bola Amerika,000003492
CURRENT_TIMESTAMP,CURRENT_TIMESTAMP,200001065,200499713,2,Tenis,000001065
CURRENT_TIMESTAMP,CURRENT_TIMESTAMP,200003658,200001065,2,Aksesori Raket Tenis,000003658
CURRENT_TIMESTAMP,CURRENT_TIMESTAMP,200003295,200003658,2,Grommet Raket Tenis,000003295
CURRENT_TIMESTAMP,CURRENT_TIMESTAMP,200003403,200003658,2,Pegangan & Pelapis Pegangan Raket Tenis,000003403
CURRENT_TIMESTAMP,CURRENT_TIMESTAMP,200003352,200003658,2,Peredam Getaran Raket,000003352
CURRENT_TIMESTAMP,CURRENT_TIMESTAMP,200003922,200003658,2,Senar Raket Tenis,000003922
CURRENT_TIMESTAMP,CURRENT_TIMESTAMP,200003638,200003658,2,Tas Raket Tenis,000003638
CURRENT_TIMESTAMP,CURRENT_TIMESTAMP,200003113,200001065,2,Bola Tenis,000003113
CURRENT_TIMESTAMP,CURRENT_TIMESTAMP,200003985,200001065,2,Mesin Pingpong,000003985
CURRENT_TIMESTAMP,CURRENT_TIMESTAMP,200003961,200001065,2,Net Tenis,000003961
CURRENT_TIMESTAMP,CURRENT_TIMESTAMP,200003565,200001065,2,Penyimpan Bola Tenis,000003565
CURRENT_TIMESTAMP,CURRENT_TIMESTAMP,200003906,200001065,2,Raket Tenis,000003906
CURRENT_TIMESTAMP,CURRENT_TIMESTAMP,200003105,200001065,2,Troli & Keranjang Bola Tenis,000003105
CURRENT_TIMESTAMP,CURRENT_TIMESTAMP,200499719,200499713,2,Tinju & Seni Bela Diri,000499719
CURRENT_TIMESTAMP,CURRENT_TIMESTAMP,200003411,200499719,2,Komponen Ring Tinju,000003411
CURRENT_TIMESTAMP,CURRENT_TIMESTAMP,200499720,200499719,2,Peralatan Latihan Tinju & Seni Bela Diri,000499720
CURRENT_TIMESTAMP,CURRENT_TIMESTAMP,200007129,200499720,2,Aksesori Samsak Tinju,000007129
CURRENT_TIMESTAMP,CURRENT_TIMESTAMP,200499721,200499720,2,Bantal Samsak Latihan Bela Diri,000499721
CURRENT_TIMESTAMP,CURRENT_TIMESTAMP,200499769,200499720,2,Bantalan Latihan Tinju & MMA,000499769
CURRENT_TIMESTAMP,CURRENT_TIMESTAMP,200007116,200499720,2,Boneka Dummy untuk Latihan Bela Diri,000007116
CURRENT_TIMESTAMP,CURRENT_TIMESTAMP,200003297,200499720,2,Samsak,000003297
CURRENT_TIMESTAMP,CURRENT_TIMESTAMP,200004008,200499719,2,Perangkat Pelindung Tinju & Bela Diri,000004008
CURRENT_TIMESTAMP,CURRENT_TIMESTAMP,200499726,200004008,2,Handwrap untuk Tinju & MMA,000499726
CURRENT_TIMESTAMP,CURRENT_TIMESTAMP,200499723,200004008,2,Pelindung Badan Tinju & Seni Bela Diri,000499723
CURRENT_TIMESTAMP,CURRENT_TIMESTAMP,200499722,200004008,2,Pelindung Kepala Tinju & Seni Bela Diri,000499722
CURRENT_TIMESTAMP,CURRENT_TIMESTAMP,200499725,200004008,2,Pelindung Lengan Tinju & Seni Bela Diri,000499725
CURRENT_TIMESTAMP,CURRENT_TIMESTAMP,200499724,200004008,2,Pelindung Tulang Kering MMA,000499724
CURRENT_TIMESTAMP,CURRENT_TIMESTAMP,200003235,200004008,2,Sarung Tinju & Sasaran Pukul,000003235
CURRENT_TIMESTAMP,CURRENT_TIMESTAMP,200003652,200499719,2,Ring Tinju,000003652
CURRENT_TIMESTAMP,CURRENT_TIMESTAMP,200003717,200499719,2,Sabuk Bela Diri,000003717
CURRENT_TIMESTAMP,CURRENT_TIMESTAMP,200004282,200499719,2,Senjata Seni Bela Diri,000004282
CURRENT_TIMESTAMP,CURRENT_TIMESTAMP,200001060,200499713,2,Trek & Lapangan,000001060
CURRENT_TIMESTAMP,CURRENT_TIMESTAMP,200499786,200001060,2,Balok Start Lari Cepat,000499786
CURRENT_TIMESTAMP,CURRENT_TIMESTAMP,200003770,200001060,2,Bola Tolak Peluru,000003770
CURRENT_TIMESTAMP,CURRENT_TIMESTAMP,200003478,200001060,2,Cakram,000003478
CURRENT_TIMESTAMP,CURRENT_TIMESTAMP,200003389,200001060,2,Lembing,000003389
CURRENT_TIMESTAMP,CURRENT_TIMESTAMP,200003880,200001060,2,Lontar Martil,000003880
CURRENT_TIMESTAMP,CURRENT_TIMESTAMP,200003987,200001060,2,Matras Pendaratan Lompat Galah,000003987
CURRENT_TIMESTAMP,CURRENT_TIMESTAMP,200003864,200001060,2,Matras Pendaratan Lompat Tinggi,000003864
CURRENT_TIMESTAMP,CURRENT_TIMESTAMP,200003149,200001060,2,Palang Lari Gawang,000003149
CURRENT_TIMESTAMP,CURRENT_TIMESTAMP,200003445,200001060,2,Palang Lompat Tinggi,000003445
CURRENT_TIMESTAMP,CURRENT_TIMESTAMP,200003997,200001060,2,Pistol Aba-aba,000003997
CURRENT_TIMESTAMP,CURRENT_TIMESTAMP,200003878,200001060,2,Tongkat Estafet,000003878
CURRENT_TIMESTAMP,CURRENT_TIMESTAMP,200004020,200001060,2,Tongkat Lompat Galah,000004020
CURRENT_TIMESTAMP,CURRENT_TIMESTAMP,200001115,200499713,2,Voli,000001115
CURRENT_TIMESTAMP,CURRENT_TIMESTAMP,200499787,200001115,2,Alat Bantu Latihan Bola Voli,000499787
CURRENT_TIMESTAMP,CURRENT_TIMESTAMP,200001116,200001115,2,Bola Voli,000001116
CURRENT_TIMESTAMP,CURRENT_TIMESTAMP,200001117,200001115,2,Net Bola Voli,000001117
CURRENT_TIMESTAMP,CURRENT_TIMESTAMP,200499788,200001115,2,Perangkat Pelindung Bola Voli,000499788
CURRENT_TIMESTAMP,CURRENT_TIMESTAMP,200499789,200499788,2,Pelindung Lutut Bola Voli,000499789
CURRENT_TIMESTAMP,CURRENT_TIMESTAMP,200000990,200000988,2,Olahraga & Kebugaran,000000990
CURRENT_TIMESTAMP,CURRENT_TIMESTAMP,200499797,200000990,2,Ab Wheel & Roller,000499797
CURRENT_TIMESTAMP,CURRENT_TIMESTAMP,200006337,200000990,2,Aksesori Rol Busa,000006337
CURRENT_TIMESTAMP,CURRENT_TIMESTAMP,200006338,200006337,2,Tas Penyimpanan Rol Busa,000006338
CURRENT_TIMESTAMP,CURRENT_TIMESTAMP,200004669,200000990,2,Alas Peralatan Fitness,000004669
CURRENT_TIMESTAMP,CURRENT_TIMESTAMP,200499912,200000990,2,Alat Fitness Power Tower,000499912
CURRENT_TIMESTAMP,CURRENT_TIMESTAMP,200499796,200000990,2,Alat Latihan Keseimbangan,000499796
CURRENT_TIMESTAMP,CURRENT_TIMESTAMP,200499798,200000990,2,Alat Latihan Suspensi,000499798
CURRENT_TIMESTAMP,CURRENT_TIMESTAMP,200006867,200000990,2,Alat Olahraga Jari & Tangan,000006867
CURRENT_TIMESTAMP,CURRENT_TIMESTAMP,200499793,200000990,2,Angkat Beban,000499793
CURRENT_TIMESTAMP,CURRENT_TIMESTAMP,200006452,200499793,2,Aksesori Angkat Beban,000006452
CURRENT_TIMESTAMP,CURRENT_TIMESTAMP,200003271,200006452,2,Batang Barbel,000003271
CURRENT_TIMESTAMP,CURRENT_TIMESTAMP,200499794,200006452,2,Penahan Barbel Angkat Besi,000499794
CURRENT_TIMESTAMP,CURRENT_TIMESTAMP,200008083,200006452,2,Rak Tempat Barbel,000008083
CURRENT_TIMESTAMP,CURRENT_TIMESTAMP,200003217,200499793,2,Aksesori Perlengkapan Angkat Beban & Bangku Fitness,000003217
CURRENT_TIMESTAMP,CURRENT_TIMESTAMP,200003542,200499793,2,Peralatan Latihan & Rak Angkat Beban,000003542
CURRENT_TIMESTAMP,CURRENT_TIMESTAMP,200003164,200499793,2,Perlengkapan Angkat Beban,000003164
CURRENT_TIMESTAMP,CURRENT_TIMESTAMP,200003654,200499793,2,Sabuk Angkat Beban,000003654
CURRENT_TIMESTAMP,CURRENT_TIMESTAMP,200003858,200499793,2,Sarung Tangan & Deker Tangan Angkat Beban,000003858
CURRENT_TIMESTAMP,CURRENT_TIMESTAMP,200499795,200000990,2,Bangku Latihan,000499795
CURRENT_TIMESTAMP,CURRENT_TIMESTAMP,200355576,200000990,2,Bangku dan Pegangan Alat Fitness Inversion,000355576
CURRENT_TIMESTAMP,CURRENT_TIMESTAMP,200000993,200000990,2,Bola Fitness,000000993
CURRENT_TIMESTAMP,CURRENT_TIMESTAMP,200003938,200000990,2,Bola Latihan,000003938
CURRENT_TIMESTAMP,CURRENT_TIMESTAMP,200007174,200000990,2,Bola Reaksi,000007174
CURRENT_TIMESTAMP,CURRENT_TIMESTAMP,200008471,200000990,2,Exercise Wedge,000008471
CURRENT_TIMESTAMP,CURRENT_TIMESTAMP,200499792,200000990,2,Kardio,000499792
CURRENT_TIMESTAMP,CURRENT_TIMESTAMP,200004598,200499792,2,Aksesori Mesin Kardio,000004598
CURRENT_TIMESTAMP,CURRENT_TIMESTAMP,200499701,200004598,2,Aksesori Mesin Dayung,000499701
CURRENT_TIMESTAMP,CURRENT_TIMESTAMP,200499703,200004598,2,Aksesori Mesin Eliptikal,000499703
CURRENT_TIMESTAMP,CURRENT_TIMESTAMP,200499702,200004598,2,Aksesori Sepeda Kebugaran,000499702
CURRENT_TIMESTAMP,CURRENT_TIMESTAMP,200499700,200004598,2,Aksesori Stair Climber & Stepper,000499700
CURRENT_TIMESTAMP,CURRENT_TIMESTAMP,200499699,200004598,2,Aksesori Treadmill,000499699
CURRENT_TIMESTAMP,CURRENT_TIMESTAMP,200004589,200499792,2,Mesin Kardio,000004589
CURRENT_TIMESTAMP,CURRENT_TIMESTAMP,200000992,200004589,2,Alat Latihan Eliptikal,000000992
CURRENT_TIMESTAMP,CURRENT_TIMESTAMP,200000995,200004589,2,Mesin Dayung,000000995
CURRENT_TIMESTAMP,CURRENT_TIMESTAMP,200000994,200004589,2,Sepeda Fitness,000000994
CURRENT_TIMESTAMP,CURRENT_TIMESTAMP,200000996,200004589,2,Stair Climber & Stepper,000000996
CURRENT_TIMESTAMP,CURRENT_TIMESTAMP,200000997,200004589,2,Treadmill,000000997
CURRENT_TIMESTAMP,CURRENT_TIMESTAMP,200002614,200499792,2,Tali Lompat,000002614
CURRENT_TIMESTAMP,CURRENT_TIMESTAMP,200505302,200000990,2,Lampu Pengaman & Reflektor Olahraga,000505302
CURRENT_TIMESTAMP,CURRENT_TIMESTAMP,200008066,200000990,2,Mesin Landasan Getar,000008066
CURRENT_TIMESTAMP,CURRENT_TIMESTAMP,200006103,200000990,2,Pakaian Berpemberat,000006103
CURRENT_TIMESTAMP,CURRENT_TIMESTAMP,200008215,200000990,2,Palang Push Up & Pull Up,000008215
CURRENT_TIMESTAMP,CURRENT_TIMESTAMP,200237166,200000990,2,Papan Aerobik,000237166
CURRENT_TIMESTAMP,CURRENT_TIMESTAMP,200008062,200000990,2,Parasut Kecepatan & Ketahanan,000008062
CURRENT_TIMESTAMP,CURRENT_TIMESTAMP,200005319,200000990,2,Rol Busa,000005319
CURRENT_TIMESTAMP,CURRENT_TIMESTAMP,200499978,200000990,2,Set Peralatan & Mesin Fitness,000499978
CURRENT_TIMESTAMP,CURRENT_TIMESTAMP,200005693,200000990,2,Stopwatch,000005693
CURRENT_TIMESTAMP,CURRENT_TIMESTAMP,200005869,200000990,2,Tali untuk Fitness,000005869
CURRENT_TIMESTAMP,CURRENT_TIMESTAMP,200000999,200000990,2,Yoga & Pilates,000000999
CURRENT_TIMESTAMP,CURRENT_TIMESTAMP,200006750,200000999,2,Balok Yoga & Pilates,000006750
CURRENT_TIMESTAMP,CURRENT_TIMESTAMP,200006743,200000999,2,Handuk Yoga & Pilates,000006743
CURRENT_TIMESTAMP,CURRENT_TIMESTAMP,200003640,200000999,2,Matras Yoga & Pilates,000003640
CURRENT_TIMESTAMP,CURRENT_TIMESTAMP,200003810,200000999,2,Mesin Pilates,000003810
CURRENT_TIMESTAMP,CURRENT_TIMESTAMP,200005107,200000999,2,Tas & Tali Matras Yoga,000005107
CURRENT_TIMESTAMP,CURRENT_TIMESTAMP,200001001,200000988,2,Permainan Dalam Ruangan,000001001
CURRENT_TIMESTAMP,CURRENT_TIMESTAMP,200001003,200001001,2,Biliar,000001003
CURRENT_TIMESTAMP,CURRENT_TIMESTAMP,200003222,200001003,2,Aksesori Stik Biliar,000003222
CURRENT_TIMESTAMP,CURRENT_TIMESTAMP,200499994,200003222,2,Kapur Stik Biliar,000499994
CURRENT_TIMESTAMP,CURRENT_TIMESTAMP,200499993,200003222,2,Kotak Stik Biliar,000499993
CURRENT_TIMESTAMP,CURRENT_TIMESTAMP,200003720,200003222,2,Rak Tongkat Biliar,000003720
CURRENT_TIMESTAMP,CURRENT_TIMESTAMP,200003135,200001003,2,Bola Biliar,000003135
CURRENT_TIMESTAMP,CURRENT_TIMESTAMP,200003910,200001003,2,Bridge & Stik Biliar,000003910
CURRENT_TIMESTAMP,CURRENT_TIMESTAMP,200003469,200001003,2,Lampu Meja Biliar,000003469
CURRENT_TIMESTAMP,CURRENT_TIMESTAMP,200003139,200001003,2,Meja Biliar,000003139
CURRENT_TIMESTAMP,CURRENT_TIMESTAMP,200003059,200001003,2,Rak Bola Biliar,000003059
CURRENT_TIMESTAMP,CURRENT_TIMESTAMP,200003755,200001003,2,Sarung Tangan Biliar,000003755
CURRENT_TIMESTAMP,CURRENT_TIMESTAMP,200003183,200001003,2,Suku Cadang & Aksesori Meja Biliar,000003183
CURRENT_TIMESTAMP,CURRENT_TIMESTAMP,200003574,200003183,2,Kantung Meja Biliar,000003574
CURRENT_TIMESTAMP,CURRENT_TIMESTAMP,200003547,200003183,2,Lap Meja Biliar,000003547
CURRENT_TIMESTAMP,CURRENT_TIMESTAMP,200008065,200003183,2,Penutup Meja Biliar,000008065
CURRENT_TIMESTAMP,CURRENT_TIMESTAMP,200003754,200003183,2,Sikat Meja Biliar,000003754
CURRENT_TIMESTAMP,CURRENT_TIMESTAMP,200001004,200001001,2,Bowling,000001004
CURRENT_TIMESTAMP,CURRENT_TIMESTAMP,200003219,200001004,2,Bola Bowling,000003219
CURRENT_TIMESTAMP,CURRENT_TIMESTAMP,200003260,200001004,2,Pendukung Pergelangan Tangan Bowling,000003260
CURRENT_TIMESTAMP,CURRENT_TIMESTAMP,200003669,200001004,2,Pin Bowling,000003669
CURRENT_TIMESTAMP,CURRENT_TIMESTAMP,200003535,200001004,2,Sarung Tangan Bowling,000003535
CURRENT_TIMESTAMP,CURRENT_TIMESTAMP,200003698,200001004,2,Tas Bola Bowling,000003698
CURRENT_TIMESTAMP,CURRENT_TIMESTAMP,200001007,200001001,2,Foosball,000001007
CURRENT_TIMESTAMP,CURRENT_TIMESTAMP,200003641,200001007,2,Bola Sepak Bola Meja,000003641
CURRENT_TIMESTAMP,CURRENT_TIMESTAMP,200003524,200001007,2,Komponen & Aksesori Meja Foosball,000003524
CURRENT_TIMESTAMP,CURRENT_TIMESTAMP,200003847,200001007,2,Meja Foosball,000003847
CURRENT_TIMESTAMP,CURRENT_TIMESTAMP,200001002,200001001,2,Hoki Udara,000001002
CURRENT_TIMESTAMP,CURRENT_TIMESTAMP,200003548,200001002,2,Komponen Meja Hoki Udara,000003548
CURRENT_TIMESTAMP,CURRENT_TIMESTAMP,200003245,200001002,2,Meja Hoki Udara,000003245
CURRENT_TIMESTAMP,CURRENT_TIMESTAMP,200505330,200001002,2,Peralatan Hoki Udara,000505330
CURRENT_TIMESTAMP,CURRENT_TIMESTAMP,200007010,200001001,2,Meja Multi Permainan,000007010
CURRENT_TIMESTAMP,CURRENT_TIMESTAMP,200001005,200001001,2,Melempar Dart,000001005
CURRENT_TIMESTAMP,CURRENT_TIMESTAMP,200003957,200001005,2,Backboard Dart,000003957
CURRENT_TIMESTAMP,CURRENT_TIMESTAMP,200003839,200001005,2,Dart,000003839
CURRENT_TIMESTAMP,CURRENT_TIMESTAMP,200003559,200001005,2,Papan Dart,000003559
CURRENT_TIMESTAMP,CURRENT_TIMESTAMP,200003327,200001005,2,Suku Cadang Dart,000003327
CURRENT_TIMESTAMP,CURRENT_TIMESTAMP,200003109,200003327,2,Batang Dart,000003109
CURRENT_TIMESTAMP,CURRENT_TIMESTAMP,200003766,200003327,2,Sayap Ekor Dart,000003766
CURRENT_TIMESTAMP,CURRENT_TIMESTAMP,200003250,200003327,2,Ujung Dart,000003250
CURRENT_TIMESTAMP,CURRENT_TIMESTAMP,200001008,200001001,2,Pingpong,000001008
CURRENT_TIMESTAMP,CURRENT_TIMESTAMP,200003900,200001008,2,Aksesori Bat Pingpong,000003900
CURRENT_TIMESTAMP,CURRENT_TIMESTAMP,200003132,200001008,2,Aksesori Robot Pingpong,000003132
CURRENT_TIMESTAMP,CURRENT_TIMESTAMP,200003375,200001008,2,Bat Pingpong,000003375
CURRENT_TIMESTAMP,CURRENT_TIMESTAMP,200003964,200001008,2,Bola Pingpong,000003964
CURRENT_TIMESTAMP,CURRENT_TIMESTAMP,200003788,200001008,2,Jaring & Tiang Jaring Tenis Meja,000003788
CURRENT_TIMESTAMP,CURRENT_TIMESTAMP,200003345,200001008,2,Meja Pingpong,000003345
CURRENT_TIMESTAMP,CURRENT_TIMESTAMP,200003546,200001008,2,Robot Pingpong,000003546
CURRENT_TIMESTAMP,CURRENT_TIMESTAMP,200001009,200001001,2,Shuffleboard di Atas Meja,000001009
CURRENT_TIMESTAMP,CURRENT_TIMESTAMP,200003996,200001009,2,Bubuk Shuffleboard di Atas Meja,000003996
CURRENT_TIMESTAMP,CURRENT_TIMESTAMP,200003148,200001009,2,Meja Shuffleboard,000003148
CURRENT_TIMESTAMP,CURRENT_TIMESTAMP,200004021,200001009,2,Puck Shuffleboard di Atas Meja,000004021
CURRENT_TIMESTAMP,CURRENT_TIMESTAMP,200001011,200000988,2,Rekreasi Luar Ruangan,000001011
CURRENT_TIMESTAMP,CURRENT_TIMESTAMP,200005998,200001011,2,Aksesori Sistem Hidrasi,000005998
CURRENT_TIMESTAMP,CURRENT_TIMESTAMP,200499844,200001011,2,Aktivitas & Olahraga Musim Dingin,000499844
CURRENT_TIMESTAMP,CURRENT_TIMESTAMP,200007539,200499844,2,Kereta Luncur Salju,000007539
CURRENT_TIMESTAMP,CURRENT_TIMESTAMP,200499951,200499844,2,Keselamatan dari Longsoran Salju,000499951
CURRENT_TIMESTAMP,CURRENT_TIMESTAMP,200499877,200499951,2,Kantong Udara Pengaman Longsoran Salju,000499877
CURRENT_TIMESTAMP,CURRENT_TIMESTAMP,200499952,200499951,2,Tongkat Pengukur Kedalaman Longsoran Salju,000499952
CURRENT_TIMESTAMP,CURRENT_TIMESTAMP,200499845,200499844,2,Permainan Ski & Seluncur Salju,000499845
CURRENT_TIMESTAMP,CURRENT_TIMESTAMP,200008203,200499845,2,Aksesori Kacamata Ski & Seluncur Salju,000008203
CURRENT_TIMESTAMP,CURRENT_TIMESTAMP,200005050,200008203,2,Lensa Kacamata Ski & Seluncur Salju,000005050
CURRENT_TIMESTAMP,CURRENT_TIMESTAMP,200505772,200499845,2,Alat Penyetelan Papan Ski & Seluncur Salju,000505772
CURRENT_TIMESTAMP,CURRENT_TIMESTAMP,200001162,200499845,2,Dudukan Sepatu Seluncur Salju,000001162
CURRENT_TIMESTAMP,CURRENT_TIMESTAMP,200001161,200499845,2,Helm Ski & Seluncur Salju,000001161
CURRENT_TIMESTAMP,CURRENT_TIMESTAMP,200003550,200499845,2,Kacamata Ski & Seluncur Salju,000003550
CURRENT_TIMESTAMP,CURRENT_TIMESTAMP,200001164,200499845,2,Papan Seluncur Salju,000001164
CURRENT_TIMESTAMP,CURRENT_TIMESTAMP,200006064,200499845,2,Papan Ski,000006064
CURRENT_TIMESTAMP,CURRENT_TIMESTAMP,200001158,200006064,2,Ski Downhill,000001158
CURRENT_TIMESTAMP,CURRENT_TIMESTAMP,200003331,200006064,2,Ski Lintas Alam,000003331
CURRENT_TIMESTAMP,CURRENT_TIMESTAMP,200006063,200499845,2,Pengikat Papan Ski,000006063
CURRENT_TIMESTAMP,CURRENT_TIMESTAMP,200008074,200499845,2,Pengkilap Papan Ski & Seluncur Salju,000008074
CURRENT_TIMESTAMP,CURRENT_TIMESTAMP,200007558,200499845,2,Rak Penyimpanan Ski & Seluncur Salju,000007558
CURRENT_TIMESTAMP,CURRENT_TIMESTAMP,200006062,200499845,2,Sepatu Bot Ski,000006062
CURRENT_TIMESTAMP,CURRENT_TIMESTAMP,200001163,200499845,2,Sepatu Seluncur Salju,000001163
CURRENT_TIMESTAMP,CURRENT_TIMESTAMP,200005088,200499845,2,Suku Cadang Pengikat Papan Seluncur Salju,000005088
CURRENT_TIMESTAMP,CURRENT_TIMESTAMP,200505296,200499845,2,Suku Cadang Ski Binding,000505296
CURRENT_TIMESTAMP,CURRENT_TIMESTAMP,200499681,200499845,2,Tali Pengikat Ski & Seluncur Salju,000499681
CURRENT_TIMESTAMP,CURRENT_TIMESTAMP,200007224,200499845,2,Tas Papan Ski & Seluncur Salju,000007224
CURRENT_TIMESTAMP,CURRENT_TIMESTAMP,200001157,200499845,2,Tongkat Ski,000001157
CURRENT_TIMESTAMP,CURRENT_TIMESTAMP,200001166,200499844,2,Snowshoeing,000001166
CURRENT_TIMESTAMP,CURRENT_TIMESTAMP,200003073,200001166,2,Alas Sepatu Salju,000003073
CURRENT_TIMESTAMP,CURRENT_TIMESTAMP,200003064,200001166,2,Sepatu Snowshoeing,000003064
CURRENT_TIMESTAMP,CURRENT_TIMESTAMP,200499824,200001011,2,Berburu & Menembak,000499824
CURRENT_TIMESTAMP,CURRENT_TIMESTAMP,200499840,200499824,2,Aksesori Menembak,000499840
CURRENT_TIMESTAMP,CURRENT_TIMESTAMP,200499842,200499840,2,Dudukan Senapan untuk Menembak,000499842
CURRENT_TIMESTAMP,CURRENT_TIMESTAMP,200003170,200499840,2,Sasaran Tembak,000003170
CURRENT_TIMESTAMP,CURRENT_TIMESTAMP,200499841,200499840,2,Tongkat Penyangga Senapan untuk Menembak,000499841
CURRENT_TIMESTAMP,CURRENT_TIMESTAMP,200003136,200499824,2,Berburu,000003136
CURRENT_TIMESTAMP,CURRENT_TIMESTAMP,200006992,200003136,2,Pemberi Makan Binatang Liar,000006992
CURRENT_TIMESTAMP,CURRENT_TIMESTAMP,200008011,200003136,2,Penarik Perhatian Hewan Buruan,000008011
CURRENT_TIMESTAMP,CURRENT_TIMESTAMP,200003583,200008011,2,Pemikat Buruan & Satwa Liar,000003583
CURRENT_TIMESTAMP,CURRENT_TIMESTAMP,200008080,200008011,2,Penghilang Bau & Bau Penarik Perhatian,000008080
CURRENT_TIMESTAMP,CURRENT_TIMESTAMP,200003756,200008011,2,Peniru Suara Hewan,000003756
CURRENT_TIMESTAMP,CURRENT_TIMESTAMP,200008081,200008011,2,Umpan Hewan Buruan,000008081
CURRENT_TIMESTAMP,CURRENT_TIMESTAMP,200007373,200003136,2,Penjernih Pendengaran,000007373
CURRENT_TIMESTAMP,CURRENT_TIMESTAMP,200003674,200003136,2,Perangkap Hewan,000003674
CURRENT_TIMESTAMP,CURRENT_TIMESTAMP,200005917,200003136,2,Perlengkapan Anjing Pemburu,000005917
CURRENT_TIMESTAMP,CURRENT_TIMESTAMP,200003748,200003136,2,Tempat Pengintaian di Pohon,000003748
CURRENT_TIMESTAMP,CURRENT_TIMESTAMP,200001034,200003136,2,Tenda Kamuflase untuk Berburu,000001034
CURRENT_TIMESTAMP,CURRENT_TIMESTAMP,200003125,200499824,2,Menembak Clay Pigeon,000003125
CURRENT_TIMESTAMP,CURRENT_TIMESTAMP,200003528,200003125,2,Clay Pigeon,000003528
CURRENT_TIMESTAMP,CURRENT_TIMESTAMP,200003305,200003125,2,Pelempar Clay Pigeon,000003305
CURRENT_TIMESTAMP,CURRENT_TIMESTAMP,200499834,200499824,2,Paintball & Airsoft,000499834
CURRENT_TIMESTAMP,CURRENT_TIMESTAMP,200002443,200499834,2,Airsoft,000002443
CURRENT_TIMESTAMP,CURRENT_TIMESTAMP,200003093,200002443,2,Airsoft Gun,000003093
CURRENT_TIMESTAMP,CURRENT_TIMESTAMP,200003925,200002443,2,Peluru Airsoft,000003925
CURRENT_TIMESTAMP,CURRENT_TIMESTAMP,200003116,200002443,2,Suku Cadang & Aksesori Airsoft Gun,000003116
CURRENT_TIMESTAMP,CURRENT_TIMESTAMP,200008005,200003116,2,Baterai Airsoft Gun,000008005
CURRENT_TIMESTAMP,CURRENT_TIMESTAMP,200001049,200499834,2,Paintball,000001049
CURRENT_TIMESTAMP,CURRENT_TIMESTAMP,200003408,200001049,2,Granat Paintball,000003408
CURRENT_TIMESTAMP,CURRENT_TIMESTAMP,200006748,200001049,2,Peluncur Granat Paintball,000006748
CURRENT_TIMESTAMP,CURRENT_TIMESTAMP,200003438,200001049,2,Peluru Paintball,000003438
CURRENT_TIMESTAMP,CURRENT_TIMESTAMP,200006781,200001049,2,Rompi & Wadah Peluru Paintball,000006781
CURRENT_TIMESTAMP,CURRENT_TIMESTAMP,200003234,200001049,2,Senapan Paintball,000003234
CURRENT_TIMESTAMP,CURRENT_TIMESTAMP,200003187,200001049,2,Suku Cadang & Aksesori Senapan Paintball,000003187
CURRENT_TIMESTAMP,CURRENT_TIMESTAMP,200008514,200003187,2,Drop Forward Senapan Paintball,000008514
CURRENT_TIMESTAMP,CURRENT_TIMESTAMP,200003690,200003187,2,Laras Senapan Paintball,000003690
CURRENT_TIMESTAMP,CURRENT_TIMESTAMP,200003152,200003187,2,Paintball Hopper,000003152
CURRENT_TIMESTAMP,CURRENT_TIMESTAMP,200003244,200003187,2,Tangki Udara Paintball,000003244
CURRENT_TIMESTAMP,CURRENT_TIMESTAMP,200499835,200499834,2,Perangkat Pelindung Paintball & Airsoft,000499835
CURRENT_TIMESTAMP,CURRENT_TIMESTAMP,200499839,200499835,2,Bantalan Pelindung Paintball & Airsoft,000499839
CURRENT_TIMESTAMP,CURRENT_TIMESTAMP,200499838,200499835,2,Masker & Kacamata Paintball & Airsoft,000499838
CURRENT_TIMESTAMP,CURRENT_TIMESTAMP,200499837,200499835,2,Rompi Paintball & Airsoft,000499837
CURRENT_TIMESTAMP,CURRENT_TIMESTAMP,200499836,200499835,2,Sarung Tangan Paintball & Airsoft,000499836
CURRENT_TIMESTAMP,CURRENT_TIMESTAMP,200001033,200499824,2,Panahan,000001033
CURRENT_TIMESTAMP,CURRENT_TIMESTAMP,200499826,200001033,2,Aksesori Busur & Busur Silang,000499826
CURRENT_TIMESTAMP,CURRENT_TIMESTAMP,200003533,200001033,2,Anak Panah,000003533
CURRENT_TIMESTAMP,CURRENT_TIMESTAMP,200499825,200001033,2,Busur & Busur Silang,000499825
CURRENT_TIMESTAMP,CURRENT_TIMESTAMP,200003332,200499825,2,Busur Compound,000003332
CURRENT_TIMESTAMP,CURRENT_TIMESTAMP,200003715,200499825,2,Busur Recurve & Busur Panah Besar,000003715
CURRENT_TIMESTAMP,CURRENT_TIMESTAMP,200003505,200499825,2,Busur Silang,000003505
CURRENT_TIMESTAMP,CURRENT_TIMESTAMP,200003773,200001033,2,Pelindung Lengan Panahan,000003773
CURRENT_TIMESTAMP,CURRENT_TIMESTAMP,200499833,200001033,2,Sarung Tangan & Releaser Panah,000499833
CURRENT_TIMESTAMP,CURRENT_TIMESTAMP,200003883,200001033,2,Sasaran Panahan,000003883
CURRENT_TIMESTAMP,CURRENT_TIMESTAMP,200003291,200001033,2,Suku Cadang & Aksesori Anak Panah,000003291
CURRENT_TIMESTAMP,CURRENT_TIMESTAMP,200499832,200003291,2,Ekor Anak Panah,000499832
CURRENT_TIMESTAMP,CURRENT_TIMESTAMP,200499830,200003291,2,Kepala Anak Panah & Mata Panah,000499830
CURRENT_TIMESTAMP,CURRENT_TIMESTAMP,200499831,200003291,2,Sayap Anak Panah,000499831
CURRENT_TIMESTAMP,CURRENT_TIMESTAMP,200003757,200001033,2,Tempat Anak Panah,000003757
CURRENT_TIMESTAMP,CURRENT_TIMESTAMP,200007460,200499824,2,Perlengkapan Pelindung Berburu & Menembak,000007460
CURRENT_TIMESTAMP,CURRENT_TIMESTAMP,200007518,200007460,2,Jaket Berburu & Menembak,000007518
CURRENT_TIMESTAMP,CURRENT_TIMESTAMP,200007461,200007460,2,Sarung Tangan Berburu & Menembak,000007461
CURRENT_TIMESTAMP,CURRENT_TIMESTAMP,200001013,200001011,2,Berkemah & Mendaki,000001013
CURRENT_TIMESTAMP,CURRENT_TIMESTAMP,200005655,200001013,2,Aksesori Tenda,000005655
CURRENT_TIMESTAMP,CURRENT_TIMESTAMP,200005656,200005655,2,Alas Tenda,000005656
CURRENT_TIMESTAMP,CURRENT_TIMESTAMP,200499680,200005655,2,Tenda Dalam,000499680
CURRENT_TIMESTAMP,CURRENT_TIMESTAMP,200005657,200005655,2,Teras Tenda,000005657
CURRENT_TIMESTAMP,CURRENT_TIMESTAMP,200005658,200005655,2,Tiang & Pancang Tenda,000005658
CURRENT_TIMESTAMP,CURRENT_TIMESTAMP,200007154,200001013,2,Aksesori Tongkat Mendaki,000007154
CURRENT_TIMESTAMP,CURRENT_TIMESTAMP,200005881,200001013,2,Alas Kantung Tidur,000005881
CURRENT_TIMESTAMP,CURRENT_TIMESTAMP,200001021,200001013,2,Bantalan Tidur,000001021
CURRENT_TIMESTAMP,CURRENT_TIMESTAMP,200001023,200001013,2,Filter & Penjernih Air Portabel,000001023
CURRENT_TIMESTAMP,CURRENT_TIMESTAMP,200005636,200001013,2,Kantong Kompresi,000005636
CURRENT_TIMESTAMP,CURRENT_TIMESTAMP,200001020,200001013,2,Kantong Tidur,000001020
CURRENT_TIMESTAMP,CURRENT_TIMESTAMP,200003538,200001013,2,Kelambu & Tirai Anti Serangga,000003538
CURRENT_TIMESTAMP,CURRENT_TIMESTAMP,200004785,200001013,2,Kompas Navigasi,000004785
CURRENT_TIMESTAMP,CURRENT_TIMESTAMP,200001019,200001013,2,Lampu & Lentera Kemah,000001019
CURRENT_TIMESTAMP,CURRENT_TIMESTAMP,200008079,200001013,2,Penahan Angin,000008079
CURRENT_TIMESTAMP,CURRENT_TIMESTAMP,200003508,200001013,2,Penghangat Tangan Berbahan Kimia,000003508
CURRENT_TIMESTAMP,CURRENT_TIMESTAMP,200001014,200001013,2,Perabotan Kemah,000001014
CURRENT_TIMESTAMP,CURRENT_TIMESTAMP,200004451,200001014,2,Aksesori Kasur Angin & Matras Tidur,000004451
CURRENT_TIMESTAMP,CURRENT_TIMESTAMP,200003695,200001014,2,Kasur Angin,000003695
CURRENT_TIMESTAMP,CURRENT_TIMESTAMP,200003089,200001014,2,Kasur Lipat,000003089
CURRENT_TIMESTAMP,CURRENT_TIMESTAMP,200001016,200001013,2,Peralatan Masak & Makan Berkemah,000001016
CURRENT_TIMESTAMP,CURRENT_TIMESTAMP,200003937,200001013,2,Perlengkapan Berkemah,000003937
CURRENT_TIMESTAMP,CURRENT_TIMESTAMP,200004095,200003937,2,Perkakas & Pisau Multifungsi,000004095
CURRENT_TIMESTAMP,CURRENT_TIMESTAMP,200003495,200003937,2,Pisau Berburu & Bertahan Hidup,000003495
CURRENT_TIMESTAMP,CURRENT_TIMESTAMP,200001022,200001013,2,Tenda,000001022
CURRENT_TIMESTAMP,CURRENT_TIMESTAMP,200502993,200001013,2,Toilet & Pancuran Portabel,000502993
CURRENT_TIMESTAMP,CURRENT_TIMESTAMP,200502994,200502993,2,Pancuran Portabel & Penutup untuk Privasi,000502994
CURRENT_TIMESTAMP,CURRENT_TIMESTAMP,200503009,200502993,2,Toiler Portabel & Perangkat Wadah Kencing,000503009
CURRENT_TIMESTAMP,CURRENT_TIMESTAMP,200003738,200001013,2,Tongkat Hiking,000003738
CURRENT_TIMESTAMP,CURRENT_TIMESTAMP,200001031,200001011,2,Berkuda,000001031
CURRENT_TIMESTAMP,CURRENT_TIMESTAMP,200007215,200001031,2,Aksesori Tali Pelana Kuda,000007215
CURRENT_TIMESTAMP,CURRENT_TIMESTAMP,200008107,200007215,2,Aksesori Pelana Kuda,000008107
CURRENT_TIMESTAMP,CURRENT_TIMESTAMP,200008108,200008107,2,Bantalan & Pelapis Pelana Kuda,000008108
CURRENT_TIMESTAMP,CURRENT_TIMESTAMP,200007216,200008107,2,Rak Pelana Kuda,000007216
CURRENT_TIMESTAMP,CURRENT_TIMESTAMP,200499959,200008107,2,Tas & Selubung Pelana Kuda,000499959
CURRENT_TIMESTAMP,CURRENT_TIMESTAMP,200326122,200008107,2,Tas Sadel & Pannier,000326122
CURRENT_TIMESTAMP,CURRENT_TIMESTAMP,200499820,200007215,2,Kotak Perlengkapan Mengendarai Kuda,000499820
CURRENT_TIMESTAMP,CURRENT_TIMESTAMP,200005594,200001031,2,Pakaian & Aksesori Berkuda,000005594
CURRENT_TIMESTAMP,CURRENT_TIMESTAMP,200003265,200005594,2,Cambuk Kuda,000003265
CURRENT_TIMESTAMP,CURRENT_TIMESTAMP,200006914,200005594,2,Celana Berkuda,000006914
CURRENT_TIMESTAMP,CURRENT_TIMESTAMP,200003821,200005594,2,Helm Berkuda,000003821
CURRENT_TIMESTAMP,CURRENT_TIMESTAMP,200003084,200005594,2,Sarung Tangan Berkuda,000003084
CURRENT_TIMESTAMP,CURRENT_TIMESTAMP,200003257,200001031,2,Perawatan Kuda,000003257
CURRENT_TIMESTAMP,CURRENT_TIMESTAMP,200007481,200003257,2,Camilan Kuda,000007481
CURRENT_TIMESTAMP,CURRENT_TIMESTAMP,200499819,200003257,2,Obat Cacing Kuda,000499819
CURRENT_TIMESTAMP,CURRENT_TIMESTAMP,200007482,200003257,2,Pakan Kuda,000007482
CURRENT_TIMESTAMP,CURRENT_TIMESTAMP,200005569,200003257,2,Pembungkus & Pelindung Kaki Kuda,000005569
CURRENT_TIMESTAMP,CURRENT_TIMESTAMP,200005025,200003257,2,Perawatan Kebersihan Kuda,000005025
CURRENT_TIMESTAMP,CURRENT_TIMESTAMP,200006386,200005025,2,Pencukur & Pemangkas Bulu Kuda,000006386
CURRENT_TIMESTAMP,CURRENT_TIMESTAMP,200499818,200005025,2,Sisir,000499818
CURRENT_TIMESTAMP,CURRENT_TIMESTAMP,200006898,200003257,2,Selimut & Tudung Pelindung Kuda,000006898
CURRENT_TIMESTAMP,CURRENT_TIMESTAMP,200499817,200003257,2,Topeng Pelindung Kuda,000499817
CURRENT_TIMESTAMP,CURRENT_TIMESTAMP,200007459,200003257,2,Vitamin & Suplemen Kuda,000007459
CURRENT_TIMESTAMP,CURRENT_TIMESTAMP,200005593,200001031,2,Perlengkapan Kuda Tunggangan,000005593
CURRENT_TIMESTAMP,CURRENT_TIMESTAMP,200004018,200005593,2,Bit untuk Kuda,000004018
CURRENT_TIMESTAMP,CURRENT_TIMESTAMP,200002210,200005593,2,Pelana,000002210
CURRENT_TIMESTAMP,CURRENT_TIMESTAMP,200008109,200005593,2,Sanggurdi,000008109
CURRENT_TIMESTAMP,CURRENT_TIMESTAMP,200003426,200005593,2,Tali Kekang,000003426
CURRENT_TIMESTAMP,CURRENT_TIMESTAMP,200499710,200005593,2,Tali Kekang Kuda,000499710
CURRENT_TIMESTAMP,CURRENT_TIMESTAMP,200001754,200005593,2,Tali Kendali,000001754
CURRENT_TIMESTAMP,CURRENT_TIMESTAMP,200001491,200005593,2,Tali Pelana,000001491
CURRENT_TIMESTAMP,CURRENT_TIMESTAMP,200002756,200005593,2,Tali Penarik Kuda,000002756
CURRENT_TIMESTAMP,CURRENT_TIMESTAMP,200499709,200005593,2,Tali Penuntun Kuda,000499709
CURRENT_TIMESTAMP,CURRENT_TIMESTAMP,200001025,200001011,2,Bersepeda,000001025
CURRENT_TIMESTAMP,CURRENT_TIMESTAMP,200003214,200001025,2,Aksesori Sepeda,000003214
CURRENT_TIMESTAMP,CURRENT_TIMESTAMP,200005540,200003214,2,Aksesori Komputer Sepeda,000005540
CURRENT_TIMESTAMP,CURRENT_TIMESTAMP,200500067,200003214,2,Aksesori Tempat Duduk Anak untuk Sepeda,000500067
CURRENT_TIMESTAMP,CURRENT_TIMESTAMP,200006445,200003214,2,Bantalan Sadel & Sarung Jok Sepeda,000006445
CURRENT_TIMESTAMP,CURRENT_TIMESTAMP,200003879,200003214,2,Bel & Klakson Sepeda,000003879
CURRENT_TIMESTAMP,CURRENT_TIMESTAMP,200003868,200003214,2,Bike Trainer,000003868
CURRENT_TIMESTAMP,CURRENT_TIMESTAMP,200003719,200003214,2,Fender Sepeda,000003719
CURRENT_TIMESTAMP,CURRENT_TIMESTAMP,200001027,200003214,2,Gembok Sepeda,000001027
CURRENT_TIMESTAMP,CURRENT_TIMESTAMP,200006442,200003214,2,Kain Penutup Sepeda,000006442
CURRENT_TIMESTAMP,CURRENT_TIMESTAMP,200003341,200003214,2,Keranjang Sepeda,000003341
CURRENT_TIMESTAMP,CURRENT_TIMESTAMP,200003243,200003214,2,Komputer Sepeda,000003243
CURRENT_TIMESTAMP,CURRENT_TIMESTAMP,200007448,200003214,2,Manik-manik Hiasan Ruji Sepeda,000007448
CURRENT_TIMESTAMP,CURRENT_TIMESTAMP,200500109,200003214,2,Peralatan Konversi Sepeda Listrik,000500109
CURRENT_TIMESTAMP,CURRENT_TIMESTAMP,200505668,200003214,2,Perkakas Sepeda,000505668
CURRENT_TIMESTAMP,CURRENT_TIMESTAMP,200499694,200003214,2,Perlengkapan & Peralatan Reparasi Ban Sepeda,000499694
CURRENT_TIMESTAMP,CURRENT_TIMESTAMP,200003827,200003214,2,Pompa Ban Sepeda,000003827
CURRENT_TIMESTAMP,CURRENT_TIMESTAMP,200006506,200003214,2,Pompa Shock Sepeda,000006506
CURRENT_TIMESTAMP,CURRENT_TIMESTAMP,200001028,200003214,2,Rak Depan & Belakang Sepeda,000001028
CURRENT_TIMESTAMP,CURRENT_TIMESTAMP,200006048,200003214,2,Rak Papan Olahraga Air untuk Sepeda,000006048
CURRENT_TIMESTAMP,CURRENT_TIMESTAMP,200003631,200003214,2,Roda Bantu Sepeda,000003631
CURRENT_TIMESTAMP,CURRENT_TIMESTAMP,200003428,200003214,2,Sandaran & Penyimpanan Sepeda,000003428
CURRENT_TIMESTAMP,CURRENT_TIMESTAMP,200500092,200003214,2,Setang Sepeda & Hiasannya,000500092
CURRENT_TIMESTAMP,CURRENT_TIMESTAMP,200003368,200003214,2,Spion Sepeda,000003368
CURRENT_TIMESTAMP,CURRENT_TIMESTAMP,200007223,200003214,2,Tali & Pengencang Kaki ke Pedal Sepeda,000007223
CURRENT_TIMESTAMP,CURRENT_TIMESTAMP,200003778,200003214,2,Tas & Keranjang Sepeda,000003778
CURRENT_TIMESTAMP,CURRENT_TIMESTAMP,200003558,200003214,2,Tas & Kotak Angkut Sepeda,000003558
CURRENT_TIMESTAMP,CURRENT_TIMESTAMP,200004145,200003214,2,Tempat Botol Sepeda,000004145
CURRENT_TIMESTAMP,CURRENT_TIMESTAMP,200005842,200003214,2,Tempat Duduk Anak untuk Sepeda,000005842
CURRENT_TIMESTAMP,CURRENT_TIMESTAMP,200003811,200003214,2,Trailer Sepeda,000003811
CURRENT_TIMESTAMP,CURRENT_TIMESTAMP,200003070,200001025,2,Aksesori Sepeda Roda Satu,000003070
CURRENT_TIMESTAMP,CURRENT_TIMESTAMP,200003634,200001025,2,Aksesori Sepeda Roda Tiga,000003634
CURRENT_TIMESTAMP,CURRENT_TIMESTAMP,200003982,200001025,2,Pakaian & Aksesori Sepeda,000003982
CURRENT_TIMESTAMP,CURRENT_TIMESTAMP,200007474,200003982,2,Aksesori Cleat Sepeda,000007474
CURRENT_TIMESTAMP,CURRENT_TIMESTAMP,200007476,200007474,2,Baut Cleat Sepeda,000007476
CURRENT_TIMESTAMP,CURRENT_TIMESTAMP,200007453,200007474,2,Penutup Cleat Sepeda,000007453
CURRENT_TIMESTAMP,CURRENT_TIMESTAMP,200007475,200007474,2,Shim & Pengganjal Cleat Sepeda,000007475
CURRENT_TIMESTAMP,CURRENT_TIMESTAMP,200003118,200003982,2,Cleat Sepeda,000003118
CURRENT_TIMESTAMP,CURRENT_TIMESTAMP,200001029,200003982,2,Helm Sepeda,000001029
CURRENT_TIMESTAMP,CURRENT_TIMESTAMP,200008061,200003982,2,Pelindung Lutut Sepeda,000008061
CURRENT_TIMESTAMP,CURRENT_TIMESTAMP,200003272,200003982,2,Sarung Sepatu Sepeda,000003272
CURRENT_TIMESTAMP,CURRENT_TIMESTAMP,200003246,200003982,2,Sarung Tangan untuk Bersepeda,000003246
CURRENT_TIMESTAMP,CURRENT_TIMESTAMP,200500028,200003982,2,Suku Cadang & Aksesori Helm Sepeda,000500028
CURRENT_TIMESTAMP,CURRENT_TIMESTAMP,200001026,200001025,2,Sepeda,000001026
CURRENT_TIMESTAMP,CURRENT_TIMESTAMP,200001030,200001025,2,Sepeda Roda Satu,000001030
CURRENT_TIMESTAMP,CURRENT_TIMESTAMP,200003531,200001025,2,Sepeda Roda Tiga,000003531
CURRENT_TIMESTAMP,CURRENT_TIMESTAMP,200003618,200001025,2,Suku Cadang Sepeda,000003618
CURRENT_TIMESTAMP,CURRENT_TIMESTAMP,200499871,200003618,2,Adaptor Katup Ban Sepeda,000499871
CURRENT_TIMESTAMP,CURRENT_TIMESTAMP,200004572,200003618,2,Ban Dalam Sepeda,000004572
CURRENT_TIMESTAMP,CURRENT_TIMESTAMP,200004571,200003618,2,Ban Sepeda,000004571
CURRENT_TIMESTAMP,CURRENT_TIMESTAMP,200004603,200003618,2,Garpu Sepeda,000004603
CURRENT_TIMESTAMP,CURRENT_TIMESTAMP,200499868,200003618,2,Groupset Sepeda,000499868
CURRENT_TIMESTAMP,CURRENT_TIMESTAMP,200007477,200003618,2,Headset Sepeda,000007477
CURRENT_TIMESTAMP,CURRENT_TIMESTAMP,200499684,200003618,2,Housing Kabel Sepeda,000499684
CURRENT_TIMESTAMP,CURRENT_TIMESTAMP,200499685,200003618,2,Kabel Sepeda,000499685
CURRENT_TIMESTAMP,CURRENT_TIMESTAMP,200499870,200003618,2,Klep Ban Sepeda,000499870
CURRENT_TIMESTAMP,CURRENT_TIMESTAMP,200004595,200003618,2,Penjepit Tiang Sadel Sepeda,000004595
CURRENT_TIMESTAMP,CURRENT_TIMESTAMP,200003639,200003618,2,Rangka Sepeda,000003639
CURRENT_TIMESTAMP,CURRENT_TIMESTAMP,200003216,200003618,2,Roda Sepeda,000003216
CURRENT_TIMESTAMP,CURRENT_TIMESTAMP,200003292,200003618,2,Sadel Sepeda,000003292
CURRENT_TIMESTAMP,CURRENT_TIMESTAMP,200006960,200003618,2,Setang Ekstensi Sepeda,000006960
CURRENT_TIMESTAMP,CURRENT_TIMESTAMP,200008239,200003618,2,Standar Sepeda,000008239
CURRENT_TIMESTAMP,CURRENT_TIMESTAMP,200004582,200003618,2,Stang Sepeda,000004582
CURRENT_TIMESTAMP,CURRENT_TIMESTAMP,200004583,200003618,2,Stem Sepeda,000004583
CURRENT_TIMESTAMP,CURRENT_TIMESTAMP,200004585,200003618,2,Suku Cadang Drivetrain Sepeda,000004585
CURRENT_TIMESTAMP,CURRENT_TIMESTAMP,200004590,200004585,2,Braket Bawah Sepeda,000004590
CURRENT_TIMESTAMP,CURRENT_TIMESTAMP,200004586,200004585,2,Cassette & Gigi Belakang Sepeda,000004586
CURRENT_TIMESTAMP,CURRENT_TIMESTAMP,200004592,200004585,2,Crank Sepeda,000004592
CURRENT_TIMESTAMP,CURRENT_TIMESTAMP,200004588,200004585,2,Derailleur Sepeda,000004588
CURRENT_TIMESTAMP,CURRENT_TIMESTAMP,200004593,200004585,2,Pedal Sepeda,000004593
CURRENT_TIMESTAMP,CURRENT_TIMESTAMP,200004594,200004585,2,Pemindah Gigi Sepeda,000004594
CURRENT_TIMESTAMP,CURRENT_TIMESTAMP,200004587,200004585,2,Rantai Sepeda,000004587
CURRENT_TIMESTAMP,CURRENT_TIMESTAMP,200004591,200004585,2,Sproket Rantai Sepeda,000004591
CURRENT_TIMESTAMP,CURRENT_TIMESTAMP,200007478,200003618,2,Suku Cadang Headset Sepeda,000007478
CURRENT_TIMESTAMP,CURRENT_TIMESTAMP,200007480,200007478,2,Bantalan Headset Sepeda,000007480
CURRENT_TIMESTAMP,CURRENT_TIMESTAMP,200007479,200007478,2,Pengganjal Headset Sepeda,000007479
CURRENT_TIMESTAMP,CURRENT_TIMESTAMP,200004596,200003618,2,Suku Cadang Kecil Sepeda,000004596
CURRENT_TIMESTAMP,CURRENT_TIMESTAMP,200003740,200003618,2,Suku Cadang Rem Sepeda,000003740
CURRENT_TIMESTAMP,CURRENT_TIMESTAMP,200004574,200003740,2,Kaliper Rem Sepeda,000004574
CURRENT_TIMESTAMP,CURRENT_TIMESTAMP,200004577,200003740,2,Rangkaian Rem Sepeda,000004577
CURRENT_TIMESTAMP,CURRENT_TIMESTAMP,200004576,200003740,2,Rotor Rem Sepeda,000004576
CURRENT_TIMESTAMP,CURRENT_TIMESTAMP,200004575,200003740,2,Tuas Rem Sepeda,000004575
CURRENT_TIMESTAMP,CURRENT_TIMESTAMP,200004597,200003618,2,Suku Cadang Roda Sepeda,000004597
CURRENT_TIMESTAMP,CURRENT_TIMESTAMP,200004599,200004597,2,Hub Sepeda,000004599
CURRENT_TIMESTAMP,CURRENT_TIMESTAMP,200004600,200004597,2,Jeruji Sepeda,000004600
CURRENT_TIMESTAMP,CURRENT_TIMESTAMP,200004601,200004597,2,Nipel Roda Sepeda,000004601
CURRENT_TIMESTAMP,CURRENT_TIMESTAMP,200004602,200004597,2,Pelek Roda Sepeda,000004602
CURRENT_TIMESTAMP,CURRENT_TIMESTAMP,200007538,200004597,2,Pijakan Kaki Sepeda,000007538
CURRENT_TIMESTAMP,CURRENT_TIMESTAMP,200008528,200004597,2,Skewer & As Roda Sepeda,000008528
CURRENT_TIMESTAMP,CURRENT_TIMESTAMP,200499875,200004597,2,Strip Pelek Sepeda,000499875
CURRENT_TIMESTAMP,CURRENT_TIMESTAMP,200500053,200004597,2,Suku Cadang Hub Sepeda,000500053
CURRENT_TIMESTAMP,CURRENT_TIMESTAMP,200004194,200003618,2,Tiang Sadel Sepeda,000004194
CURRENT_TIMESTAMP,CURRENT_TIMESTAMP,200499869,200003618,2,Tutup Klep Ban Sepeda,000499869
CURRENT_TIMESTAMP,CURRENT_TIMESTAMP,200001043,200001011,2,Golf,000001043
CURRENT_TIMESTAMP,CURRENT_TIMESTAMP,200004605,200001043,2,Aksesori Tas Golf,000004605
CURRENT_TIMESTAMP,CURRENT_TIMESTAMP,200004525,200004605,2,Cover & Wadah Tas Golf,000004525
CURRENT_TIMESTAMP,CURRENT_TIMESTAMP,200004537,200004605,2,Kereta Tas Golf,000004537
CURRENT_TIMESTAMP,CURRENT_TIMESTAMP,200003772,200001043,2,Alat Bantu Latihan Golf,000003772
CURRENT_TIMESTAMP,CURRENT_TIMESTAMP,200008044,200001043,2,Alat Divot,000008044
CURRENT_TIMESTAMP,CURRENT_TIMESTAMP,200003642,200001043,2,Bagian Pengganti & Aksesori Stik Golf,000003642
CURRENT_TIMESTAMP,CURRENT_TIMESTAMP,200499780,200003642,2,Batang Stik Golf,000499780
CURRENT_TIMESTAMP,CURRENT_TIMESTAMP,200004254,200003642,2,Pegangan Stik Golf,000004254
CURRENT_TIMESTAMP,CURRENT_TIMESTAMP,200004043,200003642,2,Penutup Kepala Stik Golf,000004043
CURRENT_TIMESTAMP,CURRENT_TIMESTAMP,200003578,200001043,2,Bendera Golf,000003578
CURRENT_TIMESTAMP,CURRENT_TIMESTAMP,200001045,200001043,2,Bola Golf,000001045
CURRENT_TIMESTAMP,CURRENT_TIMESTAMP,200004467,200001043,2,Handuk Golf,000004467
CURRENT_TIMESTAMP,CURRENT_TIMESTAMP,200006864,200001043,2,Penanda Bola Golf,000006864
CURRENT_TIMESTAMP,CURRENT_TIMESTAMP,200004466,200001043,2,Sarung Tangan Golf,000004466
CURRENT_TIMESTAMP,CURRENT_TIMESTAMP,200007314,200001043,2,Set Aksesori Golf,000007314
CURRENT_TIMESTAMP,CURRENT_TIMESTAMP,200001046,200001043,2,Stik Golf,000001046
CURRENT_TIMESTAMP,CURRENT_TIMESTAMP,200001044,200001043,2,Tas Golf,000001044
CURRENT_TIMESTAMP,CURRENT_TIMESTAMP,200003106,200001043,2,Tee Golf,000003106
CURRENT_TIMESTAMP,CURRENT_TIMESTAMP,200007375,200001011,2,Kite Buggying,000007375
CURRENT_TIMESTAMP,CURRENT_TIMESTAMP,200007377,200007375,2,Aksesori Buggy Layang-layang,000007377
CURRENT_TIMESTAMP,CURRENT_TIMESTAMP,200007376,200007375,2,Buggy Layang-layang,000007376
CURRENT_TIMESTAMP,CURRENT_TIMESTAMP,200003789,200001011,2,Layang Gantung & Terjun Payung,000003789
CURRENT_TIMESTAMP,CURRENT_TIMESTAMP,200004327,200003789,2,Hang Glider,000004327
CURRENT_TIMESTAMP,CURRENT_TIMESTAMP,200004023,200003789,2,Parasut,000004023
CURRENT_TIMESTAMP,CURRENT_TIMESTAMP,200005877,200003789,2,Setelan Pakaian Olahraga Udara,000005877
CURRENT_TIMESTAMP,CURRENT_TIMESTAMP,200003334,200001011,2,Memancing,000003334
CURRENT_TIMESTAMP,CURRENT_TIMESTAMP,200008092,200003334,2,Aksesori Gulungan Pancing,000008092
CURRENT_TIMESTAMP,CURRENT_TIMESTAMP,200008208,200008092,2,Kelos Pengganti Gulungan Pancing,000008208
CURRENT_TIMESTAMP,CURRENT_TIMESTAMP,200008094,200008092,2,Pelumas Gulungan Pancing,000008094
CURRENT_TIMESTAMP,CURRENT_TIMESTAMP,200008273,200008092,2,Tas & Kotak Gulungan Pancing,000008273
CURRENT_TIMESTAMP,CURRENT_TIMESTAMP,200008093,200003334,2,Aksesori Tongkat Pancing,000008093
CURRENT_TIMESTAMP,CURRENT_TIMESTAMP,200499942,200008093,2,Dudukan & Rak Penyimpanan Joran Pancing,000499942
CURRENT_TIMESTAMP,CURRENT_TIMESTAMP,200008272,200008093,2,Tas & Wadah Tongkat Pancing,000008272
CURRENT_TIMESTAMP,CURRENT_TIMESTAMP,200008064,200003334,2,Alarm Pancing,000008064
CURRENT_TIMESTAMP,CURRENT_TIMESTAMP,200007344,200003334,2,Alat Pelepas Kail Pancing,000007344
CURRENT_TIMESTAMP,CURRENT_TIMESTAMP,200007217,200003334,2,Bahan Pengikat Umpan Serangga Buatan,000007217
CURRENT_TIMESTAMP,CURRENT_TIMESTAMP,200007125,200007217,2,Manik-manik Umpan Pancing,000007125
CURRENT_TIMESTAMP,CURRENT_TIMESTAMP,200006440,200007217,2,Umpan Benang Wol,000006440
CURRENT_TIMESTAMP,CURRENT_TIMESTAMP,200004926,200003334,2,Gulungan Pancing,000004926
CURRENT_TIMESTAMP,CURRENT_TIMESTAMP,200003614,200003334,2,Jaring Penangkap Ikan,000003614
CURRENT_TIMESTAMP,CURRENT_TIMESTAMP,200007221,200003334,2,Jebakan Ikan,000007221
CURRENT_TIMESTAMP,CURRENT_TIMESTAMP,200005406,200003334,2,Pakaian Berburu & Memancing Tahan Air,000005406
CURRENT_TIMESTAMP,CURRENT_TIMESTAMP,200001037,200003334,2,Senar & Leader Pancing,000001037
CURRENT_TIMESTAMP,CURRENT_TIMESTAMP,200499823,200003334,2,Tackle Pancing,000499823
CURRENT_TIMESTAMP,CURRENT_TIMESTAMP,200003359,200499823,2,Kait Pancing,000003359
CURRENT_TIMESTAMP,CURRENT_TIMESTAMP,200007222,200499823,2,Kili-kili Pancing,000007222
CURRENT_TIMESTAMP,CURRENT_TIMESTAMP,200003859,200499823,2,Pelampung Pancing,000003859
CURRENT_TIMESTAMP,CURRENT_TIMESTAMP,200003651,200499823,2,Pemberat Pancing,000003651
CURRENT_TIMESTAMP,CURRENT_TIMESTAMP,200003603,200499823,2,Umpan & Pikat Pancing,000003603
CURRENT_TIMESTAMP,CURRENT_TIMESTAMP,200001041,200003334,2,Tas & Kotak Peralatan Pancing,000001041
CURRENT_TIMESTAMP,CURRENT_TIMESTAMP,200007343,200003334,2,Tombak Ikan,000007343
CURRENT_TIMESTAMP,CURRENT_TIMESTAMP,200007342,200003334,2,Tongkat Gaff,000007342
CURRENT_TIMESTAMP,CURRENT_TIMESTAMP,200004927,200003334,2,Tongkat Pancing,000004927
CURRENT_TIMESTAMP,CURRENT_TIMESTAMP,200003096,200003334,2,Umpan Hidup,000003096
CURRENT_TIMESTAMP,CURRENT_TIMESTAMP,200006495,200003334,2,Umpan Pancing & Wadah Umpan Tabur,000006495
CURRENT_TIMESTAMP,CURRENT_TIMESTAMP,200007059,200001011,2,Memanjat,000007059
CURRENT_TIMESTAMP,CURRENT_TIMESTAMP,200003454,200007059,2,Ascender & Descender Memanjat,000003454
CURRENT_TIMESTAMP,CURRENT_TIMESTAMP,200003746,200007059,2,Carabiner,000003746
CURRENT_TIMESTAMP,CURRENT_TIMESTAMP,200003218,200007059,2,Harness Panjat Tebing,000003218
CURRENT_TIMESTAMP,CURRENT_TIMESTAMP,200003322,200007059,2,Matras Penahan Jatuh,000003322
CURRENT_TIMESTAMP,CURRENT_TIMESTAMP,200499815,200007059,2,Pakaian & Aksesori Panjat Tebing,000499815
CURRENT_TIMESTAMP,CURRENT_TIMESTAMP,200005394,200499815,2,Crampon,000005394
CURRENT_TIMESTAMP,CURRENT_TIMESTAMP,200003314,200499815,2,Helm Panjat Tebing,000003314
CURRENT_TIMESTAMP,CURRENT_TIMESTAMP,200499816,200499815,2,Sarung Tangan Memanjat,000499816
CURRENT_TIMESTAMP,CURRENT_TIMESTAMP,200003518,200007059,2,Pegangan Panjat Tebing Dalam Ruangan,000003518
CURRENT_TIMESTAMP,CURRENT_TIMESTAMP,200007060,200007059,2,Peralatan Memanjat Es,000007060
CURRENT_TIMESTAMP,CURRENT_TIMESTAMP,200003363,200007059,2,Perangkat Belay,000003363
CURRENT_TIMESTAMP,CURRENT_TIMESTAMP,200003266,200007059,2,Perangkat Pelindung Panjat Tebing,000003266
CURRENT_TIMESTAMP,CURRENT_TIMESTAMP,200003849,200007059,2,Quickdraw,000003849
CURRENT_TIMESTAMP,CURRENT_TIMESTAMP,200007061,200007059,2,Sekrup Panjat Es,000007061
CURRENT_TIMESTAMP,CURRENT_TIMESTAMP,200003825,200007059,2,Tali Panjat,000003825
CURRENT_TIMESTAMP,CURRENT_TIMESTAMP,200003211,200007059,2,Tas Kapur Panjat Tebing,000003211
CURRENT_TIMESTAMP,CURRENT_TIMESTAMP,200003201,200007059,2,Tas Tali Memanjat,000003201
CURRENT_TIMESTAMP,CURRENT_TIMESTAMP,200003369,200007059,2,Webbing untuk Memanjat,000003369
CURRENT_TIMESTAMP,CURRENT_TIMESTAMP,200499811,200001011,2,Olahraga Air & Berperahu,000499811
CURRENT_TIMESTAMP,CURRENT_TIMESTAMP,200001120,200499811,2,Berperahu & Arung Jeram,000001120
CURRENT_TIMESTAMP,CURRENT_TIMESTAMP,200006314,200001120,2,Aksesori Kano,000006314
CURRENT_TIMESTAMP,CURRENT_TIMESTAMP,200006312,200001120,2,Aksesori Kayak,000006312
CURRENT_TIMESTAMP,CURRENT_TIMESTAMP,200001129,200001120,2,Dayung & Dayung Bilah Ganda,000001129
CURRENT_TIMESTAMP,CURRENT_TIMESTAMP,200003406,200001120,2,Perahu Dayung,000003406
CURRENT_TIMESTAMP,CURRENT_TIMESTAMP,200001124,200001120,2,Perahu Kano,000001124
CURRENT_TIMESTAMP,CURRENT_TIMESTAMP,200003476,200001120,2,Perahu Karet Arung Jeram,000003476
CURRENT_TIMESTAMP,CURRENT_TIMESTAMP,200001127,200001120,2,Perahu Kayak,000001127
CURRENT_TIMESTAMP,CURRENT_TIMESTAMP,200006097,200001120,2,Perahu Kayuh,000006097
CURRENT_TIMESTAMP,CURRENT_TIMESTAMP,200007449,200001120,2,Sarung Tangan Dayung,000007449
CURRENT_TIMESTAMP,CURRENT_TIMESTAMP,200499964,200001120,2,Tali Dayung,000499964
CURRENT_TIMESTAMP,CURRENT_TIMESTAMP,200001135,200499811,2,Menyelam & Snorkeling,000001135
CURRENT_TIMESTAMP,CURRENT_TIMESTAMP,200001136,200001135,2,Kompensator Apung,000001136
CURRENT_TIMESTAMP,CURRENT_TIMESTAMP,200001137,200001135,2,Komputer Selam,000001137
CURRENT_TIMESTAMP,CURRENT_TIMESTAMP,200001140,200001135,2,Masker Selam & Snorkeling,000001140
CURRENT_TIMESTAMP,CURRENT_TIMESTAMP,200005312,200001135,2,Pisau & Gunting Selam,000005312
CURRENT_TIMESTAMP,CURRENT_TIMESTAMP,200001141,200001135,2,Regulator Selam,000001141
CURRENT_TIMESTAMP,CURRENT_TIMESTAMP,200006514,200001135,2,Sabuk Selam,000006514
CURRENT_TIMESTAMP,CURRENT_TIMESTAMP,200499867,200001135,2,Set Peralatan Menyelam & Snorkeling,000499867
CURRENT_TIMESTAMP,CURRENT_TIMESTAMP,200001139,200001135,2,Sirip Menyelam & Snorkeling,000001139
CURRENT_TIMESTAMP,CURRENT_TIMESTAMP,200001142,200001135,2,Snorkel,000001142
CURRENT_TIMESTAMP,CURRENT_TIMESTAMP,200003195,200499811,2,Olahraga Air yang Ditarik,000003195
CURRENT_TIMESTAMP,CURRENT_TIMESTAMP,200003370,200003195,2,Kneeboarding,000003370
CURRENT_TIMESTAMP,CURRENT_TIMESTAMP,200003101,200003370,2,Papan Kneeboarding,000003101
CURRENT_TIMESTAMP,CURRENT_TIMESTAMP,200006301,200003195,2,Rakit & Perahu Karet yang Bisa Diseret,000006301
CURRENT_TIMESTAMP,CURRENT_TIMESTAMP,200007452,200003195,2,Sarung Tangan Olah Raga Air yang Ditarik,000007452
CURRENT_TIMESTAMP,CURRENT_TIMESTAMP,200001146,200003195,2,Ski Air,000001146
CURRENT_TIMESTAMP,CURRENT_TIMESTAMP,200003350,200001146,2,Papan Ski Air,000003350
CURRENT_TIMESTAMP,CURRENT_TIMESTAMP,200006302,200001146,2,Pengikat Ski Air,000006302
CURRENT_TIMESTAMP,CURRENT_TIMESTAMP,200003289,200001146,2,Sit-Down Hydrofoil,000003289
CURRENT_TIMESTAMP,CURRENT_TIMESTAMP,200006296,200001146,2,Wadah & Tas Ski Air,000006296
CURRENT_TIMESTAMP,CURRENT_TIMESTAMP,200003636,200003195,2,Tali Penarik Olahraga Air,000003636
CURRENT_TIMESTAMP,CURRENT_TIMESTAMP,200003282,200003195,2,Wakeboarding,000003282
CURRENT_TIMESTAMP,CURRENT_TIMESTAMP,200003353,200003282,2,Papan Wakeboarding,000003353
CURRENT_TIMESTAMP,CURRENT_TIMESTAMP,200505317,200003282,2,Pengikat Papan Kiteboard & Wakeboard,000505317
CURRENT_TIMESTAMP,CURRENT_TIMESTAMP,200505291,200003282,2,Suku Cadang Wakeboard,000505291
CURRENT_TIMESTAMP,CURRENT_TIMESTAMP,200499813,200499811,2,Pakaian Olahraga Air & Berperahu,000499813
CURRENT_TIMESTAMP,CURRENT_TIMESTAMP,200006496,200499813,2,Aksesori Pelampung,000006496
CURRENT_TIMESTAMP,CURRENT_TIMESTAMP,200001147,200499813,2,Baju Selam,000001147
CURRENT_TIMESTAMP,CURRENT_TIMESTAMP,200001138,200499813,2,Drysuit,000001138
CURRENT_TIMESTAMP,CURRENT_TIMESTAMP,200499687,200499813,2,Helm Olahraga Air,000499687
CURRENT_TIMESTAMP,CURRENT_TIMESTAMP,200001128,200499813,2,Jaket Pelampung,000001128
CURRENT_TIMESTAMP,CURRENT_TIMESTAMP,200003376,200499813,2,Pelindung Ruam & Baju Renang,000003376
CURRENT_TIMESTAMP,CURRENT_TIMESTAMP,200499814,200499813,2,Setelan Baju Selam,000499814
CURRENT_TIMESTAMP,CURRENT_TIMESTAMP,200005401,200499814,2,Baju Selam Atasan,000005401
CURRENT_TIMESTAMP,CURRENT_TIMESTAMP,200005400,200499814,2,Bawahan Baju Selam,000005400
CURRENT_TIMESTAMP,CURRENT_TIMESTAMP,200005399,200499814,2,Tutup Kepala,000005399
CURRENT_TIMESTAMP,CURRENT_TIMESTAMP,200007178,200499811,2,Rak Penyimpanan Kendaraan Air,000007178
CURRENT_TIMESTAMP,CURRENT_TIMESTAMP,200008173,200007178,2,Rak Penyimpanan Papan Olahraga Air,000008173
CURRENT_TIMESTAMP,CURRENT_TIMESTAMP,200008172,200007178,2,Rak Penyimpanan Perahu,000008172
CURRENT_TIMESTAMP,CURRENT_TIMESTAMP,200001144,200499811,2,Renang,000001144
CURRENT_TIMESTAMP,CURRENT_TIMESTAMP,200006330,200001144,2,Aksesori Kacamata & Masker Renang,000006330
CURRENT_TIMESTAMP,CURRENT_TIMESTAMP,200007104,200001144,2,Alat Bantu Renang Anak,000007104
CURRENT_TIMESTAMP,CURRENT_TIMESTAMP,200006473,200001144,2,Dayung Tangan,000006473
CURRENT_TIMESTAMP,CURRENT_TIMESTAMP,200003360,200001144,2,Kacamata Renang,000003360
CURRENT_TIMESTAMP,CURRENT_TIMESTAMP,200003596,200001144,2,Mesin Kolam Renang,000003596
CURRENT_TIMESTAMP,CURRENT_TIMESTAMP,200002966,200001144,2,Pelampung Luncur,000002966
CURRENT_TIMESTAMP,CURRENT_TIMESTAMP,200003595,200001144,2,Pelampung Renang,000003595
CURRENT_TIMESTAMP,CURRENT_TIMESTAMP,200006550,200001144,2,Pemberat Renang,000006550
CURRENT_TIMESTAMP,CURRENT_TIMESTAMP,200006515,200001144,2,Penjepit Hidung untuk Berenang,000006515
CURRENT_TIMESTAMP,CURRENT_TIMESTAMP,200006513,200001144,2,Sabuk Renang,000006513
CURRENT_TIMESTAMP,CURRENT_TIMESTAMP,200003304,200001144,2,Sarung Tangan Renang,000003304
CURRENT_TIMESTAMP,CURRENT_TIMESTAMP,200006511,200001144,2,Sirip Renang,000006511
CURRENT_TIMESTAMP,CURRENT_TIMESTAMP,200006512,200006511,2,Ekor Duyung,000006512
CURRENT_TIMESTAMP,CURRENT_TIMESTAMP,200002512,200006511,2,Kaki Katak untuk Latihan Renang,000002512
CURRENT_TIMESTAMP,CURRENT_TIMESTAMP,200003807,200001144,2,Topi Renang,000003807
CURRENT_TIMESTAMP,CURRENT_TIMESTAMP,200001143,200499811,2,Selancar,000001143
CURRENT_TIMESTAMP,CURRENT_TIMESTAMP,200003579,200001143,2,Kotak & Tas Papan Selancar,000003579
CURRENT_TIMESTAMP,CURRENT_TIMESTAMP,200003762,200001143,2,Pad Ekor Papan Selancar,000003762
CURRENT_TIMESTAMP,CURRENT_TIMESTAMP,200006287,200001143,2,Papan Bodyboard,000006287
CURRENT_TIMESTAMP,CURRENT_TIMESTAMP,200006288,200001143,2,Papan Paddleboard,000006288
CURRENT_TIMESTAMP,CURRENT_TIMESTAMP,200003320,200001143,2,Papan Selancar,000003320
CURRENT_TIMESTAMP,CURRENT_TIMESTAMP,200006286,200001143,2,Papan Skimboard,000006286
CURRENT_TIMESTAMP,CURRENT_TIMESTAMP,200003801,200001143,2,Pengkilap Papan Selancar,000003801
CURRENT_TIMESTAMP,CURRENT_TIMESTAMP,200007451,200001143,2,Sarung Tangan Selancar,000007451
CURRENT_TIMESTAMP,CURRENT_TIMESTAMP,200003525,200001143,2,Sirip Papan Selancar,000003525
CURRENT_TIMESTAMP,CURRENT_TIMESTAMP,200003649,200001143,2,Tali Selancar,000003649
CURRENT_TIMESTAMP,CURRENT_TIMESTAMP,200001148,200499811,2,Selancar Angin,000001148
CURRENT_TIMESTAMP,CURRENT_TIMESTAMP,200003413,200001148,2,Layar Selancar Angin,000003413
CURRENT_TIMESTAMP,CURRENT_TIMESTAMP,200003894,200001148,2,Papan Selancar Angin,000003894
CURRENT_TIMESTAMP,CURRENT_TIMESTAMP,200003624,200001148,2,Suku Cadang Papan Selancar Angin,000003624
CURRENT_TIMESTAMP,CURRENT_TIMESTAMP,200003908,200003624,2,Sirip Papan Selancar Angin,000003908
CURRENT_TIMESTAMP,CURRENT_TIMESTAMP,200003285,200003624,2,Tiang Papan Selancar Angin,000003285
CURRENT_TIMESTAMP,CURRENT_TIMESTAMP,200005579,200499811,2,Selancar Layang,000005579
CURRENT_TIMESTAMP,CURRENT_TIMESTAMP,200005583,200005579,2,Harnes Selancar Layang & Selancar Angin,000005583
CURRENT_TIMESTAMP,CURRENT_TIMESTAMP,200005582,200005579,2,Layang-layang Selancar Layang,000005582
CURRENT_TIMESTAMP,CURRENT_TIMESTAMP,200005580,200005579,2,Papan Selancar Layang,000005580
CURRENT_TIMESTAMP,CURRENT_TIMESTAMP,200005581,200005579,2,Suku Cadang Selancar Layang,000005581
CURRENT_TIMESTAMP,CURRENT_TIMESTAMP,200005584,200005579,2,Tas Selancar Layang,000005584
CURRENT_TIMESTAMP,CURRENT_TIMESTAMP,200499846,200001011,2,Permainan Luar Ruangan,000499846
CURRENT_TIMESTAMP,CURRENT_TIMESTAMP,200001062,200499846,2,Bulu Tangkis,000001062
CURRENT_TIMESTAMP,CURRENT_TIMESTAMP,200003107,200001062,2,Net Badminton,000003107
CURRENT_TIMESTAMP,CURRENT_TIMESTAMP,200003950,200001062,2,Raket Bulu Tangkis,000003950
CURRENT_TIMESTAMP,CURRENT_TIMESTAMP,200003907,200001062,2,Shuttlecock,000003907
CURRENT_TIMESTAMP,CURRENT_TIMESTAMP,200003484,200499846,2,Disc Golf,000003484
CURRENT_TIMESTAMP,CURRENT_TIMESTAMP,200003227,200003484,2,Keranjang Disc Golf,000003227
CURRENT_TIMESTAMP,CURRENT_TIMESTAMP,200003993,200003484,2,Tas Disc Golf,000003993
CURRENT_TIMESTAMP,CURRENT_TIMESTAMP,200003405,200499846,2,Permainan Lapangan,000003405
CURRENT_TIMESTAMP,CURRENT_TIMESTAMP,200003390,200499846,2,Pickleball,000003390
CURRENT_TIMESTAMP,CURRENT_TIMESTAMP,200499847,200003390,2,Bola Pickleball,000499847
CURRENT_TIMESTAMP,CURRENT_TIMESTAMP,200499848,200003390,2,Paddle Pickleball,000499848
CURRENT_TIMESTAMP,CURRENT_TIMESTAMP,200499904,200499846,2,Platform Tennis & Paddle Tennis,000499904
CURRENT_TIMESTAMP,CURRENT_TIMESTAMP,200499849,200499904,2,Bola Platform Tennis,000499849
CURRENT_TIMESTAMP,CURRENT_TIMESTAMP,200499850,200499904,2,Raket Platform Tennis & Paddle Tennis,000499850
CURRENT_TIMESTAMP,CURRENT_TIMESTAMP,200007430,200499846,2,Set Paddleball,000007430
CURRENT_TIMESTAMP,CURRENT_TIMESTAMP,200003787,200499846,2,Shuffleboard di Atas Dek,000003787
CURRENT_TIMESTAMP,CURRENT_TIMESTAMP,200003190,200003787,2,Biji Permainan Shuffleboard di Atas Dek,000003190
CURRENT_TIMESTAMP,CURRENT_TIMESTAMP,200003689,200003787,2,Tongkat Shuffleboard di Atas Dek,000003689
CURRENT_TIMESTAMP,CURRENT_TIMESTAMP,200003126,200499846,2,Tetherball,000003126
CURRENT_TIMESTAMP,CURRENT_TIMESTAMP,200499884,200003126,2,Bola Tetherball,000499884
CURRENT_TIMESTAMP,CURRENT_TIMESTAMP,200499883,200003126,2,Perlengkapan Tetherball,000499883
CURRENT_TIMESTAMP,CURRENT_TIMESTAMP,200499882,200003126,2,Tiang Tetherball,000499882
CURRENT_TIMESTAMP,CURRENT_TIMESTAMP,200499761,200001011,2,Sepatu Roda & Inline Skate,000499761
CURRENT_TIMESTAMP,CURRENT_TIMESTAMP,200499771,200499761,2,Perangkat Pelindung Sepatu Roda & Inline Skating,000499771
CURRENT_TIMESTAMP,CURRENT_TIMESTAMP,200499775,200499771,2,Bantalan Sepatu Roda,000499775
CURRENT_TIMESTAMP,CURRENT_TIMESTAMP,200500029,200499761,2,Roller Ski,000500029
CURRENT_TIMESTAMP,CURRENT_TIMESTAMP,200001058,200499761,2,Sepatu Inline Skate,000001058
CURRENT_TIMESTAMP,CURRENT_TIMESTAMP,200002837,200499761,2,Sepatu Roda,000002837
CURRENT_TIMESTAMP,CURRENT_TIMESTAMP,200499759,200499761,2,Suku Cadang Inline Skate,000499759
CURRENT_TIMESTAMP,CURRENT_TIMESTAMP,200499760,200499761,2,Suku Cadang Sepatu Roda,000499760
CURRENT_TIMESTAMP,CURRENT_TIMESTAMP,200005635,200001011,2,Sistem Hidrasi,000005635
CURRENT_TIMESTAMP,CURRENT_TIMESTAMP,200003276,200001011,2,Skateboarding,000003276
CURRENT_TIMESTAMP,CURRENT_TIMESTAMP,200003127,200003276,2,Palang Besi untuk Skateboarding,000003127
CURRENT_TIMESTAMP,CURRENT_TIMESTAMP,200001059,200003276,2,Papan Skateboard,000001059
CURRENT_TIMESTAMP,CURRENT_TIMESTAMP,200003067,200003276,2,Perangkat Pelindung Skateboarding,000003067
CURRENT_TIMESTAMP,CURRENT_TIMESTAMP,200003488,200003067,2,Bantalan Skateboarding,000003488
CURRENT_TIMESTAMP,CURRENT_TIMESTAMP,200499776,200003067,2,Helm Skating,000499776
CURRENT_TIMESTAMP,CURRENT_TIMESTAMP,200007789,200003067,2,Sarung Tangan Skateboard,000007789
CURRENT_TIMESTAMP,CURRENT_TIMESTAMP,200003626,200003276,2,Skate Ramp,000003626
CURRENT_TIMESTAMP,CURRENT_TIMESTAMP,200003670,200003276,2,Suku Cadang Skateboard,000003670
CURRENT_TIMESTAMP,CURRENT_TIMESTAMP,200003869,200003670,2,Deck Skateboard,000003869
CURRENT_TIMESTAMP,CURRENT_TIMESTAMP,200505817,200003670,2,Komponen Kecil Papan Skate,000505817
CURRENT_TIMESTAMP,CURRENT_TIMESTAMP,200003637,200003670,2,Roda Skateboard,000003637
CURRENT_TIMESTAMP,CURRENT_TIMESTAMP,200003192,200003670,2,Truck Skateboard,000003192
CURRENT_TIMESTAMP,CURRENT_TIMESTAMP,200005879,200001011,2,Skuter Anak,000005879
CURRENT_TIMESTAMP,CURRENT_TIMESTAMP,200000632,null,2,Perangkat Keras,000000632
CURRENT_TIMESTAMP,CURRENT_TIMESTAMP,200002878,200000632,2,Aksesori Perangkat Keras,000002878
CURRENT_TIMESTAMP,CURRENT_TIMESTAMP,200007092,200002878,2,Braket & Penahan,000007092
CURRENT_TIMESTAMP,CURRENT_TIMESTAMP,200499981,200002878,2,Caster,000499981
CURRENT_TIMESTAMP,CURRENT_TIMESTAMP,200007086,200002878,2,Cetakan Beton,000007086
CURRENT_TIMESTAMP,CURRENT_TIMESTAMP,200503731,200002878,2,Cetakan Pengecoran Logam,000503731
CURRENT_TIMESTAMP,CURRENT_TIMESTAMP,200505320,200002878,2,Dongkrak & Penahan Dinding,000505320
CURRENT_TIMESTAMP,CURRENT_TIMESTAMP,200007270,200002878,2,Dowel Baja & Kayu,000007270
CURRENT_TIMESTAMP,CURRENT_TIMESTAMP,200001979,200002878,2,Drop Cloth,000001979
CURRENT_TIMESTAMP,CURRENT_TIMESTAMP,200001771,200002878,2,Engsel,000001771
CURRENT_TIMESTAMP,CURRENT_TIMESTAMP,200001816,200002878,2,Filter & Tabir,000001816
CURRENT_TIMESTAMP,CURRENT_TIMESTAMP,200008112,200002878,2,Ground Spike,000008112
CURRENT_TIMESTAMP,CURRENT_TIMESTAMP,200503773,200002878,2,Kait,000503773
CURRENT_TIMESTAMP,CURRENT_TIMESTAMP,200503770,200503773,2,Pengait,000503770
CURRENT_TIMESTAMP,CURRENT_TIMESTAMP,200503764,null,2,Penyambung & Mata Rantai,000503764
CURRENT_TIMESTAMP,CURRENT_TIMESTAMP,200502992,null,2,Sabuk Utilitas,000502992
CURRENT_TIMESTAMP,CURRENT_TIMESTAMP,200502978,null,2,Tali Kawat,000502978
CURRENT_TIMESTAMP,CURRENT_TIMESTAMP,200001318,200002878,2,Kumparan,000001318
CURRENT_TIMESTAMP,CURRENT_TIMESTAMP,200499933,200002878,2,Pegas,000499933
CURRENT_TIMESTAMP,CURRENT_TIMESTAMP,200008113,200002878,2,Pelat Dasar Tiang,000008113
CURRENT_TIMESTAMP,CURRENT_TIMESTAMP,200500054,200002878,2,Pengencang Perangkat Keras,000500054
CURRENT_TIMESTAMP,CURRENT_TIMESTAMP,200500055,200500054,2,Batang Berulir,000500055
CURRENT_TIMESTAMP,CURRENT_TIMESTAMP,200002230,200500054,2,Batang Sekrup,000002230
CURRENT_TIMESTAMP,CURRENT_TIMESTAMP,200001739,200500054,2,Mur & Baut,000001739
CURRENT_TIMESTAMP,CURRENT_TIMESTAMP,200002408,200500054,2,Paku,000002408
CURRENT_TIMESTAMP,CURRENT_TIMESTAMP,200007062,200500054,2,Paku Keling,000007062
CURRENT_TIMESTAMP,CURRENT_TIMESTAMP,200002195,200500054,2,Pelat Alas,000002195
CURRENT_TIMESTAMP,CURRENT_TIMESTAMP,200001508,200500054,2,Pengait Dinding Kering,000001508
CURRENT_TIMESTAMP,CURRENT_TIMESTAMP,200002251,200500054,2,Sekrup,000002251
CURRENT_TIMESTAMP,CURRENT_TIMESTAMP,200003974,200002878,2,Penyimpanan & Pemilahan Perkakas,000003974
CURRENT_TIMESTAMP,CURRENT_TIMESTAMP,200003980,200003974,2,Kotak Perkakas,000003980
CURRENT_TIMESTAMP,CURRENT_TIMESTAMP,200003280,200003974,2,Lemari & Peti Perkakas,000003280
CURRENT_TIMESTAMP,CURRENT_TIMESTAMP,200003919,200003974,2,Meja Tukang,000003919
CURRENT_TIMESTAMP,CURRENT_TIMESTAMP,200500103,200003974,2,Pelapis & Bantalan Dalam Laci Perkakas,000500103
CURRENT_TIMESTAMP,CURRENT_TIMESTAMP,200002485,200003974,2,Sabuk Perkakas & Peralatan,000002485
CURRENT_TIMESTAMP,CURRENT_TIMESTAMP,200004031,200003974,2,Sarung Perkakas,000004031
CURRENT_TIMESTAMP,CURRENT_TIMESTAMP,200006876,200003974,2,Tas Perkakas,000006876
CURRENT_TIMESTAMP,CURRENT_TIMESTAMP,200004199,200003974,2,Tempat Menyimpan Selang Air,000004199
CURRENT_TIMESTAMP,CURRENT_TIMESTAMP,200004696,200002878,2,Perangkat Keras Lemari,000004696
CURRENT_TIMESTAMP,CURRENT_TIMESTAMP,200004697,200004696,2,Backplate Lemari,000004697
CURRENT_TIMESTAMP,CURRENT_TIMESTAMP,200004700,200004696,2,Gagang Pintu Lemari,000004700
CURRENT_TIMESTAMP,CURRENT_TIMESTAMP,200004698,200004696,2,Pengunci Lemari,000004698
CURRENT_TIMESTAMP,CURRENT_TIMESTAMP,200232167,200004696,2,Penutup Lubang Kunci Lemari & Perabot,000232167
CURRENT_TIMESTAMP,CURRENT_TIMESTAMP,200004699,200004696,2,Pintu Lemari,000004699
CURRENT_TIMESTAMP,CURRENT_TIMESTAMP,200007557,200002878,2,Plester Penanda & Peringatan,000007557
CURRENT_TIMESTAMP,CURRENT_TIMESTAMP,200502977,200002878,2,Rantai,000502977
CURRENT_TIMESTAMP,CURRENT_TIMESTAMP,200006904,200502977,2,Kawat Serbaguna,000006904
CURRENT_TIMESTAMP,CURRENT_TIMESTAMP,200004469,200502977,2,Pull Chain,000004469
CURRENT_TIMESTAMP,CURRENT_TIMESTAMP,200001492,200502977,2,Rantai,000001492
CURRENT_TIMESTAMP,CURRENT_TIMESTAMP,200003053,200502977,2,Tali & Kabel Perangkat Keras,000003053
CURRENT_TIMESTAMP,CURRENT_TIMESTAMP,200006298,200502977,2,Tali Bungee,000006298
CURRENT_TIMESTAMP,CURRENT_TIMESTAMP,200006297,200502977,2,Tali Pengikat Barang,000006297
CURRENT_TIMESTAMP,CURRENT_TIMESTAMP,200005119,200502977,2,Tali Twine,000005119
CURRENT_TIMESTAMP,CURRENT_TIMESTAMP,200008470,200002878,2,Rel Laci,000008470
CURRENT_TIMESTAMP,CURRENT_TIMESTAMP,200006841,200002878,2,Selang Gas,000006841
CURRENT_TIMESTAMP,CURRENT_TIMESTAMP,200006770,200002878,2,Selang Pelumas,000006770
CURRENT_TIMESTAMP,CURRENT_TIMESTAMP,200006769,200002878,2,Selang Pneumatic,000006769
CURRENT_TIMESTAMP,CURRENT_TIMESTAMP,200500030,200002878,2,Selimut & Penutup untuk Pindahan & Selimut Kedap Suara,000500030
CURRENT_TIMESTAMP,CURRENT_TIMESTAMP,200004988,200002878,2,Terpal,000004988
CURRENT_TIMESTAMP,CURRENT_TIMESTAMP,200003650,200000632,2,Aksesori Perkakas,000003650
CURRENT_TIMESTAMP,CURRENT_TIMESTAMP,200007019,200003650,2,Aksesori Alat Pengecatan,000007019
CURRENT_TIMESTAMP,CURRENT_TIMESTAMP,200006887,200007019,2,Aksesori Airbrush,000006887
CURRENT_TIMESTAMP,CURRENT_TIMESTAMP,200007020,200007019,2,Aksesori Roller Cat,000007020
CURRENT_TIMESTAMP,CURRENT_TIMESTAMP,200328062,200007019,2,Larutan Pembersih Kuas Cat,000328062
CURRENT_TIMESTAMP,CURRENT_TIMESTAMP,200005526,200003650,2,Aksesori Alat Pengukur & Sensor,000005526
CURRENT_TIMESTAMP,CURRENT_TIMESTAMP,200005557,200005526,2,Aksesori Alat Penguji Listrik,000005557
CURRENT_TIMESTAMP,CURRENT_TIMESTAMP,200007415,200005526,2,Aksesori Multimeter,000007415
CURRENT_TIMESTAMP,CURRENT_TIMESTAMP,200005556,200005526,2,Aksesori Pendeteksi Gas,000005556
CURRENT_TIMESTAMP,CURRENT_TIMESTAMP,200503007,200005526,2,Aksesori Timbangan,000503007
CURRENT_TIMESTAMP,CURRENT_TIMESTAMP,200008117,200003650,2,Aksesori Alat Potong,000008117
CURRENT_TIMESTAMP,CURRENT_TIMESTAMP,200008118,200008117,2,Cetakan Pemotong Pelat,000008118
CURRENT_TIMESTAMP,CURRENT_TIMESTAMP,200003281,200003650,2,Aksesori Besi Solder,000003281
CURRENT_TIMESTAMP,CURRENT_TIMESTAMP,200003629,200003281,2,Dudukan Solder,000003629
CURRENT_TIMESTAMP,CURRENT_TIMESTAMP,200003609,200003281,2,Ujung Besi Solder,000003609
CURRENT_TIMESTAMP,CURRENT_TIMESTAMP,200006549,200003650,2,Aksesori Gergaji,000006549
CURRENT_TIMESTAMP,CURRENT_TIMESTAMP,200007515,200006549,2,Aksesori Gergaji Band Saw,000007515
CURRENT_TIMESTAMP,CURRENT_TIMESTAMP,200006501,200006549,2,Aksesori Gergaji Meja,000006501
CURRENT_TIMESTAMP,CURRENT_TIMESTAMP,200007345,200006549,2,Aksesori Gergaji Sirkular Genggam,000007345
CURRENT_TIMESTAMP,CURRENT_TIMESTAMP,200006503,200006549,2,Aksesori Gergaji Sudut,000006503
CURRENT_TIMESTAMP,CURRENT_TIMESTAMP,200007346,200006549,2,Aksesori Jigsaw,000007346
CURRENT_TIMESTAMP,CURRENT_TIMESTAMP,200499859,200003650,2,Aksesori Gerinda,000499859
CURRENT_TIMESTAMP,CURRENT_TIMESTAMP,200499860,200499859,2,Mata & Roda Gerinda,000499860
CURRENT_TIMESTAMP,CURRENT_TIMESTAMP,200007326,200003650,2,Aksesori Kapak,000007326
CURRENT_TIMESTAMP,CURRENT_TIMESTAMP,200007370,200007326,2,Gagang Kapak,000007370
CURRENT_TIMESTAMP,CURRENT_TIMESTAMP,200007369,200007326,2,Kepala Kapak,000007369
CURRENT_TIMESTAMP,CURRENT_TIMESTAMP,200002447,200003650,2,Aksesori Lampu Senter,000002447
CURRENT_TIMESTAMP,CURRENT_TIMESTAMP,200499947,200003650,2,Aksesori Las,000499947
CURRENT_TIMESTAMP,CURRENT_TIMESTAMP,200505323,200003650,2,Aksesori Mattock & Gancu,000505323
CURRENT_TIMESTAMP,CURRENT_TIMESTAMP,200505324,200505323,2,Gagang Mattock & Gancu,000505324
CURRENT_TIMESTAMP,CURRENT_TIMESTAMP,200003944,200003650,2,Aksesori Mesin Bor & Obeng,000003944
CURRENT_TIMESTAMP,CURRENT_TIMESTAMP,200007140,200003944,2,Ekstensi Mata Bor,000007140
CURRENT_TIMESTAMP,CURRENT_TIMESTAMP,200008276,200003944,2,Kepala Bor,000008276
CURRENT_TIMESTAMP,CURRENT_TIMESTAMP,200001540,200003944,2,Mata Bor & Obeng,000001540
CURRENT_TIMESTAMP,CURRENT_TIMESTAMP,200006806,200003944,2,Mata Bor Pembuat Lubang,000006806
CURRENT_TIMESTAMP,CURRENT_TIMESTAMP,200006378,200003944,2,Pengasah Mata Bor,000006378
CURRENT_TIMESTAMP,CURRENT_TIMESTAMP,200008275,200003944,2,Penyangga & Pemandu Bor,000008275
CURRENT_TIMESTAMP,CURRENT_TIMESTAMP,200003470,200003650,2,Aksesori Mesin Pembentuk,000003470
CURRENT_TIMESTAMP,CURRENT_TIMESTAMP,200003210,200003470,2,Alat Potong Pembentuk,000003210
CURRENT_TIMESTAMP,CURRENT_TIMESTAMP,200007056,200003650,2,Aksesori Palu,000007056
CURRENT_TIMESTAMP,CURRENT_TIMESTAMP,200007087,200007056,2,Aksesori Mesin Tatah,000007087
CURRENT_TIMESTAMP,CURRENT_TIMESTAMP,200007055,200007056,2,Gagang Palu,000007055
CURRENT_TIMESTAMP,CURRENT_TIMESTAMP,200007057,200007056,2,Kepala Palu,000007057
CURRENT_TIMESTAMP,CURRENT_TIMESTAMP,200004487,200003650,2,Aksesori Pengampelasan,000004487
CURRENT_TIMESTAMP,CURRENT_TIMESTAMP,200003240,200004487,2,Kertas & Spons Ampelas,000003240
CURRENT_TIMESTAMP,CURRENT_TIMESTAMP,200006471,200003650,2,Aksesori Pengemudi,000006471
CURRENT_TIMESTAMP,CURRENT_TIMESTAMP,200006939,200003650,2,Aksesori Penyembur Abrasif,000006939
CURRENT_TIMESTAMP,CURRENT_TIMESTAMP,200006940,200006939,2,Kotak Mesin Sandblasting,000006940
CURRENT_TIMESTAMP,CURRENT_TIMESTAMP,200003744,200003650,2,Aksesori Router,000003744
CURRENT_TIMESTAMP,CURRENT_TIMESTAMP,200003673,200003744,2,Mata Pemotong Mesin Router,000003673
CURRENT_TIMESTAMP,CURRENT_TIMESTAMP,200003300,200003744,2,Meja Router,000003300
CURRENT_TIMESTAMP,CURRENT_TIMESTAMP,200505812,200003650,2,Alat Baji,000505812
CURRENT_TIMESTAMP,CURRENT_TIMESTAMP,200505810,200003650,2,Baji Gagang Perkakas,000505810
CURRENT_TIMESTAMP,CURRENT_TIMESTAMP,200006295,200003650,2,Baterai Mesin Bor,000006295
CURRENT_TIMESTAMP,CURRENT_TIMESTAMP,200002174,200003650,2,Bilah Mesin Bor Pemotong,000002174
CURRENT_TIMESTAMP,CURRENT_TIMESTAMP,200002202,200002174,2,Mata Gergaji,000002202
CURRENT_TIMESTAMP,CURRENT_TIMESTAMP,200505831,200002174,2,Pisau Pemotong & Pengikis,000505831
CURRENT_TIMESTAMP,CURRENT_TIMESTAMP,200002380,200003650,2,Isi Staples untuk Pertukangan,000002380
CURRENT_TIMESTAMP,CURRENT_TIMESTAMP,200007472,200003650,2,Magnetizer & Demagnetizer,000007472
CURRENT_TIMESTAMP,CURRENT_TIMESTAMP,200499886,200003650,2,Paddle Alat Pengaduk,000499886
CURRENT_TIMESTAMP,CURRENT_TIMESTAMP,200006907,200003650,2,Penepat,000006907
CURRENT_TIMESTAMP,CURRENT_TIMESTAMP,200006292,200003650,2,Pengisi Daya Mesin Bor,000006292
CURRENT_TIMESTAMP,CURRENT_TIMESTAMP,200004658,200003650,2,Penyangga Alat,000004658
CURRENT_TIMESTAMP,CURRENT_TIMESTAMP,200004659,200004658,2,Penyangga Gergaji,000004659
CURRENT_TIMESTAMP,CURRENT_TIMESTAMP,200005571,200003650,2,Soket Perkakas,000005571
CURRENT_TIMESTAMP,CURRENT_TIMESTAMP,200008258,200003650,2,Tali Penambat Perkakas,000008258
CURRENT_TIMESTAMP,CURRENT_TIMESTAMP,200000115,200000632,2,Bahan Bangunan,000000115
CURRENT_TIMESTAMP,CURRENT_TIMESTAMP,200000123,200000115,2,Atap,000000123
CURRENT_TIMESTAMP,CURRENT_TIMESTAMP,200004544,200000123,2,Aksesori Talang Air,000004544
CURRENT_TIMESTAMP,CURRENT_TIMESTAMP,200002008,200000123,2,Pelapis Atap,000002008
CURRENT_TIMESTAMP,CURRENT_TIMESTAMP,200008270,200000123,2,Sirap & Genteng Atap,000008270
CURRENT_TIMESTAMP,CURRENT_TIMESTAMP,200000121,200000123,2,Talang Air,000000121
CURRENT_TIMESTAMP,CURRENT_TIMESTAMP,200503777,200000115,2,Besi & Rangka Beton,000503777
CURRENT_TIMESTAMP,CURRENT_TIMESTAMP,200503776,200000115,2,Dinding Kering,000503776
CURRENT_TIMESTAMP,CURRENT_TIMESTAMP,200503775,200000115,2,Dinding Luar,000503775
CURRENT_TIMESTAMP,CURRENT_TIMESTAMP,200007112,200000115,2,Gipsum Plafon,000007112
CURRENT_TIMESTAMP,CURRENT_TIMESTAMP,200000122,200000115,2,Insulasi,000000122
CURRENT_TIMESTAMP,CURRENT_TIMESTAMP,200000124,200000115,2,Jendela,000000124
CURRENT_TIMESTAMP,CURRENT_TIMESTAMP,200000120,200000115,2,Kaca,000000120
CURRENT_TIMESTAMP,CURRENT_TIMESTAMP,200002826,200000115,2,Lantai & Karpet,000002826
CURRENT_TIMESTAMP,CURRENT_TIMESTAMP,200007439,200000115,2,Panel & Busa Peredam Suara,000007439
CURRENT_TIMESTAMP,CURRENT_TIMESTAMP,200007053,200000115,2,Panel Dinding,000007053
CURRENT_TIMESTAMP,CURRENT_TIMESTAMP,200000125,200000115,2,Papan & Lembaran Kayu,000000125
CURRENT_TIMESTAMP,CURRENT_TIMESTAMP,200002729,200000115,2,Pelapis Atas Perabot,000002729
CURRENT_TIMESTAMP,CURRENT_TIMESTAMP,200006943,200000115,2,Penutup Jendela,000006943
CURRENT_TIMESTAMP,CURRENT_TIMESTAMP,200499772,200000115,2,Perangkat Keras Jendela,000499772
CURRENT_TIMESTAMP,CURRENT_TIMESTAMP,200499773,200499772,2,Engkol Jendela,000499773
CURRENT_TIMESTAMP,CURRENT_TIMESTAMP,200503728,200499772,2,Kusen Jendela,000503728
CURRENT_TIMESTAMP,CURRENT_TIMESTAMP,200006343,200000115,2,Perangkat Pintu,000006343
CURRENT_TIMESTAMP,CURRENT_TIMESTAMP,200002972,200006343,2,Bel & Lonceng Pintu,000002972
CURRENT_TIMESTAMP,CURRENT_TIMESTAMP,200001356,200006343,2,Gagang Pintu,000001356
CURRENT_TIMESTAMP,CURRENT_TIMESTAMP,200503727,200006343,2,Kusen Pintu,000503727
CURRENT_TIMESTAMP,CURRENT_TIMESTAMP,200002665,200006343,2,Penahan Pintu,000002665
CURRENT_TIMESTAMP,CURRENT_TIMESTAMP,200002795,200006343,2,Pengetuk Pintu,000002795
CURRENT_TIMESTAMP,CURRENT_TIMESTAMP,200006458,200006343,2,Pengunci Pintu,000006458
CURRENT_TIMESTAMP,CURRENT_TIMESTAMP,200099338,200006343,2,Penutup Lubang Kunci Pintu,000099338
CURRENT_TIMESTAMP,CURRENT_TIMESTAMP,200006446,200006343,2,Penutup Pintu,000006446
CURRENT_TIMESTAMP,CURRENT_TIMESTAMP,200499970,200006343,2,Plat Tarik Dorong Pintu,000499970
CURRENT_TIMESTAMP,CURRENT_TIMESTAMP,200505300,200000115,2,Perlengkapan Weather Stripping & Weatherization,000505300
CURRENT_TIMESTAMP,CURRENT_TIMESTAMP,200000119,200000115,2,Pintu,000000119
CURRENT_TIMESTAMP,CURRENT_TIMESTAMP,200004468,200000119,2,Pintu Garasi,000004468
CURRENT_TIMESTAMP,CURRENT_TIMESTAMP,200004634,200000119,2,Pintu Rumah,000004634
CURRENT_TIMESTAMP,CURRENT_TIMESTAMP,200002030,200000115,2,Pintu Sekat,000002030
CURRENT_TIMESTAMP,CURRENT_TIMESTAMP,200499949,200000115,2,Sistem Pegangan untuk Tangan,000499949
CURRENT_TIMESTAMP,CURRENT_TIMESTAMP,200007004,200000115,2,Tangga Rumah,000007004
CURRENT_TIMESTAMP,CURRENT_TIMESTAMP,200007136,200000115,2,Ubin Dinding & Plafon,000007136
CURRENT_TIMESTAMP,CURRENT_TIMESTAMP,200001974,200000632,2,Gembok & Kunci,000001974
CURRENT_TIMESTAMP,CURRENT_TIMESTAMP,200006488,200001974,2,Anak Kunci Polosan,000006488
CURRENT_TIMESTAMP,CURRENT_TIMESTAMP,200503730,200001974,2,Gembok & Kait Pengaman,000503730
CURRENT_TIMESTAMP,CURRENT_TIMESTAMP,200008067,200001974,2,Sarung Kepala Kunci,000008067
CURRENT_TIMESTAMP,CURRENT_TIMESTAMP,200001870,200001974,2,Sistem Entri Kartu Kunci,000001870
CURRENT_TIMESTAMP,CURRENT_TIMESTAMP,200502975,200000632,2,Kontainer & Tanki Bahan Bakar,000502975
CURRENT_TIMESTAMP,CURRENT_TIMESTAMP,200499982,200000632,2,Mesin Kecil,000499982
CURRENT_TIMESTAMP,CURRENT_TIMESTAMP,200000128,200000632,2,Pagar & Penghalang,000000128
CURRENT_TIMESTAMP,CURRENT_TIMESTAMP,200502983,200000128,2,Aksesori Pagar & Gerbang,000502983
CURRENT_TIMESTAMP,CURRENT_TIMESTAMP,200001352,200000128,2,Kisi-Kisi Pagar,000001352
CURRENT_TIMESTAMP,CURRENT_TIMESTAMP,200502984,200000128,2,Kisi-kisi,000502984
CURRENT_TIMESTAMP,CURRENT_TIMESTAMP,200499958,200000128,2,Pagar Pengontrol Keramaian & Keselamatan,000499958
CURRENT_TIMESTAMP,CURRENT_TIMESTAMP,200502973,200000128,2,Panel Pagar,000502973
CURRENT_TIMESTAMP,CURRENT_TIMESTAMP,200502986,200000128,2,Pembatas & Tepi Taman,000502986
CURRENT_TIMESTAMP,CURRENT_TIMESTAMP,200001788,200000128,2,Pintu Gerbang,000001788
CURRENT_TIMESTAMP,CURRENT_TIMESTAMP,200001919,200000128,2,Tiang & Selusur Pagar,000001919
CURRENT_TIMESTAMP,CURRENT_TIMESTAMP,200499873,200000632,2,Pemanas,000499873
CURRENT_TIMESTAMP,CURRENT_TIMESTAMP,200500090,200499873,2,Pengering Udara & Filter,000500090
CURRENT_TIMESTAMP,CURRENT_TIMESTAMP,200001519,200499873,2,Pengontrol HVAC,000001519
CURRENT_TIMESTAMP,CURRENT_TIMESTAMP,200500043,200001519,2,Humidistat,000500043
CURRENT_TIMESTAMP,CURRENT_TIMESTAMP,200002238,200001519,2,Panel Kontrol,000002238
CURRENT_TIMESTAMP,CURRENT_TIMESTAMP,200001897,200001519,2,Termostat,000001897
CURRENT_TIMESTAMP,CURRENT_TIMESTAMP,200499874,null,2,Saluran Udara,000499874
CURRENT_TIMESTAMP,CURRENT_TIMESTAMP,200002766,null,2,Ventilasi & Cerobong,000002766
CURRENT_TIMESTAMP,CURRENT_TIMESTAMP,200503739,200000632,2,Peralatan Bangunan Habis Pakai,000503739
CURRENT_TIMESTAMP,CURRENT_TIMESTAMP,200002277,200503739,2,Bahan Kimia,000002277
CURRENT_TIMESTAMP,CURRENT_TIMESTAMP,200001735,200002277,2,Alat Penetralisir Asam,000001735
CURRENT_TIMESTAMP,CURRENT_TIMESTAMP,200006795,200002277,2,Amonia,000006795
CURRENT_TIMESTAMP,CURRENT_TIMESTAMP,200500088,200002277,2,Minyak Korek Api,000500088
CURRENT_TIMESTAMP,CURRENT_TIMESTAMP,200007504,200002277,2,Pembersih Beton & Pekerjaan Tukang Batu,000007504
CURRENT_TIMESTAMP,CURRENT_TIMESTAMP,200001479,200002277,2,Pembersih Cerobong,000001479
CURRENT_TIMESTAMP,CURRENT_TIMESTAMP,200007503,200002277,2,Pembersih Dek & Pagar,000007503
CURRENT_TIMESTAMP,CURRENT_TIMESTAMP,200001749,200002277,2,Pembersih Pipa Pembuangan,000001749
CURRENT_TIMESTAMP,CURRENT_TIMESTAMP,200006191,200002277,2,Pencair Es,000006191
CURRENT_TIMESTAMP,CURRENT_TIMESTAMP,200007470,200002277,2,Perawatan Tanki Septik & Kolam Limbah,000007470
CURRENT_TIMESTAMP,CURRENT_TIMESTAMP,200505319,200002277,2,Semprotan Pendingin Peralatan Listrik,000505319
CURRENT_TIMESTAMP,CURRENT_TIMESTAMP,200505802,200503739,2,Campuran Penambal & Plaster Tembok,000505802
CURRENT_TIMESTAMP,CURRENT_TIMESTAMP,200503742,200503739,2,Lem & Perekat Perangkat Keras,000503742
CURRENT_TIMESTAMP,CURRENT_TIMESTAMP,200503744,200503739,2,Pelapis & Perapat Pelindung,000503744
CURRENT_TIMESTAMP,CURRENT_TIMESTAMP,200503741,200503739,2,Pelarut,000503741
CURRENT_TIMESTAMP,CURRENT_TIMESTAMP,200001753,200503739,2,Pelumas,000001753
CURRENT_TIMESTAMP,CURRENT_TIMESTAMP,200503740,200503739,2,Peralatan Cat Habis Pakai,000503740
CURRENT_TIMESTAMP,CURRENT_TIMESTAMP,200001361,200503740,2,Cat,000001361
CURRENT_TIMESTAMP,CURRENT_TIMESTAMP,200002058,200503740,2,Lapisan Primer,000002058
CURRENT_TIMESTAMP,CURRENT_TIMESTAMP,200001648,200503740,2,Pelitur,000001648
CURRENT_TIMESTAMP,CURRENT_TIMESTAMP,200002474,200503740,2,Perekat Cat,000002474
CURRENT_TIMESTAMP,CURRENT_TIMESTAMP,200503738,200503740,2,Pernis & Pelitur,000503738
CURRENT_TIMESTAMP,CURRENT_TIMESTAMP,200503743,200503739,2,Peralatan Pertukangan Habis Pakai,000503743
CURRENT_TIMESTAMP,CURRENT_TIMESTAMP,200499876,200503743,2,Adonan Luluh,000499876
CURRENT_TIMESTAMP,CURRENT_TIMESTAMP,200003031,200503743,2,Batu Bata & Balok Beton,000003031
CURRENT_TIMESTAMP,CURRENT_TIMESTAMP,200002282,200503743,2,Semen,000002282
CURRENT_TIMESTAMP,CURRENT_TIMESTAMP,200505305,200503739,2,Primer Saluran Pipa,000505305
CURRENT_TIMESTAMP,CURRENT_TIMESTAMP,200002212,200503739,2,Selotip Perangkat Keras,000002212
CURRENT_TIMESTAMP,CURRENT_TIMESTAMP,200001995,200503739,2,Solder & Fluks,000001995
CURRENT_TIMESTAMP,CURRENT_TIMESTAMP,200001167,200000632,2,Perkakas,000001167
CURRENT_TIMESTAMP,CURRENT_TIMESTAMP,200001305,200001167,2,Alat & Sensor Ukur,000001305
CURRENT_TIMESTAMP,CURRENT_TIMESTAMP,200503737,200001305,2,Alat Penguji Listrik,000503737
CURRENT_TIMESTAMP,CURRENT_TIMESTAMP,200001191,200001305,2,Alat Pengukur Kerataan,000001191
CURRENT_TIMESTAMP,CURRENT_TIMESTAMP,200004294,200001191,2,Alat Pengatur Level Pandang,000004294
CURRENT_TIMESTAMP,CURRENT_TIMESTAMP,200004931,200001191,2,Laser Pengukur Kerataan,000004931
CURRENT_TIMESTAMP,CURRENT_TIMESTAMP,200004081,200001191,2,Waterpas,000004081
CURRENT_TIMESTAMP,CURRENT_TIMESTAMP,200001732,200001305,2,Alat Ukur,000001732
CURRENT_TIMESTAMP,CURRENT_TIMESTAMP,200001413,200001305,2,Alat Ukur Kelurusan Garis,000001413
CURRENT_TIMESTAMP,CURRENT_TIMESTAMP,200004022,200001305,2,Altimeter,000004022
CURRENT_TIMESTAMP,CURRENT_TIMESTAMP,200500058,200001305,2,Anemometer,000500058
CURRENT_TIMESTAMP,CURRENT_TIMESTAMP,200003602,200001305,2,Barometer,000003602
CURRENT_TIMESTAMP,CURRENT_TIMESTAMP,200001198,200001305,2,Busur Derajat,000001198
CURRENT_TIMESTAMP,CURRENT_TIMESTAMP,200001533,200001305,2,Cruising Rod,000001533
CURRENT_TIMESTAMP,CURRENT_TIMESTAMP,200001991,200001305,2,Detektor Gas,000001991
CURRENT_TIMESTAMP,CURRENT_TIMESTAMP,200001850,200001305,2,Divider,000001850
CURRENT_TIMESTAMP,CURRENT_TIMESTAMP,200004754,200001305,2,Higrometer,000004754
CURRENT_TIMESTAMP,CURRENT_TIMESTAMP,200002192,200001305,2,Jangka Sorong,000002192
CURRENT_TIMESTAMP,CURRENT_TIMESTAMP,200006799,200001305,2,Kamera Pencitraan Panas,000006799
CURRENT_TIMESTAMP,CURRENT_TIMESTAMP,200002330,200001305,2,Pemandu Mengasah Pisau,000002330
CURRENT_TIMESTAMP,CURRENT_TIMESTAMP,200005371,200001305,2,Pencacah Geiger,000005371
CURRENT_TIMESTAMP,CURRENT_TIMESTAMP,200002021,200001305,2,Penggaris,000002021
CURRENT_TIMESTAMP,CURRENT_TIMESTAMP,200001205,200001305,2,Penggaris Siku,000001205
CURRENT_TIMESTAMP,CURRENT_TIMESTAMP,200001640,200001305,2,Pengukur & Pengontrol Aliran,000001640
CURRENT_TIMESTAMP,CURRENT_TIMESTAMP,200004757,200001305,2,Pengukur Bunyi,000004757
CURRENT_TIMESTAMP,CURRENT_TIMESTAMP,200004759,200001305,2,Pengukur Getaran,000004759
CURRENT_TIMESTAMP,CURRENT_TIMESTAMP,200005487,200001305,2,Pengukur Jarak,000005487
CURRENT_TIMESTAMP,CURRENT_TIMESTAMP,200004755,200001305,2,Pengukur Kelembaban,000004755
CURRENT_TIMESTAMP,CURRENT_TIMESTAMP,200005515,200001305,2,Pengukur Kualitas Udara,000005515
CURRENT_TIMESTAMP,CURRENT_TIMESTAMP,200004758,200001305,2,Pengukur Sinar UV,000004758
CURRENT_TIMESTAMP,CURRENT_TIMESTAMP,200004074,200001305,2,Pengukur pH,000004074
CURRENT_TIMESTAMP,CURRENT_TIMESTAMP,200001374,200001305,2,Peramal & Stasiun Cuaca,000001374
CURRENT_TIMESTAMP,CURRENT_TIMESTAMP,200002481,200001305,2,Pita Ukur,000002481
CURRENT_TIMESTAMP,CURRENT_TIMESTAMP,200001785,200001305,2,Probe & Finder,000001785
CURRENT_TIMESTAMP,CURRENT_TIMESTAMP,200001539,200001305,2,Rebar Locator,000001539
CURRENT_TIMESTAMP,CURRENT_TIMESTAMP,200001459,200001305,2,Roda Ukur,000001459
CURRENT_TIMESTAMP,CURRENT_TIMESTAMP,200004756,200001305,2,Seismometer,000004756
CURRENT_TIMESTAMP,CURRENT_TIMESTAMP,200001207,200001305,2,Stud Sensor,000001207
CURRENT_TIMESTAMP,CURRENT_TIMESTAMP,200004340,200001305,2,Teodolit,000004340
CURRENT_TIMESTAMP,CURRENT_TIMESTAMP,200004506,200001305,2,Termometer Inframerah,000004506
CURRENT_TIMESTAMP,CURRENT_TIMESTAMP,200002093,200001305,2,Thermocouple & Thermopile,000002093
CURRENT_TIMESTAMP,CURRENT_TIMESTAMP,200001698,200001305,2,Timbangan Ukur,000001698
CURRENT_TIMESTAMP,CURRENT_TIMESTAMP,200007394,200001305,2,Transduser,000007394
CURRENT_TIMESTAMP,CURRENT_TIMESTAMP,200003745,200001167,2,Alat Kikir,000003745
CURRENT_TIMESTAMP,CURRENT_TIMESTAMP,200007556,200001167,2,Alat Pelumas,000007556
CURRENT_TIMESTAMP,CURRENT_TIMESTAMP,200007064,200001167,2,Alat Pemasangan Paku Keling,000007064
CURRENT_TIMESTAMP,CURRENT_TIMESTAMP,200007065,200007064,2,Mesin Pemasang Paku Keling,000007065
CURRENT_TIMESTAMP,CURRENT_TIMESTAMP,200007066,200007064,2,Tang Paku Keling,000007066
CURRENT_TIMESTAMP,CURRENT_TIMESTAMP,200001832,200001167,2,Alat Penanda,000001832
CURRENT_TIMESTAMP,CURRENT_TIMESTAMP,200001644,200001167,2,Alat Pengasah,000001644
CURRENT_TIMESTAMP,CURRENT_TIMESTAMP,200001215,200001167,2,Alat Tembak Perekat,000001215
CURRENT_TIMESTAMP,CURRENT_TIMESTAMP,200001188,200001167,2,Ampelas,000001188
CURRENT_TIMESTAMP,CURRENT_TIMESTAMP,200004419,200001167,2,Batu Pengasah,000004419
CURRENT_TIMESTAMP,CURRENT_TIMESTAMP,200003932,200001167,2,Beliung,000003932
CURRENT_TIMESTAMP,CURRENT_TIMESTAMP,200004325,200001167,2,Compactor,000004325
CURRENT_TIMESTAMP,CURRENT_TIMESTAMP,200000126,200001167,2,Dolly & Gerobak Tangan,000000126
CURRENT_TIMESTAMP,CURRENT_TIMESTAMP,200001235,200001167,2,Gergaji,000001235
CURRENT_TIMESTAMP,CURRENT_TIMESTAMP,200003706,200001235,2,Gergaji Meja,000003706
CURRENT_TIMESTAMP,CURRENT_TIMESTAMP,200499985,200001235,2,Gergaji Panel,000499985
CURRENT_TIMESTAMP,CURRENT_TIMESTAMP,200003582,200001235,2,Gergaji Pita,000003582
CURRENT_TIMESTAMP,CURRENT_TIMESTAMP,200003594,200001235,2,Gergaji Tangan,000003594
CURRENT_TIMESTAMP,CURRENT_TIMESTAMP,200007077,200001235,2,Gergaji Tukang Batu & Ubin,000007077
CURRENT_TIMESTAMP,CURRENT_TIMESTAMP,200003725,200001235,2,Gergaji Ukir,000003725
CURRENT_TIMESTAMP,CURRENT_TIMESTAMP,200003494,200001235,2,Mesin Gergaji Bolak-Balik,000003494
CURRENT_TIMESTAMP,CURRENT_TIMESTAMP,200003224,200001235,2,Mesin Gergaji Lingkar Portabel,000003224
CURRENT_TIMESTAMP,CURRENT_TIMESTAMP,200003517,200001235,2,Mesin Gergaji Miter,000003517
CURRENT_TIMESTAMP,CURRENT_TIMESTAMP,200003516,200001235,2,Mesin Gergaji Potong,000003516
CURRENT_TIMESTAMP,CURRENT_TIMESTAMP,200004633,200001235,2,Scroll Saw,000004633
CURRENT_TIMESTAMP,CURRENT_TIMESTAMP,200001185,200001167,2,Grip,000001185
CURRENT_TIMESTAMP,CURRENT_TIMESTAMP,200001220,200001167,2,Heat Gun,000001220
CURRENT_TIMESTAMP,CURRENT_TIMESTAMP,200001221,200001167,2,Impact Wrench & Impact Driver,000001221
CURRENT_TIMESTAMP,CURRENT_TIMESTAMP,200007416,200001167,2,Kaca Inspeksi,000007416
CURRENT_TIMESTAMP,CURRENT_TIMESTAMP,200001171,200001167,2,Kapak,000001171
CURRENT_TIMESTAMP,CURRENT_TIMESTAMP,200006461,200001167,2,Kawat Penarik Pemasangan Kabel,000006461
CURRENT_TIMESTAMP,CURRENT_TIMESTAMP,200001187,200001167,2,Ketam Kayu,000001187
CURRENT_TIMESTAMP,CURRENT_TIMESTAMP,200002015,200001167,2,Kompresor,000002015
CURRENT_TIMESTAMP,CURRENT_TIMESTAMP,200001201,200001167,2,Kuda-Kuda Gergaji,000001201
CURRENT_TIMESTAMP,CURRENT_TIMESTAMP,200001632,200001167,2,Kunci Perbengkelan,000001632
CURRENT_TIMESTAMP,CURRENT_TIMESTAMP,200001439,200001167,2,Kunci Perkakas,000001439
CURRENT_TIMESTAMP,CURRENT_TIMESTAMP,200005592,200001167,2,Lampu Sorot Kerja Bangunan,000005592
CURRENT_TIMESTAMP,CURRENT_TIMESTAMP,200001179,200001167,2,Linggis,000001179
CURRENT_TIMESTAMP,CURRENT_TIMESTAMP,200001217,200001167,2,Mesin Bor,000001217
CURRENT_TIMESTAMP,CURRENT_TIMESTAMP,200001367,200001217,2,Auger,000001367
CURRENT_TIMESTAMP,CURRENT_TIMESTAMP,200001994,200001217,2,Bor Pneumatik,000001994
CURRENT_TIMESTAMP,CURRENT_TIMESTAMP,200001216,200001217,2,Mesin Bor Duduk,000001216
CURRENT_TIMESTAMP,CURRENT_TIMESTAMP,200002629,200001217,2,Mesin Bor Tangan,000002629
CURRENT_TIMESTAMP,CURRENT_TIMESTAMP,200001465,200001217,2,Mortiser,000001465
CURRENT_TIMESTAMP,CURRENT_TIMESTAMP,200005587,200001167,2,Mesin Bor Multifungsi,000005587
CURRENT_TIMESTAMP,CURRENT_TIMESTAMP,200001663,200001167,2,Mesin Bubut,000001663
CURRENT_TIMESTAMP,CURRENT_TIMESTAMP,200001391,200001167,2,Mesin Deburring,000001391
CURRENT_TIMESTAMP,CURRENT_TIMESTAMP,200001219,200001167,2,Mesin Gerinda,000001219
CURRENT_TIMESTAMP,CURRENT_TIMESTAMP,200001238,200001167,2,Mesin Las & Pemotong Plasma,000001238
CURRENT_TIMESTAMP,CURRENT_TIMESTAMP,200005077,200001167,2,Mesin Milling,000005077
CURRENT_TIMESTAMP,CURRENT_TIMESTAMP,200007030,200001167,2,Mesin Pembelah Kayu Bakar,000007030
CURRENT_TIMESTAMP,CURRENT_TIMESTAMP,200001584,200001167,2,Mesin Pembuat Ulir,000001584
CURRENT_TIMESTAMP,CURRENT_TIMESTAMP,200007271,200001167,2,Mesin Pemotong Kayu Sambungan,000007271
CURRENT_TIMESTAMP,CURRENT_TIMESTAMP,200001225,200001167,2,Mesin Poles & Buffer,000001225
CURRENT_TIMESTAMP,CURRENT_TIMESTAMP,200001841,200001167,2,Mesin Profil,000001841
CURRENT_TIMESTAMP,CURRENT_TIMESTAMP,200006868,200001167,2,Mesin Serut,000006868
CURRENT_TIMESTAMP,CURRENT_TIMESTAMP,200002456,200001167,2,Mesin Vibrator untuk Industri,000002456
CURRENT_TIMESTAMP,CURRENT_TIMESTAMP,200001203,200001167,2,Obeng,000001203
CURRENT_TIMESTAMP,CURRENT_TIMESTAMP,200001195,200001167,2,Obeng Soket,000001195
CURRENT_TIMESTAMP,CURRENT_TIMESTAMP,200005927,200001167,2,Obor Perangkat Keras,000005927
CURRENT_TIMESTAMP,CURRENT_TIMESTAMP,200001174,200001167,2,Pahat Lurus & Pahat Kuku,000001174
CURRENT_TIMESTAMP,CURRENT_TIMESTAMP,200001206,200001167,2,Paku Tembak & Staples,000001206
CURRENT_TIMESTAMP,CURRENT_TIMESTAMP,200001186,200001167,2,Palu,000001186
CURRENT_TIMESTAMP,CURRENT_TIMESTAMP,200002208,200001186,2,Palu Manual,000002208
CURRENT_TIMESTAMP,CURRENT_TIMESTAMP,200505364,200001186,2,Palu Pembongkar,000505364
CURRENT_TIMESTAMP,CURRENT_TIMESTAMP,200001169,200001167,2,Paron,000001169
CURRENT_TIMESTAMP,CURRENT_TIMESTAMP,200001819,200001167,2,Pelebar Lubang,000001819
CURRENT_TIMESTAMP,CURRENT_TIMESTAMP,200505315,200001167,2,Pelubang & Penusuk,000505315
CURRENT_TIMESTAMP,CURRENT_TIMESTAMP,200503774,200001167,2,Pemantik & Korek Api,000503774
CURRENT_TIMESTAMP,CURRENT_TIMESTAMP,200001667,200001167,2,Pembengkok Pipa & Bilah,000001667
CURRENT_TIMESTAMP,CURRENT_TIMESTAMP,200002053,200001167,2,Pembersih Pipa & Tabung,000002053
CURRENT_TIMESTAMP,CURRENT_TIMESTAMP,200001180,200001167,2,Pemotong,000001180
CURRENT_TIMESTAMP,CURRENT_TIMESTAMP,200001454,200001180,2,Gunting Logam & Pemotong Pelat Genggam,000001454
CURRENT_TIMESTAMP,CURRENT_TIMESTAMP,200001181,200001180,2,Pemotong Baut,000001181
CURRENT_TIMESTAMP,CURRENT_TIMESTAMP,200001182,200001180,2,Pemotong Kaca,000001182
CURRENT_TIMESTAMP,CURRENT_TIMESTAMP,200002080,200001180,2,Pemotong Pipa,000002080
CURRENT_TIMESTAMP,CURRENT_TIMESTAMP,200001824,200001180,2,Pemotong Rebar,000001824
CURRENT_TIMESTAMP,CURRENT_TIMESTAMP,200002726,200001180,2,Pemotong Ubin & Sirap,000002726
CURRENT_TIMESTAMP,CURRENT_TIMESTAMP,200007562,200001180,2,Penjepit,000007562
CURRENT_TIMESTAMP,CURRENT_TIMESTAMP,200002411,200001180,2,Pisau Utilitas,000002411
CURRENT_TIMESTAMP,CURRENT_TIMESTAMP,200001194,200001167,2,Pencabut Paku,000001194
CURRENT_TIMESTAMP,CURRENT_TIMESTAMP,200003501,200001167,2,Penggali Lubang Tiang,000003501
CURRENT_TIMESTAMP,CURRENT_TIMESTAMP,200001603,200001167,2,Pengganti Bola Lampu,000001603
CURRENT_TIMESTAMP,CURRENT_TIMESTAMP,200002835,200001167,2,Penjepit & Catok Perkakas,000002835
CURRENT_TIMESTAMP,CURRENT_TIMESTAMP,200005873,200001167,2,Penyapu Magnet,000005873
CURRENT_TIMESTAMP,CURRENT_TIMESTAMP,200006938,200001167,2,Penyembur Abrasif,000006938
CURRENT_TIMESTAMP,CURRENT_TIMESTAMP,200002077,200001167,2,Perkakas Cat,000002077
CURRENT_TIMESTAMP,CURRENT_TIMESTAMP,200002486,200002077,2,Airbrush,000002486
CURRENT_TIMESTAMP,CURRENT_TIMESTAMP,200006556,200002077,2,Alat Pengecat Bagian Tepi,000006556
CURRENT_TIMESTAMP,CURRENT_TIMESTAMP,200001300,200002077,2,Kuas Cat,000001300
CURRENT_TIMESTAMP,CURRENT_TIMESTAMP,200006557,200002077,2,Nampan Cat,000006557
CURRENT_TIMESTAMP,CURRENT_TIMESTAMP,200499888,200002077,2,Pengaduk Tinta,000499888
CURRENT_TIMESTAMP,CURRENT_TIMESTAMP,200002465,200002077,2,Penyemprot Cat,000002465
CURRENT_TIMESTAMP,CURRENT_TIMESTAMP,200001774,200002077,2,Rol Cat,000001774
CURRENT_TIMESTAMP,CURRENT_TIMESTAMP,200505325,200002077,2,Saringan Cat,000505325
CURRENT_TIMESTAMP,CURRENT_TIMESTAMP,200001699,200002077,2,Spons Cat,000001699
CURRENT_TIMESTAMP,CURRENT_TIMESTAMP,200001469,200001167,2,Perkakas Tangan Kawat & Kabel,000001469
CURRENT_TIMESTAMP,CURRENT_TIMESTAMP,200001193,200001167,2,Perkakas Tukang Bangunan,000001193
CURRENT_TIMESTAMP,CURRENT_TIMESTAMP,200007484,200001193,2,Busa Grout,000007484
CURRENT_TIMESTAMP,CURRENT_TIMESTAMP,200002181,200001193,2,Cetok Tukang,000002181
CURRENT_TIMESTAMP,CURRENT_TIMESTAMP,200001799,200001193,2,Edger & Groover Pertukangan,000001799
CURRENT_TIMESTAMP,CURRENT_TIMESTAMP,200001450,200001193,2,Jointer Tukang,000001450
CURRENT_TIMESTAMP,CURRENT_TIMESTAMP,200002305,200001193,2,Pengaduk Semen,000002305
CURRENT_TIMESTAMP,CURRENT_TIMESTAMP,200001668,200001193,2,Perkakas Batu Bata,000001668
CURRENT_TIMESTAMP,CURRENT_TIMESTAMP,200002337,200001193,2,Roskam,000002337
CURRENT_TIMESTAMP,CURRENT_TIMESTAMP,200001555,200001193,2,Tali Konstruksi,000001555
CURRENT_TIMESTAMP,CURRENT_TIMESTAMP,200004132,200001193,2,Trowel Mesin,000004132
CURRENT_TIMESTAMP,CURRENT_TIMESTAMP,200001202,200001167,2,Pisau & Scraper Dempul,000001202
CURRENT_TIMESTAMP,CURRENT_TIMESTAMP,200002198,200001167,2,Pisau Perkakas,000002198
CURRENT_TIMESTAMP,CURRENT_TIMESTAMP,200001563,200001167,2,Plunger,000001563
CURRENT_TIMESTAMP,CURRENT_TIMESTAMP,200499887,200001167,2,Power Mixer Genggam,000499887
CURRENT_TIMESTAMP,CURRENT_TIMESTAMP,200001787,200001167,2,Reseater Keran,000001787
CURRENT_TIMESTAMP,CURRENT_TIMESTAMP,200005828,200001167,2,Saluran Pembuangan Filter Minyak,000005828
CURRENT_TIMESTAMP,CURRENT_TIMESTAMP,200004672,200001167,2,Sapu Cor,000004672
CURRENT_TIMESTAMP,CURRENT_TIMESTAMP,200000338,200001167,2,Senter & Lampu Helm,000000338
CURRENT_TIMESTAMP,CURRENT_TIMESTAMP,200004919,200001167,2,Set Perkakas,000004919
CURRENT_TIMESTAMP,CURRENT_TIMESTAMP,200004716,200004919,2,Paket Lengkap Perkakas Mesin,000004716
CURRENT_TIMESTAMP,CURRENT_TIMESTAMP,200006965,200004919,2,Set Perkakas Tangan,000006965
CURRENT_TIMESTAMP,CURRENT_TIMESTAMP,200001923,200001167,2,Shaper,000001923
CURRENT_TIMESTAMP,CURRENT_TIMESTAMP,200002792,200001167,2,Sikat Cerobong,000002792
CURRENT_TIMESTAMP,CURRENT_TIMESTAMP,200001862,200001167,2,Sikat Pipa,000001862
CURRENT_TIMESTAMP,CURRENT_TIMESTAMP,200001236,200001167,2,Solder,000001236
CURRENT_TIMESTAMP,CURRENT_TIMESTAMP,200001958,200001167,2,Tang,000001958
CURRENT_TIMESTAMP,CURRENT_TIMESTAMP,200000130,200001167,2,Tangga & Perancah,000000130
CURRENT_TIMESTAMP,CURRENT_TIMESTAMP,200000635,200000130,2,Bangku Tangga,000000635
CURRENT_TIMESTAMP,CURRENT_TIMESTAMP,200001866,200000130,2,Perancah,000001866
CURRENT_TIMESTAMP,CURRENT_TIMESTAMP,200001809,200000130,2,Platform Tukang,000001809
CURRENT_TIMESTAMP,CURRENT_TIMESTAMP,200006928,200000130,2,Tangga,000006928
CURRENT_TIMESTAMP,CURRENT_TIMESTAMP,200002416,200000130,2,Tangga Dorong,000002416
CURRENT_TIMESTAMP,CURRENT_TIMESTAMP,200001184,200001167,2,Tap & Die,000001184
CURRENT_TIMESTAMP,CURRENT_TIMESTAMP,200001196,200001167,2,Tongkat Bantu Pengambil,000001196
CURRENT_TIMESTAMP,CURRENT_TIMESTAMP,200000127,200000632,2,Perlengkapan Listrik & Kelistrikan,000000127
CURRENT_TIMESTAMP,CURRENT_TIMESTAMP,200004709,200000127,2,Aksesori Generator,000004709
CURRENT_TIMESTAMP,CURRENT_TIMESTAMP,200006375,200000127,2,Aksesori Kabel Ekstensi,000006375
CURRENT_TIMESTAMP,CURRENT_TIMESTAMP,200500049,200000127,2,Armatur,000500049
CURRENT_TIMESTAMP,CURRENT_TIMESTAMP,200007183,200000127,2,Ballast & Starter,000007183
CURRENT_TIMESTAMP,CURRENT_TIMESTAMP,200499966,200000127,2,Colokan Listrik,000499966
CURRENT_TIMESTAMP,CURRENT_TIMESTAMP,200499768,200000127,2,Conduit & Housing,000499768
CURRENT_TIMESTAMP,CURRENT_TIMESTAMP,200499770,200499768,2,Conduit Listrik,000499770
CURRENT_TIMESTAMP,CURRENT_TIMESTAMP,200003797,200499768,2,Selongsong Bakar,000003797
CURRENT_TIMESTAMP,CURRENT_TIMESTAMP,200001218,200000127,2,Generator,000001218
CURRENT_TIMESTAMP,CURRENT_TIMESTAMP,200005142,200000127,2,Inverter Daya,000005142
CURRENT_TIMESTAMP,CURRENT_TIMESTAMP,200002028,200000127,2,Jack Telepon & Data,000002028
CURRENT_TIMESTAMP,CURRENT_TIMESTAMP,200004789,200000127,2,Kabel Ekstensi,000004789
CURRENT_TIMESTAMP,CURRENT_TIMESTAMP,200002345,200000127,2,Kawat & Kabel Listrik,000002345
CURRENT_TIMESTAMP,CURRENT_TIMESTAMP,200005533,200000127,2,Konverter Daya,000005533
CURRENT_TIMESTAMP,CURRENT_TIMESTAMP,200002006,200000127,2,Kotak & Braket Pemasangan Elemen Listrik,000002006
CURRENT_TIMESTAMP,CURRENT_TIMESTAMP,200007275,200000127,2,Mesin Listrik,000007275
CURRENT_TIMESTAMP,CURRENT_TIMESTAMP,200006807,200000127,2,Panel Pemutus Arus Listrik,000006807
CURRENT_TIMESTAMP,CURRENT_TIMESTAMP,200004714,200000127,2,Panel Surya,000004714
CURRENT_TIMESTAMP,CURRENT_TIMESTAMP,200006833,200000127,2,Pengendali & Sensor Soket Dinding,000006833
CURRENT_TIMESTAMP,CURRENT_TIMESTAMP,200002413,200000127,2,Peralatan Otomatisasi Rumah,000002413
CURRENT_TIMESTAMP,CURRENT_TIMESTAMP,200004715,200000127,2,Perlengkapan Energi Surya,000004715
CURRENT_TIMESTAMP,CURRENT_TIMESTAMP,200002377,200000127,2,Plat & Penutup Colokan Dinding,000002377
CURRENT_TIMESTAMP,CURRENT_TIMESTAMP,200006459,200000127,2,Saklar Listrik,000006459
CURRENT_TIMESTAMP,CURRENT_TIMESTAMP,200499932,200006459,2,Sakelar & Relai Listrik,000499932
CURRENT_TIMESTAMP,CURRENT_TIMESTAMP,200001935,200006459,2,Sakelar Lampu,000001935
CURRENT_TIMESTAMP,CURRENT_TIMESTAMP,200499893,200000127,2,Sikat Karbon,000499893
CURRENT_TIMESTAMP,CURRENT_TIMESTAMP,200001869,200000127,2,Stopkontak & Soket Listrik,000001869
CURRENT_TIMESTAMP,CURRENT_TIMESTAMP,200503729,200000127,2,Terminal & Konektor Kabel,000503729
CURRENT_TIMESTAMP,CURRENT_TIMESTAMP,200505318,200000127,2,Transformator & Regulator Tegangan,000505318
CURRENT_TIMESTAMP,CURRENT_TIMESTAMP,200002274,200000127,2,Tutup Kawat & Mur,000002274
CURRENT_TIMESTAMP,CURRENT_TIMESTAMP,200005627,200000127,2,Tutup Soket Listrik,000005627
CURRENT_TIMESTAMP,CURRENT_TIMESTAMP,200000133,200000632,2,Perpipaan Ledeng,000000133
CURRENT_TIMESTAMP,CURRENT_TIMESTAMP,200002273,200000133,2,Dispenser & Filtrasi Air,000002273
CURRENT_TIMESTAMP,CURRENT_TIMESTAMP,200002171,200002273,2,Aksesori Filtrasi Air,000002171
CURRENT_TIMESTAMP,CURRENT_TIMESTAMP,200002406,200002171,2,Botol Wadah Filter Air,000002406
CURRENT_TIMESTAMP,CURRENT_TIMESTAMP,200002063,200002171,2,Kartrid Filter Udara,000002063
CURRENT_TIMESTAMP,CURRENT_TIMESTAMP,200002343,200002273,2,Dispenser Air,000002343
CURRENT_TIMESTAMP,CURRENT_TIMESTAMP,200001821,200002343,2,Pancuran Air Minum,000001821
CURRENT_TIMESTAMP,CURRENT_TIMESTAMP,200001354,200002343,2,Pendingin Air,000001354
CURRENT_TIMESTAMP,CURRENT_TIMESTAMP,200002055,200002273,2,Filter Air Inline,000002055
CURRENT_TIMESTAMP,CURRENT_TIMESTAMP,200005646,200002273,2,Garam Pelunak Air,000005646
CURRENT_TIMESTAMP,CURRENT_TIMESTAMP,200001952,200002273,2,Pelembut Air,000001952
CURRENT_TIMESTAMP,CURRENT_TIMESTAMP,200001390,200002273,2,Penyuling Air,000001390
CURRENT_TIMESTAMP,CURRENT_TIMESTAMP,200006832,200000133,2,Pengatur Waktu Air,000006832
CURRENT_TIMESTAMP,CURRENT_TIMESTAMP,200002203,200000133,2,Peralatan Reparasi Ledeng,000002203
CURRENT_TIMESTAMP,CURRENT_TIMESTAMP,200504635,200000133,2,Perangkat & Suku Cadang Perlengkapan Saluran Air,000504635
CURRENT_TIMESTAMP,CURRENT_TIMESTAMP,200001963,200504635,2,Aksesori Bak Cuci Piring,000001963
CURRENT_TIMESTAMP,CURRENT_TIMESTAMP,200002410,200001963,2,Kaki Bak Cuci Piring,000002410
CURRENT_TIMESTAMP,CURRENT_TIMESTAMP,200002996,200504635,2,Aksesori Bak Mandi,000002996
CURRENT_TIMESTAMP,CURRENT_TIMESTAMP,200505368,200002996,2,Alas & Kaki Bak Mandi,000505368
CURRENT_TIMESTAMP,CURRENT_TIMESTAMP,200002463,200002996,2,Keran Bak Mandi,000002463
CURRENT_TIMESTAMP,CURRENT_TIMESTAMP,200005508,200002996,2,Panel Pinggiran Bak Mandi,000005508
CURRENT_TIMESTAMP,CURRENT_TIMESTAMP,200001489,200504635,2,Aksesori Keran,000001489
CURRENT_TIMESTAMP,CURRENT_TIMESTAMP,200008115,200001489,2,Aerator Keran,000008115
CURRENT_TIMESTAMP,CURRENT_TIMESTAMP,200008116,200001489,2,Pegangan & Pengontrol Keran,000008116
CURRENT_TIMESTAMP,CURRENT_TIMESTAMP,200002691,200504635,2,Aksesori Toilet & Bidet,000002691
CURRENT_TIMESTAMP,CURRENT_TIMESTAMP,200007358,200002691,2,Alas Dudukan Toilet,000007358
CURRENT_TIMESTAMP,CURRENT_TIMESTAMP,200001865,200002691,2,Dudukan Toilet & Bidet,000001865
CURRENT_TIMESTAMP,CURRENT_TIMESTAMP,200007446,200002691,2,Hiasan Tutup Dudukan Toilet,000007446
CURRENT_TIMESTAMP,CURRENT_TIMESTAMP,200001425,200002691,2,Katup Bola & Flapper,000001425
CURRENT_TIMESTAMP,CURRENT_TIMESTAMP,200504634,200002691,2,Keran & Semprotan Bidet,000504634
CURRENT_TIMESTAMP,CURRENT_TIMESTAMP,200005665,200002691,2,Tangki Air Toilet,000005665
CURRENT_TIMESTAMP,CURRENT_TIMESTAMP,200002478,200002691,2,Trim Toilet,000002478
CURRENT_TIMESTAMP,CURRENT_TIMESTAMP,200002817,200002691,2,Tuas Tangki Air Toilet,000002817
CURRENT_TIMESTAMP,CURRENT_TIMESTAMP,200005666,200002691,2,Tutup Tangki Air Toilet,000005666
CURRENT_TIMESTAMP,CURRENT_TIMESTAMP,200001458,200504635,2,Kepingan Plat Fitting,000001458
CURRENT_TIMESTAMP,CURRENT_TIMESTAMP,200504637,200504635,2,Komponen Saluran Pembuangan,000504637
CURRENT_TIMESTAMP,CURRENT_TIMESTAMP,200001932,200504637,2,Pembuka Pipa Pembuangan,000001932
CURRENT_TIMESTAMP,CURRENT_TIMESTAMP,200002851,200504637,2,Penutup & Penyaring Saluran Pembuangan,000002851
CURRENT_TIMESTAMP,CURRENT_TIMESTAMP,200001514,200504637,2,Penutup Saluran Pembuangan,000001514
CURRENT_TIMESTAMP,CURRENT_TIMESTAMP,200001319,200504637,2,Pipa Perangkap,000001319
CURRENT_TIMESTAMP,CURRENT_TIMESTAMP,200002170,200504637,2,Pipa Saluran Kotoran,000002170
CURRENT_TIMESTAMP,CURRENT_TIMESTAMP,200002257,200504637,2,Pipa Saluran Pembuangan,000002257
CURRENT_TIMESTAMP,CURRENT_TIMESTAMP,200001407,200504637,2,Selang Pembersih Penyumbatan,000001407
CURRENT_TIMESTAMP,CURRENT_TIMESTAMP,200504636,200504635,2,Saluran Pembuangan,000504636
CURRENT_TIMESTAMP,CURRENT_TIMESTAMP,200002206,200504635,2,Suku Cadang Shower,000002206
CURRENT_TIMESTAMP,CURRENT_TIMESTAMP,200004728,200002206,2,Dasar Shower,000004728
CURRENT_TIMESTAMP,CURRENT_TIMESTAMP,200007130,200002206,2,Dinding & Kaca Pancuran,000007130
CURRENT_TIMESTAMP,CURRENT_TIMESTAMP,200005048,200002206,2,Filter Air Pancuran,000005048
CURRENT_TIMESTAMP,CURRENT_TIMESTAMP,200008320,200002206,2,Jet Shower & Bak Mandi,000008320
CURRENT_TIMESTAMP,CURRENT_TIMESTAMP,200000581,200002206,2,Kepala Pancuran,000000581
CURRENT_TIMESTAMP,CURRENT_TIMESTAMP,200504638,200002206,2,Lengan & Konektor Pancuran,000504638
CURRENT_TIMESTAMP,CURRENT_TIMESTAMP,200001779,200002206,2,Pintu & Dinding Mandi Pancuran,000001779
CURRENT_TIMESTAMP,CURRENT_TIMESTAMP,200008277,200002206,2,Shower Listrik,000008277
CURRENT_TIMESTAMP,CURRENT_TIMESTAMP,200002088,200002206,2,Tiang Mandi Pancuran,000002088
CURRENT_TIMESTAMP,CURRENT_TIMESTAMP,200001673,200000133,2,Perangkat Saluran Air,000001673
CURRENT_TIMESTAMP,CURRENT_TIMESTAMP,200001687,200001673,2,Bak Cuci Piring,000001687
CURRENT_TIMESTAMP,CURRENT_TIMESTAMP,200002757,200001687,2,Bak Cuci Piring Dapur & Utilitas,000002757
CURRENT_TIMESTAMP,CURRENT_TIMESTAMP,200002886,200001687,2,Wastafel Kamar Mandi,000002886
CURRENT_TIMESTAMP,CURRENT_TIMESTAMP,200001636,200001673,2,Bak Mandi,000001636
CURRENT_TIMESTAMP,CURRENT_TIMESTAMP,200007244,200001673,2,Dinding & Perlengkapan Mandi Pancuran,000007244
CURRENT_TIMESTAMP,CURRENT_TIMESTAMP,200002032,200001673,2,Keran,000002032
CURRENT_TIMESTAMP,CURRENT_TIMESTAMP,200499999,200001673,2,Perlengkapan Utama Kamar Mandi,000499999
CURRENT_TIMESTAMP,CURRENT_TIMESTAMP,200002062,200001673,2,Toilet & Bidet,000002062
CURRENT_TIMESTAMP,CURRENT_TIMESTAMP,200002376,200002062,2,Bidet,000002376
CURRENT_TIMESTAMP,CURRENT_TIMESTAMP,200001921,200002062,2,Toilet,000001921
CURRENT_TIMESTAMP,CURRENT_TIMESTAMP,200001746,200002062,2,Urinoir,000001746
CURRENT_TIMESTAMP,CURRENT_TIMESTAMP,200001723,200000133,2,Perlengkapan Sumur,000001723
CURRENT_TIMESTAMP,CURRENT_TIMESTAMP,200002216,200000133,2,Pipa Saluran Air,000002216
CURRENT_TIMESTAMP,CURRENT_TIMESTAMP,200001810,200000133,2,Sambungan & Penopang Pipa,000001810
CURRENT_TIMESTAMP,CURRENT_TIMESTAMP,200002710,200001810,2,Adaptor & Bushing Pipa,000002710
CURRENT_TIMESTAMP,CURRENT_TIMESTAMP,200001694,200001810,2,Flens Pipa Saluran,000001694
CURRENT_TIMESTAMP,CURRENT_TIMESTAMP,200006732,200001810,2,Gasket & Cincin O,000006732
CURRENT_TIMESTAMP,CURRENT_TIMESTAMP,200002466,200001810,2,Katup Pipa Saluran,000002466
CURRENT_TIMESTAMP,CURRENT_TIMESTAMP,200002068,200001810,2,Nosel,000002068
CURRENT_TIMESTAMP,CURRENT_TIMESTAMP,200002634,200001810,2,Penjepit Pipa Saluran,000002634
CURRENT_TIMESTAMP,CURRENT_TIMESTAMP,200499697,200001810,2,Rangka Penopang & Pemasangan Dalam Dinding,000499697
CURRENT_TIMESTAMP,CURRENT_TIMESTAMP,200002611,200001810,2,Regulator Saluran Air,000002611
CURRENT_TIMESTAMP,CURRENT_TIMESTAMP,200002359,200001810,2,Sambungan Pipa,000002359
CURRENT_TIMESTAMP,CURRENT_TIMESTAMP,200002909,200001810,2,Tutup & Sumbat Pipa,000002909
CURRENT_TIMESTAMP,CURRENT_TIMESTAMP,200002570,200000133,2,Selang & Saluran Suplai Air,000002570
CURRENT_TIMESTAMP,CURRENT_TIMESTAMP,200002243,200000133,2,Waterpas Tukang,000002243
CURRENT_TIMESTAMP,CURRENT_TIMESTAMP,200500096,200000632,2,Pompa Perangkat Keras,000500096
CURRENT_TIMESTAMP,CURRENT_TIMESTAMP,200500100,200500096,2,Pompa & Sistem Pompa Air Sumur,000500100
CURRENT_TIMESTAMP,CURRENT_TIMESTAMP,200500098,200500096,2,Pompa Air Kolam Renang,000500098
CURRENT_TIMESTAMP,CURRENT_TIMESTAMP,200500099,200500096,2,Pompa Air Peralatan Rumah,000500099
CURRENT_TIMESTAMP,CURRENT_TIMESTAMP,200500097,200500096,2,Pompa Air Sistem Sprinkler,000500097
CURRENT_TIMESTAMP,CURRENT_TIMESTAMP,200500102,200500096,2,Pompa Bah,000500102
CURRENT_TIMESTAMP,CURRENT_TIMESTAMP,200500101,200500096,2,Pompa Utilitas,000500101
CURRENT_TIMESTAMP,CURRENT_TIMESTAMP,200001910,200000632,2,Tangki Penyimpanan,000001910
CURRENT_TIMESTAMP,CURRENT_TIMESTAMP,200002092,null,2,Perangkat Lunak,000002092
CURRENT_TIMESTAMP,CURRENT_TIMESTAMP,200005032,200002092,2,Barang & Mata Uang Digital,000005032
CURRENT_TIMESTAMP,CURRENT_TIMESTAMP,200005036,200005032,2,Font,000005036
CURRENT_TIMESTAMP,CURRENT_TIMESTAMP,200005034,200005032,2,Ikon Komputer,000005034
CURRENT_TIMESTAMP,CURRENT_TIMESTAMP,200500046,200005032,2,Karya Seni Digital,000500046
CURRENT_TIMESTAMP,CURRENT_TIMESTAMP,200005935,200005032,2,Mata Uang Virtual,000005935
CURRENT_TIMESTAMP,CURRENT_TIMESTAMP,200002065,200005032,2,Stok Foto & Rekaman Video,000002065
CURRENT_TIMESTAMP,CURRENT_TIMESTAMP,200008022,200005032,2,Template Dokumen,000008022
CURRENT_TIMESTAMP,CURRENT_TIMESTAMP,200005035,200005032,2,Wallpaper Komputer,000005035
CURRENT_TIMESTAMP,CURRENT_TIMESTAMP,200001279,200002092,2,Software Game Video,000001279
CURRENT_TIMESTAMP,CURRENT_TIMESTAMP,200000313,200002092,2,Software Komputer,000000313
CURRENT_TIMESTAMP,CURRENT_TIMESTAMP,200007225,200000313,2,Disk Backup,000007225
CURRENT_TIMESTAMP,CURRENT_TIMESTAMP,200000315,200000313,2,Pengompilasi & Software Pemrograman,000000315
CURRENT_TIMESTAMP,CURRENT_TIMESTAMP,200000321,200000313,2,Sistem Operasi,000000321
CURRENT_TIMESTAMP,CURRENT_TIMESTAMP,200003283,200000313,2,Software & Data Peta GPS,000003283
CURRENT_TIMESTAMP,CURRENT_TIMESTAMP,200005299,200000313,2,Software Antivirus & Keamanan,000005299
CURRENT_TIMESTAMP,CURRENT_TIMESTAMP,200005303,200000313,2,Software Aplikasi Kantor,000005303
CURRENT_TIMESTAMP,CURRENT_TIMESTAMP,200005300,200000313,2,Software Bisnis & Produktivitas,000005300
CURRENT_TIMESTAMP,CURRENT_TIMESTAMP,200000317,200000313,2,Software Edukasi,000000317
CURRENT_TIMESTAMP,CURRENT_TIMESTAMP,200005302,200000313,2,Software Jaringan,000005302
CURRENT_TIMESTAMP,CURRENT_TIMESTAMP,200005127,200000313,2,Software Kamus & Terjemahan,000005127
CURRENT_TIMESTAMP,CURRENT_TIMESTAMP,200005304,200000313,2,Software Keuangan,000005304
CURRENT_TIMESTAMP,CURRENT_TIMESTAMP,200000319,200000313,2,Software Multimedia & Desain,000000319
CURRENT_TIMESTAMP,CURRENT_TIMESTAMP,200004951,200000319,2,Software Desain & Ilustrasi Grafis,000004951
CURRENT_TIMESTAMP,CURRENT_TIMESTAMP,200006029,200000319,2,Software Desain Rumah & Interior,000006029
CURRENT_TIMESTAMP,CURRENT_TIMESTAMP,200004954,200000319,2,Software Desain Web,000004954
CURRENT_TIMESTAMP,CURRENT_TIMESTAMP,200005096,200000319,2,Software Komposisi Musik,000005096
CURRENT_TIMESTAMP,CURRENT_TIMESTAMP,200006027,200000319,2,Software Pembuatan Model 3D,000006027
CURRENT_TIMESTAMP,CURRENT_TIMESTAMP,200006028,200000319,2,Software Penampil Media,000006028
CURRENT_TIMESTAMP,CURRENT_TIMESTAMP,200004949,200000319,2,Software Penerbitan Rumah Tangga,000004949
CURRENT_TIMESTAMP,CURRENT_TIMESTAMP,200004950,200000319,2,Software Pengeditan Animasi,000004950
CURRENT_TIMESTAMP,CURRENT_TIMESTAMP,200004952,200000319,2,Software Pengeditan Suara,000004952
CURRENT_TIMESTAMP,CURRENT_TIMESTAMP,200004953,200000319,2,Software Pengeditan Video,000004953
CURRENT_TIMESTAMP,CURRENT_TIMESTAMP,200000318,200000313,2,Software Perangkat Genggam & PDA,000000318
CURRENT_TIMESTAMP,CURRENT_TIMESTAMP,200005301,200000313,2,Software Utilitas & Perawatan Komputer,000005301
CURRENT_TIMESTAMP,CURRENT_TIMESTAMP,200000001,null,2,Perlengkapan Hewan & Piaraan,000000001
CURRENT_TIMESTAMP,CURRENT_TIMESTAMP,200003237,200000001,2,Hewan Hidup,000003237
CURRENT_TIMESTAMP,CURRENT_TIMESTAMP,200000002,200000001,2,Perlengkapan Hewan Piaraan,000000002
CURRENT_TIMESTAMP,CURRENT_TIMESTAMP,200500110,200000002,2,Aksesori Alas Penghangat Hewan Piaraan,000500110
CURRENT_TIMESTAMP,CURRENT_TIMESTAMP,200500084,200000002,2,Aksesori Kasur Hewan Peliharaan,000500084
CURRENT_TIMESTAMP,CURRENT_TIMESTAMP,200500026,200000002,2,Aksesori Keranjang & Pembawa Hewan Piaraan,000500026
CURRENT_TIMESTAMP,CURRENT_TIMESTAMP,200505811,200000002,2,Aksesori Pintu Binatang Peliharaan,000505811
CURRENT_TIMESTAMP,CURRENT_TIMESTAMP,200007143,200000002,2,Alas Mangkuk Binatang Peliharaan,000007143
CURRENT_TIMESTAMP,CURRENT_TIMESTAMP,200505314,200000002,2,Alat Bantu Latihan Hewan Piaraan,000505314
CURRENT_TIMESTAMP,CURRENT_TIMESTAMP,200006846,200505314,2,Alas Latihan Binatang Peliharaan,000006846
CURRENT_TIMESTAMP,CURRENT_TIMESTAMP,200505313,200505314,2,Alat Klik & Dispenser Camilan untuk Latihan Hewan Peliharaan,000505313
CURRENT_TIMESTAMP,CURRENT_TIMESTAMP,200505304,200505314,2,Penahan Alas Latihan Hewan Piaraan,000505304
CURRENT_TIMESTAMP,CURRENT_TIMESTAMP,200505311,200505314,2,Semprotan & Cairan Latihan Hewan Piaraan,000505311
CURRENT_TIMESTAMP,CURRENT_TIMESTAMP,200005144,200000002,2,Berangus Binatang Peliharaan,000005144
CURRENT_TIMESTAMP,CURRENT_TIMESTAMP,200005145,200000002,2,Corong Pengaman Binatang Peliharaan,000005145
CURRENT_TIMESTAMP,CURRENT_TIMESTAMP,200006811,200000002,2,Gantungan Pakaian Binatang Peliharaan,000006811
CURRENT_TIMESTAMP,CURRENT_TIMESTAMP,200006250,200000002,2,Kalung & Kekang Binatang Peliharaan,000006250
CURRENT_TIMESTAMP,CURRENT_TIMESTAMP,200005087,200000002,2,Kandang Pagar Binatang Peliharaan,000005087
CURRENT_TIMESTAMP,CURRENT_TIMESTAMP,200008070,200000002,2,Kantong Kotoran Hewan Piaraan,000008070
CURRENT_TIMESTAMP,CURRENT_TIMESTAMP,200005013,200000002,2,Keperluan Binatang Kecil,000005013
CURRENT_TIMESTAMP,CURRENT_TIMESTAMP,200005016,200005013,2,Aksesori Habitat Binatang Kecil,000005016
CURRENT_TIMESTAMP,CURRENT_TIMESTAMP,200007517,200005013,2,Camilan Binatang Kecil,000007517
CURRENT_TIMESTAMP,CURRENT_TIMESTAMP,200005017,200005013,2,Habitat & Kandang Binatang Kecil,000005017
CURRENT_TIMESTAMP,CURRENT_TIMESTAMP,200005015,200005013,2,Makanan Binatang Kecil,000005015
CURRENT_TIMESTAMP,CURRENT_TIMESTAMP,200005014,200005013,2,Pelapis Alas Binatang Kecil,000005014
CURRENT_TIMESTAMP,CURRENT_TIMESTAMP,200005093,200000002,2,Label Identitas Binatang Peliharaan,000005093
CURRENT_TIMESTAMP,CURRENT_TIMESTAMP,200005092,200000002,2,Lonceng & Liontin Kalung Binatang Peliharaan,000005092
CURRENT_TIMESTAMP,CURRENT_TIMESTAMP,200006252,200000002,2,Mangkuk,000006252
CURRENT_TIMESTAMP,CURRENT_TIMESTAMP,200499743,200000002,2,Matras Penghangat Hewan Peliharaan,000499743
CURRENT_TIMESTAMP,CURRENT_TIMESTAMP,200006978,200000002,2,Monitor Biometrik Binatang Peliharaan,000006978
CURRENT_TIMESTAMP,CURRENT_TIMESTAMP,200006982,200006978,2,Pedometer Binatang Peliharaan,000006982
CURRENT_TIMESTAMP,CURRENT_TIMESTAMP,200006980,200006978,2,Pengukur Glukosa Binatang Peliharaan,000006980
CURRENT_TIMESTAMP,CURRENT_TIMESTAMP,200006981,200006978,2,Termometer Binatang Peliharaan,000006981
CURRENT_TIMESTAMP,CURRENT_TIMESTAMP,200005086,200000002,2,Obat-obatan Binatang Peliharaan,000005086
CURRENT_TIMESTAMP,CURRENT_TIMESTAMP,200008050,200000002,2,Pelembab & Obat Tetes Mata Hewan Peliharaan,000008050
CURRENT_TIMESTAMP,CURRENT_TIMESTAMP,200006248,200000002,2,Pengendali Kutu & Tungau Binatang Peliharaan,000006248
CURRENT_TIMESTAMP,CURRENT_TIMESTAMP,200008474,200000002,2,Penghalang Hewan Peliharaan di Kendaraan,000008474
CURRENT_TIMESTAMP,CURRENT_TIMESTAMP,200008513,200000002,2,Penyangga Mangkuk Hewan Piaraan,000008513
CURRENT_TIMESTAMP,CURRENT_TIMESTAMP,200005163,200000002,2,Penyendok Makanan Binatang Peliharaan,000005163
CURRENT_TIMESTAMP,CURRENT_TIMESTAMP,200000005,200000002,2,Perlengkapan Anjing,000000005
CURRENT_TIMESTAMP,CURRENT_TIMESTAMP,200007428,200000005,2,Aksesori Rumah & Kandang Anjing,000007428
CURRENT_TIMESTAMP,CURRENT_TIMESTAMP,200007372,200000005,2,Bantalan & Pelapis Popok Anjing,000007372
CURRENT_TIMESTAMP,CURRENT_TIMESTAMP,200005011,200000005,2,Camilan Anjing,000005011
CURRENT_TIMESTAMP,CURRENT_TIMESTAMP,200005010,200000005,2,Mainan Anjing,000005010
CURRENT_TIMESTAMP,CURRENT_TIMESTAMP,200003530,200000005,2,Makanan Anjing,000003530
CURRENT_TIMESTAMP,CURRENT_TIMESTAMP,200005004,200000005,2,Pakaian Anjing,000005004
CURRENT_TIMESTAMP,CURRENT_TIMESTAMP,200499900,200000005,2,Popok Anjing,000499900
CURRENT_TIMESTAMP,CURRENT_TIMESTAMP,200007274,200000005,2,Rumah & Kandang Anjing,000007274
CURRENT_TIMESTAMP,CURRENT_TIMESTAMP,200005094,200000005,2,Rumah Anjing,000005094
CURRENT_TIMESTAMP,CURRENT_TIMESTAMP,200004434,200000005,2,Tempat Tidur Anjing,000004434
CURRENT_TIMESTAMP,CURRENT_TIMESTAMP,200008123,200000005,2,Treadmill Anjing,000008123
CURRENT_TIMESTAMP,CURRENT_TIMESTAMP,200008068,200000002,2,Perlengkapan Darurat & P3K Hewan Peliharaan,000008068
CURRENT_TIMESTAMP,CURRENT_TIMESTAMP,200000006,200000002,2,Perlengkapan Ikan,000000006
CURRENT_TIMESTAMP,CURRENT_TIMESTAMP,200003238,200000006,2,Akuarium,000003238
CURRENT_TIMESTAMP,CURRENT_TIMESTAMP,200006403,200000006,2,Alat Pemberi Makan Ikan,000006403
CURRENT_TIMESTAMP,CURRENT_TIMESTAMP,200505307,200000006,2,Batu Aerasi & Difuser Udara Akuarium,000505307
CURRENT_TIMESTAMP,CURRENT_TIMESTAMP,200005020,200000006,2,Filter Akuarium,000005020
CURRENT_TIMESTAMP,CURRENT_TIMESTAMP,200005019,200000006,2,Hiasan Akuarium,000005019
CURRENT_TIMESTAMP,CURRENT_TIMESTAMP,200505306,200000006,2,Jaring Ikan Akuarium,000505306
CURRENT_TIMESTAMP,CURRENT_TIMESTAMP,200005021,200000006,2,Kerikil & Substrat Akuarium,000005021
CURRENT_TIMESTAMP,CURRENT_TIMESTAMP,200006951,200000006,2,Kotak Overflow Akuarium,000006951
CURRENT_TIMESTAMP,CURRENT_TIMESTAMP,200005079,200000006,2,Lampu Akuarium,000005079
CURRENT_TIMESTAMP,CURRENT_TIMESTAMP,200005024,200000006,2,Makanan Ikan,000005024
CURRENT_TIMESTAMP,CURRENT_TIMESTAMP,200500062,200000006,2,Pengontrol Suhu Akuarium,000500062
CURRENT_TIMESTAMP,CURRENT_TIMESTAMP,200005023,200000006,2,Penyangga Aquarium,000005023
CURRENT_TIMESTAMP,CURRENT_TIMESTAMP,200005161,200000006,2,Perawatan Air Akuarium,000005161
CURRENT_TIMESTAMP,CURRENT_TIMESTAMP,200500038,200000006,2,Perlengkapan Pembersih Akuarium,000500038
CURRENT_TIMESTAMP,CURRENT_TIMESTAMP,200006085,200000006,2,Pupuk Tanaman Air,000006085
CURRENT_TIMESTAMP,CURRENT_TIMESTAMP,200505303,200000006,2,Selang Akuarium & Kolam,000505303
CURRENT_TIMESTAMP,CURRENT_TIMESTAMP,200006983,200000002,2,Perlengkapan Ketangkasan Binatang Peliharaan,000006983
CURRENT_TIMESTAMP,CURRENT_TIMESTAMP,200000004,200000002,2,Perlengkapan Kucing,000000004
CURRENT_TIMESTAMP,CURRENT_TIMESTAMP,200500059,200000004,2,Aksesori Perabot Kucing,000500059
CURRENT_TIMESTAMP,CURRENT_TIMESTAMP,200007142,200000004,2,Alas Kotak Pasir Kucing,000007142
CURRENT_TIMESTAMP,CURRENT_TIMESTAMP,200005002,200000004,2,Camilan Kucing,000005002
CURRENT_TIMESTAMP,CURRENT_TIMESTAMP,200005000,200000004,2,Kotak Pasir Kucing,000005000
CURRENT_TIMESTAMP,CURRENT_TIMESTAMP,200005001,200000004,2,Mainan Kucing,000005001
CURRENT_TIMESTAMP,CURRENT_TIMESTAMP,200003367,200000004,2,Makanan Kucing,000003367
CURRENT_TIMESTAMP,CURRENT_TIMESTAMP,200005082,200000004,2,Pakaian Kucing,000005082
CURRENT_TIMESTAMP,CURRENT_TIMESTAMP,200004999,200000004,2,Pasir Kucing,000004999
CURRENT_TIMESTAMP,CURRENT_TIMESTAMP,200008069,200000004,2,Pelapis Kotak Pasir Kucing,000008069
CURRENT_TIMESTAMP,CURRENT_TIMESTAMP,200004997,200000004,2,Perabot Kucing,000004997
CURRENT_TIMESTAMP,CURRENT_TIMESTAMP,200004433,200000004,2,Tempat Tidur Kucing,000004433
CURRENT_TIMESTAMP,CURRENT_TIMESTAMP,200006383,200000002,2,Perlengkapan Mandi Binatang Peliharaan,000006383
CURRENT_TIMESTAMP,CURRENT_TIMESTAMP,200007318,200006383,2,Cat Kuku Binatang Peliharaan,000007318
CURRENT_TIMESTAMP,CURRENT_TIMESTAMP,200006384,200006383,2,Pencukur & Pemangkas Bulu Binatang Peliharaan,000006384
CURRENT_TIMESTAMP,CURRENT_TIMESTAMP,200008167,200006383,2,Pengering Bulu Hewan Peliharaan,000008167
CURRENT_TIMESTAMP,CURRENT_TIMESTAMP,200007319,200006383,2,Peralatan Kuku Binatang Peliharaan,000007319
CURRENT_TIMESTAMP,CURRENT_TIMESTAMP,200503733,200006383,2,Pewangi & Semprotan Penghilang Bau Binatang Peliharaan,000503733
CURRENT_TIMESTAMP,CURRENT_TIMESTAMP,200006406,200006383,2,Sampo & Kondisioner Binatang Peliharaan,000006406
CURRENT_TIMESTAMP,CURRENT_TIMESTAMP,200006385,200006383,2,Sisir & Sikat Binatang Peliharaan,000006385
CURRENT_TIMESTAMP,CURRENT_TIMESTAMP,200499917,200006383,2,Tisu Basah Pembersih untuk Hewan Piaraan,000499917
CURRENT_TIMESTAMP,CURRENT_TIMESTAMP,200000003,200000002,2,Perlengkapan Memelihara Burung,000000003
CURRENT_TIMESTAMP,CURRENT_TIMESTAMP,200007385,200000003,2,Aksesori Kandang Burung,000007385
CURRENT_TIMESTAMP,CURRENT_TIMESTAMP,200499954,200007385,2,Bak Mandi Burung,000499954
CURRENT_TIMESTAMP,CURRENT_TIMESTAMP,200007386,200007385,2,Tempat Makan & Air Minum Kandang Burung,000007386
CURRENT_TIMESTAMP,CURRENT_TIMESTAMP,200004993,200000003,2,Camilan Burung,000004993
CURRENT_TIMESTAMP,CURRENT_TIMESTAMP,200004989,200000003,2,Kandang Burung & Dudukannya,000004989
CURRENT_TIMESTAMP,CURRENT_TIMESTAMP,200004992,200000003,2,Mainan Burung,000004992
CURRENT_TIMESTAMP,CURRENT_TIMESTAMP,200004990,200000003,2,Makanan Burung,000004990
CURRENT_TIMESTAMP,CURRENT_TIMESTAMP,200004991,200000003,2,Tangga & Tenggeran Burung,000004991
CURRENT_TIMESTAMP,CURRENT_TIMESTAMP,200007398,200000003,2,Tempat Bermain & Olah Raga Burung,000007398
CURRENT_TIMESTAMP,CURRENT_TIMESTAMP,200007144,200000002,2,Perlengkapan Perawatan Gigi Binatang Peliharaan,000007144
CURRENT_TIMESTAMP,CURRENT_TIMESTAMP,200000007,200000002,2,Perlengkapan Reptil & Amfibi,000000007
CURRENT_TIMESTAMP,CURRENT_TIMESTAMP,200005027,200000007,2,Aksesori Habitat Reptil & Amfibi,000005027
CURRENT_TIMESTAMP,CURRENT_TIMESTAMP,200005029,200000007,2,Habitat Reptil & Amfibi,000005029
CURRENT_TIMESTAMP,CURRENT_TIMESTAMP,200005026,200000007,2,Makanan Hewan Reptil & Amfibi,000005026
CURRENT_TIMESTAMP,CURRENT_TIMESTAMP,200005028,200000007,2,Pemanasan & Penerangan Habitat Reptil & Amfibi,000005028
CURRENT_TIMESTAMP,CURRENT_TIMESTAMP,200005030,200000007,2,Substrat Reptil & Amfibi,000005030
CURRENT_TIMESTAMP,CURRENT_TIMESTAMP,200004497,200000002,2,Pintu Hewan Peliharaan,000004497
CURRENT_TIMESTAMP,CURRENT_TIMESTAMP,200006861,200000002,2,Plester Medis & Perban Binatang Peliharaan,000006861
CURRENT_TIMESTAMP,CURRENT_TIMESTAMP,200505297,200000002,2,Sistem & Alat Pembuangan Kotoran Hewan Peliharaan,000505297
CURRENT_TIMESTAMP,CURRENT_TIMESTAMP,200006321,200000002,2,Sistem Pengurungan Binatang Peliharaan,000006321
CURRENT_TIMESTAMP,CURRENT_TIMESTAMP,200006276,200000002,2,Stroler Binatang Peliharaan,000006276
CURRENT_TIMESTAMP,CURRENT_TIMESTAMP,200007396,200000002,2,Tabir Surya Binatang Peliharaan,000007396
CURRENT_TIMESTAMP,CURRENT_TIMESTAMP,200006249,200000002,2,Tali Kekang Binatang Peliharaan,000006249
CURRENT_TIMESTAMP,CURRENT_TIMESTAMP,200006253,200000002,2,Tambahan Tali Kekang Binatang Peliharaan,000006253
CURRENT_TIMESTAMP,CURRENT_TIMESTAMP,200006251,200000002,2,Tas & Keranjang Binatang Peliharaan,000006251
CURRENT_TIMESTAMP,CURRENT_TIMESTAMP,200006973,200000002,2,Undakan & Landasan Miring Binatang Peliharaan,000006973
CURRENT_TIMESTAMP,CURRENT_TIMESTAMP,200005081,200000002,2,Vitamin & Suplemen Binatang Peliharaan,000005081
CURRENT_TIMESTAMP,CURRENT_TIMESTAMP,200502982,200000002,2,Wadah & Cantolan Kantong Kotoran Binatang Peliharaan,000502982
CURRENT_TIMESTAMP,CURRENT_TIMESTAMP,200005162,200000002,2,Wadah Makanan Binatang Peliharaan,000005162
CURRENT_TIMESTAMP,CURRENT_TIMESTAMP,200000922,null,2,Perlengkapan Kantor,000000922
CURRENT_TIMESTAMP,CURRENT_TIMESTAMP,200006174,200000922,2,Aksesori Buku,000006174
CURRENT_TIMESTAMP,CURRENT_TIMESTAMP,200006175,200006174,2,Dudukan & Sandaran Buku,000006175
CURRENT_TIMESTAMP,CURRENT_TIMESTAMP,200004941,200006174,2,Lampu Buku,000004941
CURRENT_TIMESTAMP,CURRENT_TIMESTAMP,200000093,200006174,2,Penanda Buku,000000093
CURRENT_TIMESTAMP,CURRENT_TIMESTAMP,200006176,200006174,2,Sampul Buku,000006176
CURRENT_TIMESTAMP,CURRENT_TIMESTAMP,200008078,200000922,2,Alas & Blotting Paper Meja Kerja,000008078
CURRENT_TIMESTAMP,CURRENT_TIMESTAMP,200005829,200000922,2,Alat Sealer Plastik,000005829
CURRENT_TIMESTAMP,CURRENT_TIMESTAMP,200002986,200000922,2,Alat-alat Kantor,000002986
CURRENT_TIMESTAMP,CURRENT_TIMESTAMP,200004470,200002986,2,Aksesori Alat Tulis & Menggambar,000004470
CURRENT_TIMESTAMP,CURRENT_TIMESTAMP,200004472,200004470,2,Isi Pensil & Isi Ulang,000004472
CURRENT_TIMESTAMP,CURRENT_TIMESTAMP,200007117,200004470,2,Isi Ulang Tinta Spidol & Highlighter,000007117
CURRENT_TIMESTAMP,CURRENT_TIMESTAMP,200004471,200004470,2,Tinta Pena & Isi Ulang,000004471
CURRENT_TIMESTAMP,CURRENT_TIMESTAMP,200000977,200002986,2,Alat Tulis & Gambar,000000977
CURRENT_TIMESTAMP,CURRENT_TIMESTAMP,200006067,200000977,2,Alat Tulis Multifungsi,000006067
CURRENT_TIMESTAMP,CURRENT_TIMESTAMP,200002623,200000977,2,Arang Seni,000002623
CURRENT_TIMESTAMP,CURRENT_TIMESTAMP,200000979,200000977,2,Crayon,000000979
CURRENT_TIMESTAMP,CURRENT_TIMESTAMP,200000978,200000977,2,Kapur Tulis,000000978
CURRENT_TIMESTAMP,CURRENT_TIMESTAMP,200004752,200000977,2,Pastel,000004752
CURRENT_TIMESTAMP,CURRENT_TIMESTAMP,200006065,200000977,2,Pena & Pensil,000006065
CURRENT_TIMESTAMP,CURRENT_TIMESTAMP,200000982,200006065,2,Pena,000000982
CURRENT_TIMESTAMP,CURRENT_TIMESTAMP,200006068,200006065,2,Pensil,000006068
CURRENT_TIMESTAMP,CURRENT_TIMESTAMP,200003026,200006068,2,Pensil Gambar,000003026
CURRENT_TIMESTAMP,CURRENT_TIMESTAMP,200000981,200006068,2,Pensil Tulis,000000981
CURRENT_TIMESTAMP,CURRENT_TIMESTAMP,200006066,200006065,2,Set Pena & Pensil,000006066
CURRENT_TIMESTAMP,CURRENT_TIMESTAMP,200000980,200000977,2,Spidol & Stabilo,000000980
CURRENT_TIMESTAMP,CURRENT_TIMESTAMP,200002883,200002986,2,Bel Panggilan,000002883
CURRENT_TIMESTAMP,CURRENT_TIMESTAMP,200503746,200002986,2,Dispenser Selotip,000503746
CURRENT_TIMESTAMP,CURRENT_TIMESTAMP,200000941,200002986,2,Kaca Pembesar,000000941
CURRENT_TIMESTAMP,CURRENT_TIMESTAMP,200000935,200002986,2,Papan Klip,000000935
CURRENT_TIMESTAMP,CURRENT_TIMESTAMP,200004499,200002986,2,Pembuka Staples,000004499
CURRENT_TIMESTAMP,CURRENT_TIMESTAMP,200505830,200002986,2,Pembuka Surat,000505830
CURRENT_TIMESTAMP,CURRENT_TIMESTAMP,200000943,200002986,2,Serutan Pensil,000000943
CURRENT_TIMESTAMP,CURRENT_TIMESTAMP,200000947,200002986,2,Stapler,000000947
CURRENT_TIMESTAMP,CURRENT_TIMESTAMP,200004341,200002986,2,Stempel Kantor,000004341
CURRENT_TIMESTAMP,CURRENT_TIMESTAMP,200006519,200000922,2,Keset Kursi & Kantor,000006519
CURRENT_TIMESTAMP,CURRENT_TIMESTAMP,200006462,200006519,2,Keset Anti Kelelahan,000006462
CURRENT_TIMESTAMP,CURRENT_TIMESTAMP,200006520,200006519,2,Keset Kantor,000006520
CURRENT_TIMESTAMP,CURRENT_TIMESTAMP,200006521,200006519,2,Keset Kursi,000006521
CURRENT_TIMESTAMP,CURRENT_TIMESTAMP,200008499,200000922,2,Meja Pangku,000008499
CURRENT_TIMESTAMP,CURRENT_TIMESTAMP,200002014,200000922,2,Penanganan Kertas,000002014
CURRENT_TIMESTAMP,CURRENT_TIMESTAMP,200001836,200002014,2,Mesin Jogger Kertas,000001836
CURRENT_TIMESTAMP,CURRENT_TIMESTAMP,200002207,200002014,2,Mesin Pelipat Kertas,000002207
CURRENT_TIMESTAMP,CURRENT_TIMESTAMP,200006178,200002014,2,Papan Alas Tulis,000006178
CURRENT_TIMESTAMP,CURRENT_TIMESTAMP,200006486,200002014,2,Pelindung Jari,000006486
CURRENT_TIMESTAMP,CURRENT_TIMESTAMP,200006467,200002014,2,Pelubang Kertas,000006467
CURRENT_TIMESTAMP,CURRENT_TIMESTAMP,200001803,200002014,2,Pemberat Kertas,000001803
CURRENT_TIMESTAMP,CURRENT_TIMESTAMP,200000923,200000922,2,Penyimpanan & Penataan Arsip,000000923
CURRENT_TIMESTAMP,CURRENT_TIMESTAMP,200005997,200000923,2,Buku Alamat,000005997
CURRENT_TIMESTAMP,CURRENT_TIMESTAMP,200006190,200000923,2,Buku Kartu Nama,000006190
CURRENT_TIMESTAMP,CURRENT_TIMESTAMP,200006171,200000923,2,Dudukan Kartu Nama,000006171
CURRENT_TIMESTAMP,CURRENT_TIMESTAMP,200000927,200000923,2,Kalender & Agenda,000000927
CURRENT_TIMESTAMP,CURRENT_TIMESTAMP,200000925,200000923,2,Kotak Berkas,000000925
CURRENT_TIMESTAMP,CURRENT_TIMESTAMP,200006779,200000923,2,Kotak Kartu Resep,000006779
CURRENT_TIMESTAMP,CURRENT_TIMESTAMP,200003062,200000923,2,Kotak Pena & Pensil,000003062
CURRENT_TIMESTAMP,CURRENT_TIMESTAMP,200005531,200000923,2,Kotak Penyimpanan Berkas,000005531
CURRENT_TIMESTAMP,CURRENT_TIMESTAMP,200000928,200000923,2,Kotak Uang Tunai,000000928
CURRENT_TIMESTAMP,CURRENT_TIMESTAMP,200000930,200000923,2,Map Berkas,000000930
CURRENT_TIMESTAMP,CURRENT_TIMESTAMP,200006884,200000923,2,Pelindung Folder & Laporan,000006884
CURRENT_TIMESTAMP,CURRENT_TIMESTAMP,200006962,200000923,2,Pemilah Surat,000006962
CURRENT_TIMESTAMP,CURRENT_TIMESTAMP,200005070,200000923,2,Penyusun Kartu Ucapan,000005070
CURRENT_TIMESTAMP,CURRENT_TIMESTAMP,200004312,200000923,2,Perlengkapan Jilid,000004312
CURRENT_TIMESTAMP,CURRENT_TIMESTAMP,200004086,200004312,2,Aksesori Alat Jilid,000004086
CURRENT_TIMESTAMP,CURRENT_TIMESTAMP,200004183,200004086,2,Indeks Pemisah,000004183
CURRENT_TIMESTAMP,CURRENT_TIMESTAMP,200002139,200004086,2,Plastik Pelindung Kertas,000002139
CURRENT_TIMESTAMP,CURRENT_TIMESTAMP,200004212,200004086,2,Ring Binder,000004212
CURRENT_TIMESTAMP,CURRENT_TIMESTAMP,200004303,200004312,2,Binder,000004303
CURRENT_TIMESTAMP,CURRENT_TIMESTAMP,200007080,200004312,2,Mesin Jilid,000007080
CURRENT_TIMESTAMP,CURRENT_TIMESTAMP,200004182,200004312,2,Spiral Jilid,000004182
CURRENT_TIMESTAMP,CURRENT_TIMESTAMP,200006177,200000923,2,Plastik Pelindung Kartu,000006177
CURRENT_TIMESTAMP,CURRENT_TIMESTAMP,200006885,200000923,2,Portfolio & Padfolio,000006885
CURRENT_TIMESTAMP,CURRENT_TIMESTAMP,200000939,200000923,2,Rak Meja Kerja,000000939
CURRENT_TIMESTAMP,CURRENT_TIMESTAMP,200000926,200000923,2,Wadah & Kotak CD/DVD,000000926
CURRENT_TIMESTAMP,CURRENT_TIMESTAMP,200000950,200000922,2,Peralatan Kantor,000000950
CURRENT_TIMESTAMP,CURRENT_TIMESTAMP,200499864,200000950,2,Aksesori Kalkulator,000499864
CURRENT_TIMESTAMP,CURRENT_TIMESTAMP,200000952,200000950,2,Alat Pembuat Label,000000952
CURRENT_TIMESTAMP,CURRENT_TIMESTAMP,200006404,200000950,2,Jam Waktu Kerja & Kehadiran,000006404
CURRENT_TIMESTAMP,CURRENT_TIMESTAMP,200000333,200000950,2,Kalkulator,000000333
CURRENT_TIMESTAMP,CURRENT_TIMESTAMP,200000337,200000950,2,Kamus & Penerjemah Elektronik,000000337
CURRENT_TIMESTAMP,CURRENT_TIMESTAMP,200000955,200000950,2,Mesin Ketik,000000955
CURRENT_TIMESTAMP,CURRENT_TIMESTAMP,200001625,200000950,2,Mesin Laminating,000001625
CURRENT_TIMESTAMP,CURRENT_TIMESTAMP,200000953,200000950,2,Penghancur Kertas Kantor,000000953
CURRENT_TIMESTAMP,CURRENT_TIMESTAMP,200000954,200000950,2,Pentranskripsi & Sistem Dikte,000000954
CURRENT_TIMESTAMP,CURRENT_TIMESTAMP,200001708,200000950,2,Postage Meter,000001708
CURRENT_TIMESTAMP,CURRENT_TIMESTAMP,200002636,200000922,2,Perlengkapan Pengiriman,000002636
CURRENT_TIMESTAMP,CURRENT_TIMESTAMP,200000974,200002636,2,Bahan Pengemasan,000000974
CURRENT_TIMESTAMP,CURRENT_TIMESTAMP,200000973,200002636,2,Kardus Pindahan & Pengiriman,000000973
CURRENT_TIMESTAMP,CURRENT_TIMESTAMP,200000975,200002636,2,Selotip Pengemasan,000000975
CURRENT_TIMESTAMP,CURRENT_TIMESTAMP,200000964,200000922,2,Perlengkapan Presentasi,000000964
CURRENT_TIMESTAMP,CURRENT_TIMESTAMP,200004465,200000964,2,Alat Presentasi Nirkabel,000004465
CURRENT_TIMESTAMP,CURRENT_TIMESTAMP,200000968,200000964,2,Easel,000000968
CURRENT_TIMESTAMP,CURRENT_TIMESTAMP,200000967,200000964,2,Kertas Besar untuk Easel,000000967
CURRENT_TIMESTAMP,CURRENT_TIMESTAMP,200000970,200000964,2,Mimbar Kantor,000000970
CURRENT_TIMESTAMP,CURRENT_TIMESTAMP,200000966,200000964,2,Papan Pajangan,000000966
CURRENT_TIMESTAMP,CURRENT_TIMESTAMP,200007525,200000966,2,Aksesori Papan Buletin,000007525
CURRENT_TIMESTAMP,CURRENT_TIMESTAMP,200007526,200007525,2,Hiasan Tepi Papan Buletin,000007526
CURRENT_TIMESTAMP,CURRENT_TIMESTAMP,200002401,200000966,2,Papan Buletin,000002401
CURRENT_TIMESTAMP,CURRENT_TIMESTAMP,200001627,200000966,2,Papan Pemasangan,000001627
CURRENT_TIMESTAMP,CURRENT_TIMESTAMP,200002674,200000966,2,Papan Poster,000002674
CURRENT_TIMESTAMP,CURRENT_TIMESTAMP,200002263,200000966,2,Papan Styrofoam,000002263
CURRENT_TIMESTAMP,CURRENT_TIMESTAMP,200000965,200000964,2,Papan Tulis Kapur,000000965
CURRENT_TIMESTAMP,CURRENT_TIMESTAMP,200000971,200000964,2,Papan Tulis Spidol,000000971
CURRENT_TIMESTAMP,CURRENT_TIMESTAMP,200000963,200000964,2,Plastik Transparansi,000000963
CURRENT_TIMESTAMP,CURRENT_TIMESTAMP,200000969,200000964,2,Pointer Laser,000000969
CURRENT_TIMESTAMP,CURRENT_TIMESTAMP,200004492,200000964,2,Proyektor Dokumen,000004492
CURRENT_TIMESTAMP,CURRENT_TIMESTAMP,200000932,200000922,2,Perlengkapan Umum Kantor,000000932
CURRENT_TIMESTAMP,CURRENT_TIMESTAMP,200002591,200000932,2,Cairan,000002591
CURRENT_TIMESTAMP,CURRENT_TIMESTAMP,200505805,200000932,2,Dempul Perekat Tembok,000505805
CURRENT_TIMESTAMP,CURRENT_TIMESTAMP,200000944,200000932,2,Gelang Karet,000000944
CURRENT_TIMESTAMP,CURRENT_TIMESTAMP,200006319,200000932,2,Jepit Tembaga,000006319
CURRENT_TIMESTAMP,CURRENT_TIMESTAMP,200000936,200000932,2,Klip & Penjepit Kertas,000000936
CURRENT_TIMESTAMP,CURRENT_TIMESTAMP,200000960,200000932,2,Label & Tag,000000960
CURRENT_TIMESTAMP,CURRENT_TIMESTAMP,200004137,200000960,2,Klip Penjepit Berlabel,000004137
CURRENT_TIMESTAMP,CURRENT_TIMESTAMP,200004377,200000960,2,Label Alamat,000004377
CURRENT_TIMESTAMP,CURRENT_TIMESTAMP,200004200,200000960,2,Label Pengiriman,000004200
CURRENT_TIMESTAMP,CURRENT_TIMESTAMP,200004154,200000960,2,Penanda Berkas,000004154
CURRENT_TIMESTAMP,CURRENT_TIMESTAMP,200005502,200000960,2,Plester Label & Gulungan Isi Ulang,000005502
CURRENT_TIMESTAMP,CURRENT_TIMESTAMP,200004117,200000960,2,Tag Pengiriman,000004117
CURRENT_TIMESTAMP,CURRENT_TIMESTAMP,200000949,200000932,2,Paku Tusuk Styrofoam & Paku Payung Kecil,000000949
CURRENT_TIMESTAMP,CURRENT_TIMESTAMP,200000938,200000932,2,Penghapus,000000938
CURRENT_TIMESTAMP,CURRENT_TIMESTAMP,200008015,200000932,2,Plastik Laminating,000008015
CURRENT_TIMESTAMP,CURRENT_TIMESTAMP,200000956,200000932,2,Produk Kertas,000000956
CURRENT_TIMESTAMP,CURRENT_TIMESTAMP,200000958,200000956,2,Amplop,000000958
CURRENT_TIMESTAMP,CURRENT_TIMESTAMP,200000961,200000956,2,Buku Catatan & Bloknot,000000961
CURRENT_TIMESTAMP,CURRENT_TIMESTAMP,200002689,200000956,2,Catatan Tempel,000002689
CURRENT_TIMESTAMP,CURRENT_TIMESTAMP,200006930,200000956,2,Cek,000006930
CURRENT_TIMESTAMP,CURRENT_TIMESTAMP,200005918,200000956,2,Formulir & Kuitansi Bisnis,000005918
CURRENT_TIMESTAMP,CURRENT_TIMESTAMP,200005264,200000956,2,Kartu Identitas Kosong,000005264
CURRENT_TIMESTAMP,CURRENT_TIMESTAMP,200000959,200000956,2,Kartu Indeks,000000959
CURRENT_TIMESTAMP,CURRENT_TIMESTAMP,200000957,200000956,2,Kartu Nama,000000957
CURRENT_TIMESTAMP,CURRENT_TIMESTAMP,200003871,200000956,2,Kartu Pos,000003871
CURRENT_TIMESTAMP,CURRENT_TIMESTAMP,200002658,200000956,2,Kertas Binder,000002658
CURRENT_TIMESTAMP,CURRENT_TIMESTAMP,200000962,200000956,2,Kertas Printer & Fotokopi,000000962
CURRENT_TIMESTAMP,CURRENT_TIMESTAMP,200001513,200000956,2,Kertas Sampul,000001513
CURRENT_TIMESTAMP,CURRENT_TIMESTAMP,200003457,200000956,2,Kertas Surat,000003457
CURRENT_TIMESTAMP,CURRENT_TIMESTAMP,200005919,200000956,2,Rol Kertas Mesin Tanda Terima & Kalkulator,000005919
CURRENT_TIMESTAMP,CURRENT_TIMESTAMP,200000934,200000932,2,Selotip Kantor,000000934
CURRENT_TIMESTAMP,CURRENT_TIMESTAMP,200000948,200000932,2,Staples,000000948
CURRENT_TIMESTAMP,CURRENT_TIMESTAMP,200002435,200000922,2,Plat Nama,000002435
CURRENT_TIMESTAMP,CURRENT_TIMESTAMP,200006373,200000922,2,Troli Kantor,000006373
CURRENT_TIMESTAMP,CURRENT_TIMESTAMP,200001996,200006373,2,Meja Beroda AV,000001996
CURRENT_TIMESTAMP,CURRENT_TIMESTAMP,200006180,200006373,2,Troli Berkas,000006180
CURRENT_TIMESTAMP,CURRENT_TIMESTAMP,200006182,200006373,2,Troli Buku,000006182
CURRENT_TIMESTAMP,CURRENT_TIMESTAMP,200006179,200006373,2,Troli Serbaguna,000006179
CURRENT_TIMESTAMP,CURRENT_TIMESTAMP,200006181,200006373,2,Troli Surat,000006181
CURRENT_TIMESTAMP,CURRENT_TIMESTAMP,200000536,null,2,Rumah & Taman,000000536
CURRENT_TIMESTAMP,CURRENT_TIMESTAMP,200000574,200000536,2,Aksesori Kamar Mandi,000000574
CURRENT_TIMESTAMP,CURRENT_TIMESTAMP,200008016,200000574,2,Aksesori Pengering Tangan,000008016
CURRENT_TIMESTAMP,CURRENT_TIMESTAMP,200004366,200000574,2,Bantal Bak Mandi,000004366
CURRENT_TIMESTAMP,CURRENT_TIMESTAMP,200002034,200000574,2,Cantolan Jubah,000002034
CURRENT_TIMESTAMP,CURRENT_TIMESTAMP,200000578,200000574,2,Cincin Tirai Pancuran,000000578
CURRENT_TIMESTAMP,CURRENT_TIMESTAMP,200004971,200000574,2,Dispenser Sabun & Losion,000004971
CURRENT_TIMESTAMP,CURRENT_TIMESTAMP,200007509,200000574,2,Kepala Sikat Toilet,000007509
CURRENT_TIMESTAMP,CURRENT_TIMESTAMP,200000577,200000574,2,Keset & Karpet Kamar Mandi,000000577
CURRENT_TIMESTAMP,CURRENT_TIMESTAMP,200002418,200000574,2,Kotak Obat & Peralatan Mandi,000002418
CURRENT_TIMESTAMP,CURRENT_TIMESTAMP,200000575,200000574,2,Nampan Bak Mandi,000000575
CURRENT_TIMESTAMP,CURRENT_TIMESTAMP,200001962,200000574,2,Palang Shower,000001962
CURRENT_TIMESTAMP,CURRENT_TIMESTAMP,200008114,200000574,2,Pegangan Pengaman,000008114
CURRENT_TIMESTAMP,CURRENT_TIMESTAMP,200005141,200000574,2,Pengering Tangan,000005141
CURRENT_TIMESTAMP,CURRENT_TIMESTAMP,200000586,200000574,2,Rak & Tempat Handuk,000000586
CURRENT_TIMESTAMP,CURRENT_TIMESTAMP,200006858,200000574,2,Set Aksesori Kamar Mandi,000006858
CURRENT_TIMESTAMP,CURRENT_TIMESTAMP,200000583,200000574,2,Sikat Toilet & Wadahnya,000000583
CURRENT_TIMESTAMP,CURRENT_TIMESTAMP,200007093,200000574,2,Tempat Aksesori Kamar Mandi,000007093
CURRENT_TIMESTAMP,CURRENT_TIMESTAMP,200000582,200000574,2,Tempat Sabun,000000582
CURRENT_TIMESTAMP,CURRENT_TIMESTAMP,200000585,200000574,2,Tempat Sikat Gigi,000000585
CURRENT_TIMESTAMP,CURRENT_TIMESTAMP,200000584,200000574,2,Tempat Tisu Toilet,000000584
CURRENT_TIMESTAMP,CURRENT_TIMESTAMP,200000580,200000574,2,Tirai Pancuran,000000580
CURRENT_TIMESTAMP,CURRENT_TIMESTAMP,200000579,200000574,2,Wadah Tisu Wajah,000000579
CURRENT_TIMESTAMP,CURRENT_TIMESTAMP,200000600,200000536,2,Aksesori Merokok,000000600
CURRENT_TIMESTAMP,CURRENT_TIMESTAMP,200006880,200000600,2,Aksesori Humidor,000006880
CURRENT_TIMESTAMP,CURRENT_TIMESTAMP,200004082,200000600,2,Asbak,000004082
CURRENT_TIMESTAMP,CURRENT_TIMESTAMP,200006878,200000600,2,Humidor,000006878
CURRENT_TIMESTAMP,CURRENT_TIMESTAMP,200006882,200000600,2,Kotak Cerutu,000006882
CURRENT_TIMESTAMP,CURRENT_TIMESTAMP,200006881,200000600,2,Kotak Rokok,000006881
CURRENT_TIMESTAMP,CURRENT_TIMESTAMP,200006879,200000600,2,Pemotong & Pelubang Cerutu,000006879
CURRENT_TIMESTAMP,CURRENT_TIMESTAMP,200500007,200000600,2,Pipa Rokok,000500007
CURRENT_TIMESTAMP,CURRENT_TIMESTAMP,200002956,200000536,2,Aksesori Penerangan,000002956
CURRENT_TIMESTAMP,CURRENT_TIMESTAMP,200505312,200002956,2,Bahan Bakar Lampu Minyak,000505312
CURRENT_TIMESTAMP,CURRENT_TIMESTAMP,200007338,200002956,2,Dasar Tiang Lampu Jalan,000007338
CURRENT_TIMESTAMP,CURRENT_TIMESTAMP,200007447,200002956,2,Dasaran Lampu Taman,000007447
CURRENT_TIMESTAMP,CURRENT_TIMESTAMP,200003522,200002956,2,Pengatur Waktu Nyala Lampu,000003522
CURRENT_TIMESTAMP,CURRENT_TIMESTAMP,200003185,200002956,2,Tudung Lampu,000003185
CURRENT_TIMESTAMP,CURRENT_TIMESTAMP,200003348,200000536,2,Aksesori Peralatan Rumah Tangga,000003348
CURRENT_TIMESTAMP,CURRENT_TIMESTAMP,200005089,200003348,2,Aksesori Kipas Angin,000005089
CURRENT_TIMESTAMP,CURRENT_TIMESTAMP,200003862,200003348,2,Aksesori Pelembab Udara,000003862
CURRENT_TIMESTAMP,CURRENT_TIMESTAMP,200003402,200003862,2,Filter Pelembab Udara,000003402
CURRENT_TIMESTAMP,CURRENT_TIMESTAMP,200002751,200003348,2,Aksesori Pemanas Air,000002751
CURRENT_TIMESTAMP,CURRENT_TIMESTAMP,200002310,200002751,2,Batang Anoda,000002310
CURRENT_TIMESTAMP,CURRENT_TIMESTAMP,200002221,200002751,2,Cerobong Pemanas Air,000002221
CURRENT_TIMESTAMP,CURRENT_TIMESTAMP,200001744,200002751,2,Elemen Pemanas Air,000001744
CURRENT_TIMESTAMP,CURRENT_TIMESTAMP,200001835,200002751,2,Panci Pemanas Air,000001835
CURRENT_TIMESTAMP,CURRENT_TIMESTAMP,200002175,200002751,2,Tangki Air Panas,000002175
CURRENT_TIMESTAMP,CURRENT_TIMESTAMP,200500063,200002751,2,Tangki Ekspansi Pemanas Air,000500063
CURRENT_TIMESTAMP,CURRENT_TIMESTAMP,200001709,200002751,2,Ventilasi Pemanas Air,000001709
CURRENT_TIMESTAMP,CURRENT_TIMESTAMP,200004650,200003348,2,Aksesori Pemanas Teras,000004650
CURRENT_TIMESTAMP,CURRENT_TIMESTAMP,200004651,200004650,2,Penutup Pemanas Teras,000004651
CURRENT_TIMESTAMP,CURRENT_TIMESTAMP,200004548,200003348,2,Aksesori Pembersih Lantai & Pembersih Uap,000004548
CURRENT_TIMESTAMP,CURRENT_TIMESTAMP,200003410,200003348,2,Aksesori Penjernih Udara,000003410
CURRENT_TIMESTAMP,CURRENT_TIMESTAMP,200003667,200003410,2,Filter Pemurni Udara,000003667
CURRENT_TIMESTAMP,CURRENT_TIMESTAMP,200002367,200003348,2,Aksesori Penyejuk Udara,000002367
CURRENT_TIMESTAMP,CURRENT_TIMESTAMP,200003573,200002367,2,Filter AC,000003573
CURRENT_TIMESTAMP,CURRENT_TIMESTAMP,200005826,200002367,2,Penutup AC,000005826
CURRENT_TIMESTAMP,CURRENT_TIMESTAMP,200004667,200003348,2,Aksesori Penyerap Kelembapan,000004667
CURRENT_TIMESTAMP,CURRENT_TIMESTAMP,200003456,200003348,2,Aksesori Peralatan Cuci,000003456
CURRENT_TIMESTAMP,CURRENT_TIMESTAMP,200005158,200003456,2,Aksesori Alat Penguap Pakaian,000005158
CURRENT_TIMESTAMP,CURRENT_TIMESTAMP,200500085,200003456,2,Aksesori Mesin Cuci & Pengering,000500085
CURRENT_TIMESTAMP,CURRENT_TIMESTAMP,200005160,200003456,2,Aksesori Mesin Press Pakaian,000005160
CURRENT_TIMESTAMP,CURRENT_TIMESTAMP,200005159,200003456,2,Aksesori Setrika,000005159
CURRENT_TIMESTAMP,CURRENT_TIMESTAMP,200007110,200003348,2,Aksesori Radiator Pemanas,000007110
CURRENT_TIMESTAMP,CURRENT_TIMESTAMP,200007111,200007110,2,Reflektor Radiator Pemanas,000007111
CURRENT_TIMESTAMP,CURRENT_TIMESTAMP,200006773,200003348,2,Aksesori Tungku & Ketel,000006773
CURRENT_TIMESTAMP,CURRENT_TIMESTAMP,200000618,200003348,2,Aksesori Vakum,000000618
CURRENT_TIMESTAMP,CURRENT_TIMESTAMP,200002862,200000536,2,Aksesori Perapian & Kompor Kayu,000002862
CURRENT_TIMESTAMP,CURRENT_TIMESTAMP,200007029,200002862,2,Aksesori Rak & Tas Kayu Bakar,000007029
CURRENT_TIMESTAMP,CURRENT_TIMESTAMP,200007523,200002862,2,Besi Penopang Kayu Bakar,000007523
CURRENT_TIMESTAMP,CURRENT_TIMESTAMP,200006563,200002862,2,Besi Perapian & Panggangan untuk Kayu,000006563
CURRENT_TIMESTAMP,CURRENT_TIMESTAMP,200000625,200002862,2,Kayu & Bahan Bakar,000000625
CURRENT_TIMESTAMP,CURRENT_TIMESTAMP,200004918,200002862,2,Kipas & Blower Kompor Kayu,000004918
CURRENT_TIMESTAMP,CURRENT_TIMESTAMP,200007091,200002862,2,Lantai Alas Tungku Perapian,000007091
CURRENT_TIMESTAMP,CURRENT_TIMESTAMP,200002365,200002862,2,Pagar Perapian,000002365
CURRENT_TIMESTAMP,CURRENT_TIMESTAMP,200001530,200002862,2,Perkakas Perapian,000001530
CURRENT_TIMESTAMP,CURRENT_TIMESTAMP,200000695,200002862,2,Rak & Tas Kayu Bakar,000000695
CURRENT_TIMESTAMP,CURRENT_TIMESTAMP,200007109,200002862,2,Reflektor Perapian,000007109
CURRENT_TIMESTAMP,CURRENT_TIMESTAMP,200002044,200002862,2,Ubub,000002044
CURRENT_TIMESTAMP,CURRENT_TIMESTAMP,200000638,200000536,2,Dapur & Ruang Makan,000000638
CURRENT_TIMESTAMP,CURRENT_TIMESTAMP,200006478,200000638,2,Aksesori Penyimpanan Makanan,000006478
CURRENT_TIMESTAMP,CURRENT_TIMESTAMP,200008039,200006478,2,Dispenser Bungkus Makanan,000008039
CURRENT_TIMESTAMP,CURRENT_TIMESTAMP,200499924,200006478,2,Label Makanan & Minuman,000499924
CURRENT_TIMESTAMP,CURRENT_TIMESTAMP,200006479,200006478,2,Penyerap Oksigen,000006479
CURRENT_TIMESTAMP,CURRENT_TIMESTAMP,200005837,200006478,2,Tali Kawat Pengikat & Jepitan Kantong,000005837
CURRENT_TIMESTAMP,CURRENT_TIMESTAMP,200002901,200000638,2,Aksesori Peralatan Dapur,000002901
CURRENT_TIMESTAMP,CURRENT_TIMESTAMP,200003443,200002901,2,Aksesori & Suku Cadang Mesin Pencuci Piring,000003443
CURRENT_TIMESTAMP,CURRENT_TIMESTAMP,200003523,200002901,2,Aksesori Alat Kemas Vakum,000003523
CURRENT_TIMESTAMP,CURRENT_TIMESTAMP,200003124,200003523,2,Plastik Vakum,000003124
CURRENT_TIMESTAMP,CURRENT_TIMESTAMP,200003489,200002901,2,Aksesori Alat Pembuat Roti,000003489
CURRENT_TIMESTAMP,CURRENT_TIMESTAMP,200499996,200002901,2,Aksesori Alat Pembuat Wafel,000499996
CURRENT_TIMESTAMP,CURRENT_TIMESTAMP,200003954,200002901,2,Aksesori Deep Fryer,000003954
CURRENT_TIMESTAMP,CURRENT_TIMESTAMP,200004653,200002901,2,Aksesori Dehidrator Makanan,000004653
CURRENT_TIMESTAMP,CURRENT_TIMESTAMP,200004654,200004653,2,Baki Dehidrator Makanan,000004654
CURRENT_TIMESTAMP,CURRENT_TIMESTAMP,200004655,200004653,2,Lembaran Pengering Makanan,000004655
CURRENT_TIMESTAMP,CURRENT_TIMESTAMP,200007570,200002901,2,Aksesori Freezer,000007570
CURRENT_TIMESTAMP,CURRENT_TIMESTAMP,200500066,200002901,2,Aksesori Ketel Listrik,000500066
CURRENT_TIMESTAMP,CURRENT_TIMESTAMP,200500004,200002901,2,Aksesori Kompor,000500004
CURRENT_TIMESTAMP,CURRENT_TIMESTAMP,200007006,200002901,2,Aksesori Kompor Portabel,000007006
CURRENT_TIMESTAMP,CURRENT_TIMESTAMP,200003848,200002901,2,Aksesori Lemari Es,000003848
CURRENT_TIMESTAMP,CURRENT_TIMESTAMP,200008106,200002901,2,Aksesori Lemari Pendingin Wine,000008106
CURRENT_TIMESTAMP,CURRENT_TIMESTAMP,200008051,200002901,2,Aksesori Meja Pemanas,000008051
CURRENT_TIMESTAMP,CURRENT_TIMESTAMP,200008053,200008051,2,Nampan Meja Pemanas,000008053
CURRENT_TIMESTAMP,CURRENT_TIMESTAMP,200008052,200008051,2,Penutup Nampan Meja Pemanas,000008052
CURRENT_TIMESTAMP,CURRENT_TIMESTAMP,200005076,200002901,2,Aksesori Mesin Gula Kapas,000005076
CURRENT_TIMESTAMP,CURRENT_TIMESTAMP,200004519,200002901,2,Aksesori Mesin Jus,000004519
CURRENT_TIMESTAMP,CURRENT_TIMESTAMP,200003988,200002901,2,Aksesori Mesin Kopi & Espresso,000003988
CURRENT_TIMESTAMP,CURRENT_TIMESTAMP,200004786,200003988,2,Aksesori Penggiling Kopi,000004786
CURRENT_TIMESTAMP,CURRENT_TIMESTAMP,200003239,200003988,2,Decanter Kopi,000003239
CURRENT_TIMESTAMP,CURRENT_TIMESTAMP,200005065,200003988,2,Filter Air Mesin Pembuat Kopi,000005065
CURRENT_TIMESTAMP,CURRENT_TIMESTAMP,200003450,200003988,2,Filter Kopi,000003450
CURRENT_TIMESTAMP,CURRENT_TIMESTAMP,200000734,200003988,2,Penggiling Kopi,000000734
CURRENT_TIMESTAMP,CURRENT_TIMESTAMP,200006888,200003988,2,Penghangat Teko Kopi,000006888
CURRENT_TIMESTAMP,CURRENT_TIMESTAMP,200005066,200003988,2,Pitcher Penggodok Susu,000005066
CURRENT_TIMESTAMP,CURRENT_TIMESTAMP,200003838,200003988,2,Portafilter,000003838
CURRENT_TIMESTAMP,CURRENT_TIMESTAMP,200503736,200003988,2,Suku Cadang Pengganti Mesin Pembuat Kopi & Espresso,000503736
CURRENT_TIMESTAMP,CURRENT_TIMESTAMP,200004500,200003988,2,Wadah Penyaring Kopi,000004500
CURRENT_TIMESTAMP,CURRENT_TIMESTAMP,200004674,200002901,2,Aksesori Mesin Pembuat Es Krim,000004674
CURRENT_TIMESTAMP,CURRENT_TIMESTAMP,200004675,200004674,2,Mangkuk Pembeku Mesin Pembuat Es Krim,000004675
CURRENT_TIMESTAMP,CURRENT_TIMESTAMP,200005042,200002901,2,Aksesori Mesin Serut Es,000005042
CURRENT_TIMESTAMP,CURRENT_TIMESTAMP,200505765,200002901,2,Aksesori Mixer & Blender Makanan,000505765
CURRENT_TIMESTAMP,CURRENT_TIMESTAMP,200001334,200002901,2,Aksesori Oven Microwave,000001334
CURRENT_TIMESTAMP,CURRENT_TIMESTAMP,200003684,200002901,2,Aksesori Panggangan Luar Ruangan,000003684
CURRENT_TIMESTAMP,CURRENT_TIMESTAMP,200005694,200003684,2,Briket Arang,000005694
CURRENT_TIMESTAMP,CURRENT_TIMESTAMP,200004560,200003684,2,Keranjang & Grill Spit Outdoor,000004560
CURRENT_TIMESTAMP,CURRENT_TIMESTAMP,200005672,200003684,2,Papan Panggangan Luar Ruangan,000005672
CURRENT_TIMESTAMP,CURRENT_TIMESTAMP,200003855,200003684,2,Penutup Panggangan Luar Ruangan,000003855
CURRENT_TIMESTAMP,CURRENT_TIMESTAMP,200003382,200003684,2,Rak & Topper Panggangan Luar Ruangan,000003382
CURRENT_TIMESTAMP,CURRENT_TIMESTAMP,200005671,200003684,2,Serpihan & Pelet Kayu Pengasapan,000005671
CURRENT_TIMESTAMP,CURRENT_TIMESTAMP,200505667,200003684,2,Suku Cadang Pengganti Panggangan Luar Ruangan,000505667
CURRENT_TIMESTAMP,CURRENT_TIMESTAMP,200005670,200003684,2,Troli Panggangan Luar Ruangan,000005670
CURRENT_TIMESTAMP,CURRENT_TIMESTAMP,200007540,200003684,2,Tungku Arang,000007540
CURRENT_TIMESTAMP,CURRENT_TIMESTAMP,200007444,200002901,2,Aksesori Pemanggang Roti,000007444
CURRENT_TIMESTAMP,CURRENT_TIMESTAMP,200006747,200002901,2,Aksesori Pembuangan Sampah,000006747
CURRENT_TIMESTAMP,CURRENT_TIMESTAMP,200005075,200002901,2,Aksesori Pembuat Berondong Jagung,000005075
CURRENT_TIMESTAMP,CURRENT_TIMESTAMP,200007187,200002901,2,Aksesori Pembuat Es,000007187
CURRENT_TIMESTAMP,CURRENT_TIMESTAMP,200002540,200002901,2,Aksesori Pembuat Pasta,000002540
CURRENT_TIMESTAMP,CURRENT_TIMESTAMP,200502989,200002901,2,Aksesori Pembuat Soda,000502989
CURRENT_TIMESTAMP,CURRENT_TIMESTAMP,200005570,200002901,2,Aksesori Pembuat Yogurt,000005570
CURRENT_TIMESTAMP,CURRENT_TIMESTAMP,200007118,200002901,2,Aksesori Pendingin Air,000007118
CURRENT_TIMESTAMP,CURRENT_TIMESTAMP,200007119,200007118,2,Botol Pendingin Air,000007119
CURRENT_TIMESTAMP,CURRENT_TIMESTAMP,200004763,200002901,2,Aksesori Penggiling Makanan,000004763
CURRENT_TIMESTAMP,CURRENT_TIMESTAMP,200008087,200002901,2,Aksesori Penghisap Asap,000008087
CURRENT_TIMESTAMP,CURRENT_TIMESTAMP,200006944,200002901,2,Aksesori Set Fondue,000006944
CURRENT_TIMESTAMP,CURRENT_TIMESTAMP,200503725,200006944,2,Bahan Bakar Gel untuk Memasak,000503725
CURRENT_TIMESTAMP,CURRENT_TIMESTAMP,200006946,200006944,2,Dudukan Panci Fondue,000006946
CURRENT_TIMESTAMP,CURRENT_TIMESTAMP,200006945,200006944,2,Garpu Fondue,000006945
CURRENT_TIMESTAMP,CURRENT_TIMESTAMP,200007355,200002901,2,Aksesori Wajan & Penggorengan Listrik,000007355
CURRENT_TIMESTAMP,CURRENT_TIMESTAMP,200000668,200000638,2,Alat-Alat Dapur,000000668
CURRENT_TIMESTAMP,CURRENT_TIMESTAMP,200007365,200000668,2,Aksesori Pemotong Pizza,000007365
CURRENT_TIMESTAMP,CURRENT_TIMESTAMP,200004705,200000668,2,Aksesori Penggiling Adonan,000004705
CURRENT_TIMESTAMP,CURRENT_TIMESTAMP,200004707,200004705,2,Cincin Penggiling Adonan,000004707
CURRENT_TIMESTAMP,CURRENT_TIMESTAMP,200004706,200004705,2,Penutup & Selongsong Penggiling Adonan,000004706
CURRENT_TIMESTAMP,CURRENT_TIMESTAMP,200004788,200000668,2,Aksesori Penggiling Rempah-Rempah,000004788
CURRENT_TIMESTAMP,CURRENT_TIMESTAMP,200006411,200000668,2,Aksesori Pisau Listrik,000006411
CURRENT_TIMESTAMP,CURRENT_TIMESTAMP,200006412,200006411,2,Mata Pisau Elektrik,000006412
CURRENT_TIMESTAMP,CURRENT_TIMESTAMP,200007331,200000668,2,Aksesori Termometer Memasak,000007331
CURRENT_TIMESTAMP,CURRENT_TIMESTAMP,200007247,200000668,2,Alas Bambu Penggulung Sushi,000007247
CURRENT_TIMESTAMP,CURRENT_TIMESTAMP,200005109,200000668,2,Alat Pelumat Makanan,000005109
CURRENT_TIMESTAMP,CURRENT_TIMESTAMP,200003248,200000668,2,Alat Pelunak Daging,000003248
CURRENT_TIMESTAMP,CURRENT_TIMESTAMP,200006342,200000668,2,Alat Pencetak Kue,000006342
CURRENT_TIMESTAMP,CURRENT_TIMESTAMP,200003206,200000668,2,Alat Pengiris Makanan,000003206
CURRENT_TIMESTAMP,CURRENT_TIMESTAMP,200003385,200000668,2,Alat Peremas Bawang,000003385
CURRENT_TIMESTAMP,CURRENT_TIMESTAMP,200003347,200000668,2,Baster,000003347
CURRENT_TIMESTAMP,CURRENT_TIMESTAMP,200004332,200000668,2,Blender Pastri,000004332
CURRENT_TIMESTAMP,CURRENT_TIMESTAMP,200006526,200000668,2,Botol Minyak & Cuka,000006526
CURRENT_TIMESTAMP,CURRENT_TIMESTAMP,200000639,200000668,2,Celemek,000000639
CURRENT_TIMESTAMP,CURRENT_TIMESTAMP,200004746,200000668,2,Cetakan Es Batu,000004746
CURRENT_TIMESTAMP,CURRENT_TIMESTAMP,200006787,200000668,2,Cetakan Gelatin,000006787
CURRENT_TIMESTAMP,CURRENT_TIMESTAMP,200008006,200000668,2,Cetakan Makanan,000008006
CURRENT_TIMESTAMP,CURRENT_TIMESTAMP,200006749,200000668,2,Cetakan Pasta,000006749
CURRENT_TIMESTAMP,CURRENT_TIMESTAMP,200003999,200000668,2,Cobek & Ulek,000003999
CURRENT_TIMESTAMP,CURRENT_TIMESTAMP,200503005,200000668,2,Corong,000503005
CURRENT_TIMESTAMP,CURRENT_TIMESTAMP,200006974,200000668,2,Dispenser Gula,000006974
CURRENT_TIMESTAMP,CURRENT_TIMESTAMP,200003723,200000668,2,Dispenser Makanan,000003723
CURRENT_TIMESTAMP,CURRENT_TIMESTAMP,200007149,200000668,2,Dispenser Minuman,000007149
CURRENT_TIMESTAMP,CURRENT_TIMESTAMP,200005078,200000668,2,Garpu Daging,000005078
CURRENT_TIMESTAMP,CURRENT_TIMESTAMP,200003475,200000668,2,Gelas & Sendok Takar,000003475
CURRENT_TIMESTAMP,CURRENT_TIMESTAMP,200005251,200000668,2,Gunting Dapur,000005251
CURRENT_TIMESTAMP,CURRENT_TIMESTAMP,200007329,200000668,2,Kantong Pengukus Makanan,000007329
CURRENT_TIMESTAMP,CURRENT_TIMESTAMP,200004771,200000668,2,Kantung Khusus Oven,000004771
CURRENT_TIMESTAMP,CURRENT_TIMESTAMP,200005080,200000668,2,Keset & Kisi-kisi Bak Cuci Piring,000005080
CURRENT_TIMESTAMP,CURRENT_TIMESTAMP,200004530,200000668,2,Mangkuk Adonan,000004530
CURRENT_TIMESTAMP,CURRENT_TIMESTAMP,200005370,200000668,2,Mesin Pengayak Tepung,000005370
CURRENT_TIMESTAMP,CURRENT_TIMESTAMP,200005928,200000668,2,Obor untuk Memasak,000005928
CURRENT_TIMESTAMP,CURRENT_TIMESTAMP,200003156,200000668,2,Parutan & Serutan,000003156
CURRENT_TIMESTAMP,CURRENT_TIMESTAMP,200004708,200000668,2,Pastry Cloth,000004708
CURRENT_TIMESTAMP,CURRENT_TIMESTAMP,200007485,200000668,2,Pembuat Daging Lembaran,000007485
CURRENT_TIMESTAMP,CURRENT_TIMESTAMP,200000733,200000668,2,Pembuka Kaleng,000000733
CURRENT_TIMESTAMP,CURRENT_TIMESTAMP,200003381,200000668,2,Pemecah Makanan,000003381
CURRENT_TIMESTAMP,CURRENT_TIMESTAMP,200003685,200003381,2,Pemecah Kacang,000003685
CURRENT_TIMESTAMP,CURRENT_TIMESTAMP,200004214,200003685,2,Boneka Pemecah Kacang,000004214
CURRENT_TIMESTAMP,CURRENT_TIMESTAMP,200003586,200003381,2,Pemecah Lobster & Kepiting,000003586
CURRENT_TIMESTAMP,CURRENT_TIMESTAMP,200003850,200000668,2,Pemotong Kue Kering,000003850
CURRENT_TIMESTAMP,CURRENT_TIMESTAMP,200003421,200000668,2,Pemotong Pizza,000003421
CURRENT_TIMESTAMP,CURRENT_TIMESTAMP,200006497,200000668,2,Pengaduk & Pengocok Saus Salad,000006497
CURRENT_TIMESTAMP,CURRENT_TIMESTAMP,200003914,200000668,2,Pengaduk Salad,000003914
CURRENT_TIMESTAMP,CURRENT_TIMESTAMP,200003467,200000668,2,Penggiling Adonan,000003467
CURRENT_TIMESTAMP,CURRENT_TIMESTAMP,200004762,200000668,2,Penggiling Bumbu,000004762
CURRENT_TIMESTAMP,CURRENT_TIMESTAMP,200004247,200000668,2,Penghancur Kaleng,000004247
CURRENT_TIMESTAMP,CURRENT_TIMESTAMP,200003597,200000668,2,Pengocok,000003597
CURRENT_TIMESTAMP,CURRENT_TIMESTAMP,200003521,200000668,2,Pengupas & Pengambil Isi Buah & Sayuran,000003521
CURRENT_TIMESTAMP,CURRENT_TIMESTAMP,200004005,200000668,2,Penjepit Makanan,000004005
CURRENT_TIMESTAMP,CURRENT_TIMESTAMP,200003294,200000668,2,Penumbuk Makanan,000003294
CURRENT_TIMESTAMP,CURRENT_TIMESTAMP,200004630,200000668,2,Perlengkapan Penghias Kue,000004630
CURRENT_TIMESTAMP,CURRENT_TIMESTAMP,200000665,200000668,2,Pisau Dapur,000000665
CURRENT_TIMESTAMP,CURRENT_TIMESTAMP,200000741,200000668,2,Pisau Listrik,000000741
CURRENT_TIMESTAMP,CURRENT_TIMESTAMP,200006522,200000668,2,Pisau Pengukir Buah,000006522
CURRENT_TIMESTAMP,CURRENT_TIMESTAMP,200002948,200000668,2,Rak Dapur,000002948
CURRENT_TIMESTAMP,CURRENT_TIMESTAMP,200003831,200002948,2,Baki Peralatan Hidang,000003831
CURRENT_TIMESTAMP,CURRENT_TIMESTAMP,200005157,200002948,2,Kotak Tempat Pisau,000005157
CURRENT_TIMESTAMP,CURRENT_TIMESTAMP,200002344,200002948,2,Laci Rempah-Rempah,000002344
CURRENT_TIMESTAMP,CURRENT_TIMESTAMP,200003177,200002948,2,Meja Konter Dapur & Laci Tempat Minuman,000003177
CURRENT_TIMESTAMP,CURRENT_TIMESTAMP,200006480,200002948,2,Rak Kaleng,000006480
CURRENT_TIMESTAMP,CURRENT_TIMESTAMP,200006487,200002948,2,Rak Lemari Dapur,000006487
CURRENT_TIMESTAMP,CURRENT_TIMESTAMP,200003845,200002948,2,Rak Pot,000003845
CURRENT_TIMESTAMP,CURRENT_TIMESTAMP,200003479,200002948,2,Tempat Peralatan Minum,000003479
CURRENT_TIMESTAMP,CURRENT_TIMESTAMP,200005059,200002948,2,Wadah & Dispenser Sedotan,000005059
CURRENT_TIMESTAMP,CURRENT_TIMESTAMP,200003072,200002948,2,Wadah & Dispenser Serbet,000003072
CURRENT_TIMESTAMP,CURRENT_TIMESTAMP,200003061,200002948,2,Wadah & Dispenser Tisu Kertas,000003061
CURRENT_TIMESTAMP,CURRENT_TIMESTAMP,200004322,200002948,2,Wadah & Dispenser Tusuk Gigi,000004322
CURRENT_TIMESTAMP,CURRENT_TIMESTAMP,200008012,200002948,2,Wadah & Rak Peralatan Dapur,000008012
CURRENT_TIMESTAMP,CURRENT_TIMESTAMP,200006415,200002948,2,Wadah Gula,000006415
CURRENT_TIMESTAMP,CURRENT_TIMESTAMP,200003835,200000668,2,Rak Pendingin,000003835
CURRENT_TIMESTAMP,CURRENT_TIMESTAMP,200003268,200000668,2,Rak Piring & Papan Pengering,000003268
CURRENT_TIMESTAMP,CURRENT_TIMESTAMP,200006746,200000668,2,Rak untuk Bak Cuci Piring,000006746
CURRENT_TIMESTAMP,CURRENT_TIMESTAMP,200006723,200000668,2,Roda Pemotong Adonan,000006723
CURRENT_TIMESTAMP,CURRENT_TIMESTAMP,200004559,200000668,2,Saringan Teh,000004559
CURRENT_TIMESTAMP,CURRENT_TIMESTAMP,200000670,200000668,2,Sarung Tangan Oven,000000670
CURRENT_TIMESTAMP,CURRENT_TIMESTAMP,200003256,200000668,2,Scraper Dapur,000003256
CURRENT_TIMESTAMP,CURRENT_TIMESTAMP,200003419,200003256,2,Scraper Adonan Makanan,000003419
CURRENT_TIMESTAMP,CURRENT_TIMESTAMP,200003086,200003256,2,Scraper Mangkuk,000003086
CURRENT_TIMESTAMP,CURRENT_TIMESTAMP,200003633,200003256,2,Scraper Panggangan,000003633
CURRENT_TIMESTAMP,CURRENT_TIMESTAMP,200006388,200000668,2,Sendok Berlubang,000006388
CURRENT_TIMESTAMP,CURRENT_TIMESTAMP,200003620,200000668,2,Sendok Masak,000003620
CURRENT_TIMESTAMP,CURRENT_TIMESTAMP,200006408,200000668,2,Sendok Penyaji Kue,000006408
CURRENT_TIMESTAMP,CURRENT_TIMESTAMP,200003175,200000668,2,Sendok Takar,000003175
CURRENT_TIMESTAMP,CURRENT_TIMESTAMP,200003202,200003175,2,Penyendok Es Krim,000003202
CURRENT_TIMESTAMP,CURRENT_TIMESTAMP,200502966,200003175,2,Penyendok Popcorn & Kentang Goreng,000502966
CURRENT_TIMESTAMP,CURRENT_TIMESTAMP,200003708,200003175,2,Sendok Es Batu,000003708
CURRENT_TIMESTAMP,CURRENT_TIMESTAMP,200003258,200003175,2,Sendok Penciduk Buah,000003258
CURRENT_TIMESTAMP,CURRENT_TIMESTAMP,200003768,200000668,2,Serok Roti,000003768
CURRENT_TIMESTAMP,CURRENT_TIMESTAMP,200004765,200000668,2,Set Peralatan Dapur,000004765
CURRENT_TIMESTAMP,CURRENT_TIMESTAMP,200003430,200000668,2,Sikat Oles Makanan,000003430
CURRENT_TIMESTAMP,CURRENT_TIMESTAMP,200003196,200000668,2,Spatula,000003196
CURRENT_TIMESTAMP,CURRENT_TIMESTAMP,200505316,200000668,2,Stensil Makanan & Minuman,000505316
CURRENT_TIMESTAMP,CURRENT_TIMESTAMP,200000666,200000668,2,Talenan,000000666
CURRENT_TIMESTAMP,CURRENT_TIMESTAMP,200004334,200000668,2,Tatakan Sendok Masak,000004334
CURRENT_TIMESTAMP,CURRENT_TIMESTAMP,200004777,200000668,2,Tempat Bumbu Kondimen,000004777
CURRENT_TIMESTAMP,CURRENT_TIMESTAMP,200003091,200000668,2,Termometer Masak,000003091
CURRENT_TIMESTAMP,CURRENT_TIMESTAMP,200003713,200000668,2,Timer Masak,000003713
CURRENT_TIMESTAMP,CURRENT_TIMESTAMP,200006554,200000668,2,Tusuk Makanan & Sate,000006554
CURRENT_TIMESTAMP,CURRENT_TIMESTAMP,200000653,200000668,2,Wadah Peniris & Saringan,000000653
CURRENT_TIMESTAMP,CURRENT_TIMESTAMP,200008161,200000638,2,Pantri & Dapur Set,000008161
CURRENT_TIMESTAMP,CURRENT_TIMESTAMP,200002920,200000638,2,Pembawa Makanan & Minuman,000002920
CURRENT_TIMESTAMP,CURRENT_TIMESTAMP,200004722,200002920,2,Airpot,000004722
CURRENT_TIMESTAMP,CURRENT_TIMESTAMP,200003809,200002920,2,Botol Air,000003809
CURRENT_TIMESTAMP,CURRENT_TIMESTAMP,200003435,200002920,2,Botol Air Minum,000003435
CURRENT_TIMESTAMP,CURRENT_TIMESTAMP,200001444,200002920,2,Botol Flask,000001444
CURRENT_TIMESTAMP,CURRENT_TIMESTAMP,200000671,200002920,2,Keranjang Piknik,000000671
CURRENT_TIMESTAMP,CURRENT_TIMESTAMP,200000669,200002920,2,Kotak & Tas Makan Siang,000000669
CURRENT_TIMESTAMP,CURRENT_TIMESTAMP,200001017,200002920,2,Pendingin,000001017
CURRENT_TIMESTAMP,CURRENT_TIMESTAMP,200004520,200002920,2,Sarung Tempat Minum,000004520
CURRENT_TIMESTAMP,CURRENT_TIMESTAMP,200004522,200004520,2,Sarung Cangkir,000004522
CURRENT_TIMESTAMP,CURRENT_TIMESTAMP,200004521,200004520,2,Sarung Kaleng & Botol,000004521
CURRENT_TIMESTAMP,CURRENT_TIMESTAMP,200002507,200002920,2,Tas Berinsulasi,000002507
CURRENT_TIMESTAMP,CURRENT_TIMESTAMP,200006449,200002920,2,Tas Wadah Anggur,000006449
CURRENT_TIMESTAMP,CURRENT_TIMESTAMP,200003800,200002920,2,Termos,000003800
CURRENT_TIMESTAMP,CURRENT_TIMESTAMP,200005060,200002920,2,Tutup Minuman Pengganti,000005060
CURRENT_TIMESTAMP,CURRENT_TIMESTAMP,200002626,200000638,2,Penyimpanan Makanan,000002626
CURRENT_TIMESTAMP,CURRENT_TIMESTAMP,200005134,200002626,2,Botol Madu,000005134
CURRENT_TIMESTAMP,CURRENT_TIMESTAMP,200006534,200002626,2,Ember Permen,000006534
CURRENT_TIMESTAMP,CURRENT_TIMESTAMP,200003337,200002626,2,Kotak & Kantung Roti,000003337
CURRENT_TIMESTAMP,CURRENT_TIMESTAMP,200003110,200002626,2,Pembungkus Makanan,000003110
CURRENT_TIMESTAMP,CURRENT_TIMESTAMP,200003750,200003110,2,Bungkus Plastik,000003750
CURRENT_TIMESTAMP,CURRENT_TIMESTAMP,200001496,200003110,2,Kertas Aluminium,000001496
CURRENT_TIMESTAMP,CURRENT_TIMESTAMP,200003956,200003110,2,Kertas Parafin,000003956
CURRENT_TIMESTAMP,CURRENT_TIMESTAMP,200005642,200003110,2,Kertas Roti Anti Lengket,000005642
CURRENT_TIMESTAMP,CURRENT_TIMESTAMP,200003591,200002626,2,Tas Penyimpanan Makanan,000003591
CURRENT_TIMESTAMP,CURRENT_TIMESTAMP,200002644,200002626,2,Toples Kue,000002644
CURRENT_TIMESTAMP,CURRENT_TIMESTAMP,200006481,200002626,2,Tutup Wadah Makanan,000006481
CURRENT_TIMESTAMP,CURRENT_TIMESTAMP,200000667,200002626,2,Wadah Penyimpan Makanan,000000667
CURRENT_TIMESTAMP,CURRENT_TIMESTAMP,200000730,200000638,2,Peralatan Dapur,000000730
CURRENT_TIMESTAMP,CURRENT_TIMESTAMP,200004532,200000730,2,Alat Masak & Pengukus Makanan,000004532
CURRENT_TIMESTAMP,CURRENT_TIMESTAMP,200006279,200004532,2,Oven Air,000006279
CURRENT_TIMESTAMP,CURRENT_TIMESTAMP,200006523,200004532,2,Panci Masak & Pemanas Masakan,000006523
CURRENT_TIMESTAMP,CURRENT_TIMESTAMP,200000757,200004532,2,Penanak Nasi,000000757
CURRENT_TIMESTAMP,CURRENT_TIMESTAMP,200000760,200004532,2,Pengukus Makanan,000000760
CURRENT_TIMESTAMP,CURRENT_TIMESTAMP,200000739,200004532,2,Perebus Telur,000000739
CURRENT_TIMESTAMP,CURRENT_TIMESTAMP,200000737,200004532,2,Slow Cooker,000000737
CURRENT_TIMESTAMP,CURRENT_TIMESTAMP,200000755,200000730,2,Alat Pembuat Pasta,000000755
CURRENT_TIMESTAMP,CURRENT_TIMESTAMP,200000743,200000730,2,Alat Pengering Makanan,000000743
CURRENT_TIMESTAMP,CURRENT_TIMESTAMP,200000744,200000730,2,Alat Penggiling Makanan,000000744
CURRENT_TIMESTAMP,CURRENT_TIMESTAMP,200003181,200000730,2,Alat Pengiris Daging,000003181
CURRENT_TIMESTAMP,CURRENT_TIMESTAMP,200000751,200000730,2,Cerek Listrik,000000751
CURRENT_TIMESTAMP,CURRENT_TIMESTAMP,200000684,200000730,2,Cerobong Penghisap Asap Dapur,000000684
CURRENT_TIMESTAMP,CURRENT_TIMESTAMP,200000765,200000730,2,Filter Air,000000765
CURRENT_TIMESTAMP,CURRENT_TIMESTAMP,200000681,200000730,2,Freezer,000000681
CURRENT_TIMESTAMP,CURRENT_TIMESTAMP,200000747,200000730,2,Hot Plate,000000747
CURRENT_TIMESTAMP,CURRENT_TIMESTAMP,200000750,200000730,2,Juicer,000000750
CURRENT_TIMESTAMP,CURRENT_TIMESTAMP,200000685,200000730,2,Kompor Banyak Tungku,000000685
CURRENT_TIMESTAMP,CURRENT_TIMESTAMP,200000679,200000730,2,Kompor Induksi,000000679
CURRENT_TIMESTAMP,CURRENT_TIMESTAMP,200001015,200000730,2,Kompor Masak Portabel,000001015
CURRENT_TIMESTAMP,CURRENT_TIMESTAMP,200000686,200000730,2,Lemari Es,000000686
CURRENT_TIMESTAMP,CURRENT_TIMESTAMP,200004539,200000730,2,Lemari Pendingin Wine,000004539
CURRENT_TIMESTAMP,CURRENT_TIMESTAMP,200004161,200000730,2,Mesin Pembuat Es,000004161
CURRENT_TIMESTAMP,CURRENT_TIMESTAMP,200000748,200000730,2,Mesin Pembuat Es Krim,000000748
CURRENT_TIMESTAMP,CURRENT_TIMESTAMP,200003319,200000730,2,Mesin Pembuat Kembang Gula Kapas,000003319
CURRENT_TIMESTAMP,CURRENT_TIMESTAMP,200000736,200000730,2,Mesin Pembuat Kopi & Espreso,000000736
CURRENT_TIMESTAMP,CURRENT_TIMESTAMP,200001557,200000736,2,French Press,000001557
CURRENT_TIMESTAMP,CURRENT_TIMESTAMP,200002422,200000736,2,Mesin Espresso,000002422
CURRENT_TIMESTAMP,CURRENT_TIMESTAMP,200005286,200000736,2,Mesin Vacuum Pembuat Kopi,000005286
CURRENT_TIMESTAMP,CURRENT_TIMESTAMP,200001388,200000736,2,Pembuat Kopi Tetes,000001388
CURRENT_TIMESTAMP,CURRENT_TIMESTAMP,200002247,200000736,2,Perkolator,000002247
CURRENT_TIMESTAMP,CURRENT_TIMESTAMP,200001647,200000736,2,Teko Espresso Listrik & Kompor,000001647
CURRENT_TIMESTAMP,CURRENT_TIMESTAMP,200004482,200000730,2,Mesin Pembuat Mochi,000004482
CURRENT_TIMESTAMP,CURRENT_TIMESTAMP,200000732,200000730,2,Mesin Pembuat Roti,000000732
CURRENT_TIMESTAMP,CURRENT_TIMESTAMP,200004528,200000730,2,Mesin Pembuat Teh,000004528
CURRENT_TIMESTAMP,CURRENT_TIMESTAMP,200005090,200000730,2,Mesin Pencair Cokelat,000005090
CURRENT_TIMESTAMP,CURRENT_TIMESTAMP,200000680,200000730,2,Mesin Pencuci Piring,000000680
CURRENT_TIMESTAMP,CURRENT_TIMESTAMP,200000763,200000730,2,Mesin Pengemas Vakum,000000763
CURRENT_TIMESTAMP,CURRENT_TIMESTAMP,200006524,200000730,2,Mesin Penggoreng Gas,000006524
CURRENT_TIMESTAMP,CURRENT_TIMESTAMP,200000738,200000730,2,Mesin Penggorengan,000000738
CURRENT_TIMESTAMP,CURRENT_TIMESTAMP,200505666,200000730,2,Mixer & Blender Makanan,000505666
CURRENT_TIMESTAMP,CURRENT_TIMESTAMP,200000683,200000730,2,Oven,000000683
CURRENT_TIMESTAMP,CURRENT_TIMESTAMP,200000753,200000730,2,Oven Microwave,000000753
CURRENT_TIMESTAMP,CURRENT_TIMESTAMP,200004495,200000730,2,Oven Pemanggang & Rotisserie,000004495
CURRENT_TIMESTAMP,CURRENT_TIMESTAMP,200004720,200000730,2,Panci & Peralatan Fondue,000004720
CURRENT_TIMESTAMP,CURRENT_TIMESTAMP,200004421,200000730,2,Panci & Wajan Listrik,000004421
CURRENT_TIMESTAMP,CURRENT_TIMESTAMP,200007165,200000730,2,Panggangan & Penggorengan Listrik,000007165
CURRENT_TIMESTAMP,CURRENT_TIMESTAMP,200002985,200000730,2,Panggangan Luar Ruangan,000002985
CURRENT_TIMESTAMP,CURRENT_TIMESTAMP,200000688,200000730,2,Pemadat Sampah,000000688
CURRENT_TIMESTAMP,CURRENT_TIMESTAMP,200005289,200000730,2,Pemanggang Roti & Panggangan,000005289
CURRENT_TIMESTAMP,CURRENT_TIMESTAMP,200005291,200005289,2,Alat Pembuat Pizzelle,000005291
CURRENT_TIMESTAMP,CURRENT_TIMESTAMP,200005292,200005289,2,Mesin Pembuat Tortilla dan Flatbread,000005292
CURRENT_TIMESTAMP,CURRENT_TIMESTAMP,200000761,200005289,2,Oven Pemanggang,000000761
CURRENT_TIMESTAMP,CURRENT_TIMESTAMP,200006819,200005289,2,Pemanggang Donat,000006819
CURRENT_TIMESTAMP,CURRENT_TIMESTAMP,200005318,200005289,2,Pemanggang Muffin & Cupcake,000005318
CURRENT_TIMESTAMP,CURRENT_TIMESTAMP,200006516,200005289,2,Pemanggang Pretzel,000006516
CURRENT_TIMESTAMP,CURRENT_TIMESTAMP,200000762,200005289,2,Pemanggang Roti,000000762
CURRENT_TIMESTAMP,CURRENT_TIMESTAMP,200006278,200005289,2,Pembuat & Oven Pizza,000006278
CURRENT_TIMESTAMP,CURRENT_TIMESTAMP,200000759,200005289,2,Pembuat Sandwich,000000759
CURRENT_TIMESTAMP,CURRENT_TIMESTAMP,200000764,200005289,2,Pembuat Wafel,000000764
CURRENT_TIMESTAMP,CURRENT_TIMESTAMP,200000610,200000730,2,Pembuangan Sampah,000000610
CURRENT_TIMESTAMP,CURRENT_TIMESTAMP,200003526,200000730,2,Pembuat Buih & Pemanas Susu,000003526
CURRENT_TIMESTAMP,CURRENT_TIMESTAMP,200005156,200000730,2,Pembuat Minuman Beku,000005156
CURRENT_TIMESTAMP,CURRENT_TIMESTAMP,200006543,200000730,2,Pembuat Minuman Panas,000006543
CURRENT_TIMESTAMP,CURRENT_TIMESTAMP,200000756,200000730,2,Pembuat Popcorn,000000756
CURRENT_TIMESTAMP,CURRENT_TIMESTAMP,200005577,200000730,2,Pembuat Soda,000005577
CURRENT_TIMESTAMP,CURRENT_TIMESTAMP,200005057,200000730,2,Pembuat Susu Kedelai,000005057
CURRENT_TIMESTAMP,CURRENT_TIMESTAMP,200000766,200000730,2,Pembuat Yogurt,000000766
CURRENT_TIMESTAMP,CURRENT_TIMESTAMP,200000752,200000730,2,Pengasah Pisau,000000752
CURRENT_TIMESTAMP,CURRENT_TIMESTAMP,200000687,200000730,2,Pengasap Makanan,000000687
CURRENT_TIMESTAMP,CURRENT_TIMESTAMP,200000749,200000730,2,Penghancur & Penyerut Es,000000749
CURRENT_TIMESTAMP,CURRENT_TIMESTAMP,200005103,200000730,2,Penghangat Makanan,000005103
CURRENT_TIMESTAMP,CURRENT_TIMESTAMP,200005349,200005103,2,Lampu Pemanas Makanan,000005349
CURRENT_TIMESTAMP,CURRENT_TIMESTAMP,200004292,200005103,2,Meja Pemanas,000004292
CURRENT_TIMESTAMP,CURRENT_TIMESTAMP,200504633,200005103,2,Penghangat Nasi,000504633
CURRENT_TIMESTAMP,CURRENT_TIMESTAMP,200006548,200005103,2,Perangkat Saji Prasmanan,000006548
CURRENT_TIMESTAMP,CURRENT_TIMESTAMP,200005287,200000730,2,Penghangat Minuman,000005287
CURRENT_TIMESTAMP,CURRENT_TIMESTAMP,200003293,200000730,2,Penyejuk Air,000003293
CURRENT_TIMESTAMP,CURRENT_TIMESTAMP,200000672,200000638,2,Peralatan Makan,000000672
CURRENT_TIMESTAMP,CURRENT_TIMESTAMP,200006425,200000672,2,Aksesori Perlengkapan Penyaji Makanan,000006425
CURRENT_TIMESTAMP,CURRENT_TIMESTAMP,200006426,200006425,2,Dudukan Mangkuk Sup,000006426
CURRENT_TIMESTAMP,CURRENT_TIMESTAMP,200006434,200006425,2,Penyangga Mangkuk Punch,000006434
CURRENT_TIMESTAMP,CURRENT_TIMESTAMP,200006427,200006425,2,Tutup Mangkuk Sup,000006427
CURRENT_TIMESTAMP,CURRENT_TIMESTAMP,200000675,200000672,2,Alat Makan,000000675
CURRENT_TIMESTAMP,CURRENT_TIMESTAMP,200006439,200000675,2,Aksesori Sumpit,000006439
CURRENT_TIMESTAMP,CURRENT_TIMESTAMP,200004015,200000675,2,Garpu Makan,000004015
CURRENT_TIMESTAMP,CURRENT_TIMESTAMP,200003844,200000675,2,Pisau Makan,000003844
CURRENT_TIMESTAMP,CURRENT_TIMESTAMP,200003939,200000675,2,Sendok,000003939
CURRENT_TIMESTAMP,CURRENT_TIMESTAMP,200005647,200000675,2,Set Peralatan Makan,000005647
CURRENT_TIMESTAMP,CURRENT_TIMESTAMP,200003699,200000675,2,Sumpit,000003699
CURRENT_TIMESTAMP,CURRENT_TIMESTAMP,200008046,200000672,2,Penjepit & Pemberat Taplak Meja,000008046
CURRENT_TIMESTAMP,CURRENT_TIMESTAMP,200004026,200000672,2,Peralatan Hidang,000004026
CURRENT_TIMESTAMP,CURRENT_TIMESTAMP,200004009,200004026,2,Baki Penyajian,000004009
CURRENT_TIMESTAMP,CURRENT_TIMESTAMP,200007550,200004026,2,Dudukan Telur,000007550
CURRENT_TIMESTAMP,CURRENT_TIMESTAMP,200003373,200004026,2,Mangkuk Gula & Krimer,000003373
CURRENT_TIMESTAMP,CURRENT_TIMESTAMP,200004735,200004026,2,Mangkuk Punch,000004735
CURRENT_TIMESTAMP,CURRENT_TIMESTAMP,200003703,200004026,2,Mangkuk Saus Daging,000003703
CURRENT_TIMESTAMP,CURRENT_TIMESTAMP,200003941,200004026,2,Mangkuk Tureen,000003941
CURRENT_TIMESTAMP,CURRENT_TIMESTAMP,200005135,200004026,2,Papan Alas Kue,000005135
CURRENT_TIMESTAMP,CURRENT_TIMESTAMP,200006086,200004026,2,Piring Mentega,000006086
CURRENT_TIMESTAMP,CURRENT_TIMESTAMP,200003802,200004026,2,Piring Saji,000003802
CURRENT_TIMESTAMP,CURRENT_TIMESTAMP,200003330,200004026,2,Pitcher & Carafe,000003330
CURRENT_TIMESTAMP,CURRENT_TIMESTAMP,200004372,200004026,2,Stand Kue,000004372
CURRENT_TIMESTAMP,CURRENT_TIMESTAMP,200000674,200000672,2,Peralatan Minum,000000674
CURRENT_TIMESTAMP,CURRENT_TIMESTAMP,200006049,200000674,2,Cangkir Kopi & Teh,000006049
CURRENT_TIMESTAMP,CURRENT_TIMESTAMP,200002712,200000674,2,Gelas Bertangkai,000002712
CURRENT_TIMESTAMP,CURRENT_TIMESTAMP,200007568,200000674,2,Gelas Bir,000007568
CURRENT_TIMESTAMP,CURRENT_TIMESTAMP,200002694,200000674,2,Gelas Sloki,000002694
CURRENT_TIMESTAMP,CURRENT_TIMESTAMP,200002951,200000674,2,Gelas Tumbler,000002951
CURRENT_TIMESTAMP,CURRENT_TIMESTAMP,200002169,200000674,2,Mug,000002169
CURRENT_TIMESTAMP,CURRENT_TIMESTAMP,200006958,200000674,2,Set Peralatan Minum,000006958
CURRENT_TIMESTAMP,CURRENT_TIMESTAMP,200006051,200000674,2,Tatakan Cangkir Kopi & Teh,000006051
CURRENT_TIMESTAMP,CURRENT_TIMESTAMP,200006740,200000672,2,Perangkat Kopi & Teh,000006740
CURRENT_TIMESTAMP,CURRENT_TIMESTAMP,200000673,200000672,2,Perlengkapan Makan,000000673
CURRENT_TIMESTAMP,CURRENT_TIMESTAMP,200003498,200000673,2,Mangkuk,000003498
CURRENT_TIMESTAMP,CURRENT_TIMESTAMP,200003553,200000673,2,Piring,000003553
CURRENT_TIMESTAMP,CURRENT_TIMESTAMP,200005537,200000673,2,Set Perlengkapan Makan,000005537
CURRENT_TIMESTAMP,CURRENT_TIMESTAMP,200000677,200000672,2,Tatakan Pelindung Meja,000000677
CURRENT_TIMESTAMP,CURRENT_TIMESTAMP,200000652,200000672,2,Teko Kopi & Teh,000000652
CURRENT_TIMESTAMP,CURRENT_TIMESTAMP,200000676,200000672,2,Wadah Garam & Lada,000000676
CURRENT_TIMESTAMP,CURRENT_TIMESTAMP,200006070,200000638,2,Peralatan Memasak & Memanggang Kue,000006070
CURRENT_TIMESTAMP,CURRENT_TIMESTAMP,200004424,200006070,2,Aksesori Peralatan Masak,000004424
CURRENT_TIMESTAMP,CURRENT_TIMESTAMP,200004501,200004424,2,Aksesori Panci Presto,000004501
CURRENT_TIMESTAMP,CURRENT_TIMESTAMP,200004427,200004424,2,Aksesori Wajan,000004427
CURRENT_TIMESTAMP,CURRENT_TIMESTAMP,200004662,200004427,2,Dudukan Wajan,000004662
CURRENT_TIMESTAMP,CURRENT_TIMESTAMP,200004663,200004427,2,Sikat Wajan,000004663
CURRENT_TIMESTAMP,CURRENT_TIMESTAMP,200004661,200004424,2,Gagang Panci & Wajan,000004661
CURRENT_TIMESTAMP,CURRENT_TIMESTAMP,200004529,200004424,2,Keranjang Alat Kukus,000004529
CURRENT_TIMESTAMP,CURRENT_TIMESTAMP,200004660,200004424,2,Tutup Bejana & Panci,000004660
CURRENT_TIMESTAMP,CURRENT_TIMESTAMP,200004502,200006070,2,Aksesori Peralatan Memanggang Kue,000004502
CURRENT_TIMESTAMP,CURRENT_TIMESTAMP,200004503,200004502,2,Alas & Pelapis Memanggang Kue,000004503
CURRENT_TIMESTAMP,CURRENT_TIMESTAMP,200004726,200004502,2,Rak Wajan Panggang,000004726
CURRENT_TIMESTAMP,CURRENT_TIMESTAMP,200007131,200004502,2,Timbangan Tepung,000007131
CURRENT_TIMESTAMP,CURRENT_TIMESTAMP,200000640,200006070,2,Peralatan Memanggang,000000640
CURRENT_TIMESTAMP,CURRENT_TIMESTAMP,200000643,200000640,2,Loyang & Cetakan Kue,000000643
CURRENT_TIMESTAMP,CURRENT_TIMESTAMP,200000642,200000640,2,Loyang & Cetakan Roti,000000642
CURRENT_TIMESTAMP,CURRENT_TIMESTAMP,200000644,200000640,2,Loyang Muffin & Pastri,000000644
CURRENT_TIMESTAMP,CURRENT_TIMESTAMP,200000645,200000640,2,Loyang Pai & Quiche,000000645
CURRENT_TIMESTAMP,CURRENT_TIMESTAMP,200002843,200000640,2,Loyang Pizza,000002843
CURRENT_TIMESTAMP,CURRENT_TIMESTAMP,200000647,200000640,2,Mangkuk Ramekin & Souffle,000000647
CURRENT_TIMESTAMP,CURRENT_TIMESTAMP,200006756,200000640,2,Nampan & Pinggan Pemanggang,000006756
CURRENT_TIMESTAMP,CURRENT_TIMESTAMP,200000641,200000640,2,Nampan Kue & Roti,000000641
CURRENT_TIMESTAMP,CURRENT_TIMESTAMP,200000646,200000640,2,Nampan Pizza,000000646
CURRENT_TIMESTAMP,CURRENT_TIMESTAMP,200000648,200000640,2,Panci Panggangan,000000648
CURRENT_TIMESTAMP,CURRENT_TIMESTAMP,200004764,200000640,2,Set Peralatan Pemanggang Kue,000004764
CURRENT_TIMESTAMP,CURRENT_TIMESTAMP,200000654,200006070,2,Peralatan Memasak,000000654
CURRENT_TIMESTAMP,CURRENT_TIMESTAMP,200005110,200000654,2,Alat Press Panggangan,000005110
CURRENT_TIMESTAMP,CURRENT_TIMESTAMP,200000659,200000654,2,Cerek Pemasak Air,000000659
CURRENT_TIMESTAMP,CURRENT_TIMESTAMP,200000657,200000654,2,Panci Belanda,000000657
CURRENT_TIMESTAMP,CURRENT_TIMESTAMP,200000663,200000654,2,Panci Besar Pengawet Masakan,000000663
CURRENT_TIMESTAMP,CURRENT_TIMESTAMP,200006518,200000654,2,Panci Fermentasi & Acar,000006518
CURRENT_TIMESTAMP,CURRENT_TIMESTAMP,200000656,200000654,2,Panci Kukus Serbaguna,000000656
CURRENT_TIMESTAMP,CURRENT_TIMESTAMP,200005340,200000654,2,Panci Masak Tanah Liat & Tagine,000005340
CURRENT_TIMESTAMP,CURRENT_TIMESTAMP,200000660,200000654,2,Panci Presto,000000660
CURRENT_TIMESTAMP,CURRENT_TIMESTAMP,200000661,200000654,2,Panci Saucepan,000000661
CURRENT_TIMESTAMP,CURRENT_TIMESTAMP,200000662,200000654,2,Penggoreng Gagang Panjang,000000662
CURRENT_TIMESTAMP,CURRENT_TIMESTAMP,200000655,200000654,2,Pinggan Tahan Panas,000000655
CURRENT_TIMESTAMP,CURRENT_TIMESTAMP,200004721,200000654,2,Set Peralatan Masak,000004721
CURRENT_TIMESTAMP,CURRENT_TIMESTAMP,200000664,200000654,2,Wajan,000000664
CURRENT_TIMESTAMP,CURRENT_TIMESTAMP,200006838,200000654,2,Wajan Crepe & Blini,000006838
CURRENT_TIMESTAMP,CURRENT_TIMESTAMP,200004459,200000654,2,Wajan Paella,000004459
CURRENT_TIMESTAMP,CURRENT_TIMESTAMP,200000658,200000654,2,Wajan Penggoreng & Pemanggang,000000658
CURRENT_TIMESTAMP,CURRENT_TIMESTAMP,200004423,200000654,2,Wajan Tumis,000004423
CURRENT_TIMESTAMP,CURRENT_TIMESTAMP,200006071,200006070,2,Set Kombinasi Peralatan Memasak & Memanggang Kue,000006071
CURRENT_TIMESTAMP,CURRENT_TIMESTAMP,200000649,200000638,2,Perlengkapan Minum Bar,000000649
CURRENT_TIMESTAMP,CURRENT_TIMESTAMP,200004563,200000649,2,Aerator Wine,000004563
CURRENT_TIMESTAMP,CURRENT_TIMESTAMP,200007075,200000649,2,Bejana Absinthe Berkeran,000007075
CURRENT_TIMESTAMP,CURRENT_TIMESTAMP,200000650,200000649,2,Dekanter,000000650
CURRENT_TIMESTAMP,CURRENT_TIMESTAMP,200001817,200000649,2,Dispenser & Keran Bir,000001817
CURRENT_TIMESTAMP,CURRENT_TIMESTAMP,200505806,200000649,2,Ember & Wadah Pendingin Minuman,000505806
CURRENT_TIMESTAMP,CURRENT_TIMESTAMP,200007569,200000649,2,Es Batu & Stik Pendingin Minuman,000007569
CURRENT_TIMESTAMP,CURRENT_TIMESTAMP,200007008,200000649,2,Gantungan Gelas Anggur,000007008
CURRENT_TIMESTAMP,CURRENT_TIMESTAMP,200002976,200000649,2,Pembuka Sumbat Botol,000002976
CURRENT_TIMESTAMP,CURRENT_TIMESTAMP,200007139,200000649,2,Pemotong Kertas Timah,000007139
CURRENT_TIMESTAMP,CURRENT_TIMESTAMP,200000651,200000649,2,Pengocok & Peralatan Pembuat Koktail,000000651
CURRENT_TIMESTAMP,CURRENT_TIMESTAMP,200503757,200000651,2,Alu Penumbuk,000503757
CURRENT_TIMESTAMP,CURRENT_TIMESTAMP,200003427,200000651,2,Pembuka Botol,000003427
CURRENT_TIMESTAMP,CURRENT_TIMESTAMP,200006956,200000651,2,Pengocok Koktail,000006956
CURRENT_TIMESTAMP,CURRENT_TIMESTAMP,200505327,200000651,2,Saringan Koktail,000505327
CURRENT_TIMESTAMP,CURRENT_TIMESTAMP,200004222,200000651,2,Tusuk Es Batu,000004222
CURRENT_TIMESTAMP,CURRENT_TIMESTAMP,200006957,200000649,2,Set Peralatan Koktail & Bar,000006957
CURRENT_TIMESTAMP,CURRENT_TIMESTAMP,200002363,200000649,2,Tatakan Gelas,000002363
CURRENT_TIMESTAMP,CURRENT_TIMESTAMP,200008493,200000649,2,Tempat Botol Wine,000008493
CURRENT_TIMESTAMP,CURRENT_TIMESTAMP,200007238,200000649,2,Tempat Tatakan Makanan,000007238
CURRENT_TIMESTAMP,CURRENT_TIMESTAMP,200004562,200000649,2,Tutup & Sumbat Botol,000004562
CURRENT_TIMESTAMP,CURRENT_TIMESTAMP,200499990,200000649,2,Tutup Botol,000499990
CURRENT_TIMESTAMP,CURRENT_TIMESTAMP,200000696,200000536,2,Dekorasi,000000696
CURRENT_TIMESTAMP,CURRENT_TIMESTAMP,200000702,200000696,2,Air Mancur & Kolam,000000702
CURRENT_TIMESTAMP,CURRENT_TIMESTAMP,200006763,200000702,2,Air Mancur & Air Terjun,000006763
CURRENT_TIMESTAMP,CURRENT_TIMESTAMP,200002921,200000702,2,Aksesori Pancuran & Kolam,000002921
CURRENT_TIMESTAMP,CURRENT_TIMESTAMP,200002763,200000702,2,Kolam,000002763
CURRENT_TIMESTAMP,CURRENT_TIMESTAMP,200007419,200000696,2,Aksesori Bendera & Gada-gada,000007419
CURRENT_TIMESTAMP,CURRENT_TIMESTAMP,200007420,200007419,2,Lampu Tiang Bendera & Gada-gada,000007420
CURRENT_TIMESTAMP,CURRENT_TIMESTAMP,200503010,200007419,2,Perangkat & Perlengkapan Pemasangan Tiang Bendera & Gada-gada,000503010
CURRENT_TIMESTAMP,CURRENT_TIMESTAMP,200007421,200007419,2,Tiang Bendera & Gada-gada,000007421
CURRENT_TIMESTAMP,CURRENT_TIMESTAMP,200006333,200000696,2,Aksesori Kotak Surat,000006333
CURRENT_TIMESTAMP,CURRENT_TIMESTAMP,200007176,200006333,2,Bendera Kotak Surat,000007176
CURRENT_TIMESTAMP,CURRENT_TIMESTAMP,200007177,200006333,2,Hiasan Penutup Kotak Surat,000007177
CURRENT_TIMESTAMP,CURRENT_TIMESTAMP,200007052,200006333,2,Kotak Pelindung Kotak Surat,000007052
CURRENT_TIMESTAMP,CURRENT_TIMESTAMP,200007339,200006333,2,Pintu Kotak Surat,000007339
CURRENT_TIMESTAMP,CURRENT_TIMESTAMP,200006334,200006333,2,Tiang Kotak Surat,000006334
CURRENT_TIMESTAMP,CURRENT_TIMESTAMP,200500121,200000696,2,Aksesori Pengharum Rumah,000500121
CURRENT_TIMESTAMP,CURRENT_TIMESTAMP,200006336,200500121,2,Lilin & Pemanas Minyak,000006336
CURRENT_TIMESTAMP,CURRENT_TIMESTAMP,200500122,200500121,2,Pemadam Lilin,000500122
CURRENT_TIMESTAMP,CURRENT_TIMESTAMP,200004741,200500121,2,Tempat Dupa,000004741
CURRENT_TIMESTAMP,CURRENT_TIMESTAMP,200002784,200500121,2,Tempat Lilin,000002784
CURRENT_TIMESTAMP,CURRENT_TIMESTAMP,200006254,200000696,2,Aksesori Perawatan Jendela,000006254
CURRENT_TIMESTAMP,CURRENT_TIMESTAMP,200006256,200006254,2,Cincin Gantungan Gorden & Tirai,000006256
CURRENT_TIMESTAMP,CURRENT_TIMESTAMP,200006255,200006254,2,Penahan & Tali Tirai,000006255
CURRENT_TIMESTAMP,CURRENT_TIMESTAMP,200008042,200006254,2,Pengganti Bagian Jendela,000008042
CURRENT_TIMESTAMP,CURRENT_TIMESTAMP,200006257,200006254,2,Tongkat Gantungan Gorden & Tirai,000006257
CURRENT_TIMESTAMP,CURRENT_TIMESTAMP,200230911,200000696,2,Aksesori Sangkar Burung & Satwa Liar,000230911
CURRENT_TIMESTAMP,CURRENT_TIMESTAMP,200005521,200000696,2,Aksesori Tempat Makan Burung & Binatang Liar,000005521
CURRENT_TIMESTAMP,CURRENT_TIMESTAMP,200000710,200000696,2,Alat Pengukur Curah Hujan,000000710
CURRENT_TIMESTAMP,CURRENT_TIMESTAMP,200499693,200000696,2,Bagan Pertumbuhan Anak,000499693
CURRENT_TIMESTAMP,CURRENT_TIMESTAMP,200004454,200000696,2,Bantal Hias,000004454
CURRENT_TIMESTAMP,CURRENT_TIMESTAMP,200004453,200000696,2,Bantal Kursi & Sofa,000004453
CURRENT_TIMESTAMP,CURRENT_TIMESTAMP,200004456,200000696,2,Bantal Punggung,000004456
CURRENT_TIMESTAMP,CURRENT_TIMESTAMP,200006927,200000696,2,Bantalan Kursi Ottoman,000006927
CURRENT_TIMESTAMP,CURRENT_TIMESTAMP,200000701,200000696,2,Bendera & Gada-gada,000000701
CURRENT_TIMESTAMP,CURRENT_TIMESTAMP,200000597,200000696,2,Bingkai Foto,000000597
CURRENT_TIMESTAMP,CURRENT_TIMESTAMP,200003262,200000696,2,Bola Dunia,000003262
CURRENT_TIMESTAMP,CURRENT_TIMESTAMP,200006535,200000696,2,Bola Kristal Salju,000006535
CURRENT_TIMESTAMP,CURRENT_TIMESTAMP,200006317,200000696,2,Botol Hiasan,000006317
CURRENT_TIMESTAMP,CURRENT_TIMESTAMP,200006936,200000696,2,Bunga Kering,000006936
CURRENT_TIMESTAMP,CURRENT_TIMESTAMP,200007380,200000696,2,Cardboard Cutout,000007380
CURRENT_TIMESTAMP,CURRENT_TIMESTAMP,200004295,200000696,2,Celengan,000004295
CURRENT_TIMESTAMP,CURRENT_TIMESTAMP,200000595,200000696,2,Cermin,000000595
CURRENT_TIMESTAMP,CURRENT_TIMESTAMP,200006324,200000696,2,Cincin Serbet,000006324
CURRENT_TIMESTAMP,CURRENT_TIMESTAMP,200000596,200000696,2,Dekorasi Musiman & Liburan,000000596
CURRENT_TIMESTAMP,CURRENT_TIMESTAMP,200005930,200000596,2,Boneka Tradisional Jepang,000005930
CURRENT_TIMESTAMP,CURRENT_TIMESTAMP,200499804,200000596,2,Cantolan Hiasan Natal,000499804
CURRENT_TIMESTAMP,CURRENT_TIMESTAMP,200006603,200000596,2,Dudukan Pohon Natal,000006603
CURRENT_TIMESTAMP,CURRENT_TIMESTAMP,200003144,200000596,2,Hiasan Hari Raya,000003144
CURRENT_TIMESTAMP,CURRENT_TIMESTAMP,200005991,200000596,2,Hiasan Kaus Kaki Natal,000005991
CURRENT_TIMESTAMP,CURRENT_TIMESTAMP,200005504,200000596,2,Kain Alas Pohon Natal,000005504
CURRENT_TIMESTAMP,CURRENT_TIMESTAMP,200005359,200000596,2,Kalender Adven,000005359
CURRENT_TIMESTAMP,CURRENT_TIMESTAMP,200005990,200000596,2,Penggantung Hiasan Kaus Kaki Natal,000005990
CURRENT_TIMESTAMP,CURRENT_TIMESTAMP,200499805,200000596,2,Peralatan Penghias Telur Paskah,000499805
CURRENT_TIMESTAMP,CURRENT_TIMESTAMP,200505809,200000596,2,Set & Aksesori Desa Hiasan Musim Liburan,000505809
CURRENT_TIMESTAMP,CURRENT_TIMESTAMP,200006531,200000596,2,Set Patung Adegan Peristiwa Natal,000006531
CURRENT_TIMESTAMP,CURRENT_TIMESTAMP,200006532,200000596,2,Tempat Pajangan & Tiang Penyangga Hiasan Natal,000006532
CURRENT_TIMESTAMP,CURRENT_TIMESTAMP,200006935,200000696,2,Ecosphere,000006935
CURRENT_TIMESTAMP,CURRENT_TIMESTAMP,200007422,200000696,2,Finial,000007422
CURRENT_TIMESTAMP,CURRENT_TIMESTAMP,200005708,200000696,2,Gantungan Mantel & Topi,000005708
CURRENT_TIMESTAMP,CURRENT_TIMESTAMP,200006547,200000696,2,Hiasan Halaman & Patung Taman,000006547
CURRENT_TIMESTAMP,CURRENT_TIMESTAMP,200007172,200000696,2,Hiasan Penangkap Mimpi,000007172
CURRENT_TIMESTAMP,CURRENT_TIMESTAMP,200007173,200000696,2,Hiasan Penangkap Sinar Matahari,000007173
CURRENT_TIMESTAMP,CURRENT_TIMESTAMP,200006424,200000696,2,Isian Vas & Konfeti Meja,000006424
CURRENT_TIMESTAMP,CURRENT_TIMESTAMP,200003890,200000696,2,Jam,000003890
CURRENT_TIMESTAMP,CURRENT_TIMESTAMP,200004546,200003890,2,Jam Alarm,000004546
CURRENT_TIMESTAMP,CURRENT_TIMESTAMP,200003840,200003890,2,Jam Dinding,000003840
CURRENT_TIMESTAMP,CURRENT_TIMESTAMP,200003696,200003890,2,Jam Lemari,000003696
CURRENT_TIMESTAMP,CURRENT_TIMESTAMP,200006912,200003890,2,Jam Meja & Rak,000006912
CURRENT_TIMESTAMP,CURRENT_TIMESTAMP,200000711,200000696,2,Jam Matahari,000000711
CURRENT_TIMESTAMP,CURRENT_TIMESTAMP,200503000,200000696,2,Jam Pasir,000503000
CURRENT_TIMESTAMP,CURRENT_TIMESTAMP,200000599,200000696,2,Kain Penutup Perabotan,000000599
CURRENT_TIMESTAMP,CURRENT_TIMESTAMP,200000598,200000696,2,Karpet,000000598
CURRENT_TIMESTAMP,CURRENT_TIMESTAMP,200000009,200000696,2,Karya Seni,000000009
CURRENT_TIMESTAMP,CURRENT_TIMESTAMP,200500045,200000009,2,Kain Sulam & Corak Penghias Dinding,000500045
CURRENT_TIMESTAMP,CURRENT_TIMESTAMP,200500044,200000009,2,Karya Seni Visual,000500044
CURRENT_TIMESTAMP,CURRENT_TIMESTAMP,200000011,200000009,2,Seni Pahat & Patung,000000011
CURRENT_TIMESTAMP,CURRENT_TIMESTAMP,200000573,200000696,2,Keranjang,000000573
CURRENT_TIMESTAMP,CURRENT_TIMESTAMP,200002334,200000696,2,Kertas Dinding,000002334
CURRENT_TIMESTAMP,CURRENT_TIMESTAMP,200002675,200000696,2,Keset,000002675
CURRENT_TIMESTAMP,CURRENT_TIMESTAMP,200004233,200000696,2,Koper,000004233
CURRENT_TIMESTAMP,CURRENT_TIMESTAMP,200003473,200000696,2,Kotak Musik,000003473
CURRENT_TIMESTAMP,CURRENT_TIMESTAMP,200000706,200000696,2,Kotak Pos,000000706
CURRENT_TIMESTAMP,CURRENT_TIMESTAMP,200004770,200000696,2,Lilin Elektrik,000004770
CURRENT_TIMESTAMP,CURRENT_TIMESTAMP,200000714,200000696,2,Lonceng Angin,000000714
CURRENT_TIMESTAMP,CURRENT_TIMESTAMP,200007206,200000696,2,Lonceng Hiasan,000007206
CURRENT_TIMESTAMP,CURRENT_TIMESTAMP,200006530,200000696,2,Magnet Jendela,000006530
CURRENT_TIMESTAMP,CURRENT_TIMESTAMP,200005876,200000696,2,Magnet Kulkas,000005876
CURRENT_TIMESTAMP,CURRENT_TIMESTAMP,200006457,200000696,2,Mangkuk Hiasan,000006457
CURRENT_TIMESTAMP,CURRENT_TIMESTAMP,200006456,200000696,2,Nampan Hiasan,000006456
CURRENT_TIMESTAMP,CURRENT_TIMESTAMP,200007382,200000696,2,Nomor & Huruf Rumah,000007382
CURRENT_TIMESTAMP,CURRENT_TIMESTAMP,200005885,200000696,2,Papan Tanda Guyonan,000005885
CURRENT_TIMESTAMP,CURRENT_TIMESTAMP,200005609,200000696,2,Patung Kecil,000005609
CURRENT_TIMESTAMP,CURRENT_TIMESTAMP,200006993,200000696,2,Pemberi Makan Burung & Binatang Liar,000006993
CURRENT_TIMESTAMP,CURRENT_TIMESTAMP,200000698,200006993,2,Pemberi Makan Burung,000000698
CURRENT_TIMESTAMP,CURRENT_TIMESTAMP,200006995,200006993,2,Pemberi Makan Kupu-kupu,000006995
CURRENT_TIMESTAMP,CURRENT_TIMESTAMP,200006994,200006993,2,Pemberi Makan Tupai,000006994
CURRENT_TIMESTAMP,CURRENT_TIMESTAMP,200002839,200000696,2,Pemutar & Roda Angin,000002839
CURRENT_TIMESTAMP,CURRENT_TIMESTAMP,200000572,200000696,2,Penanda Alamat,000000572
CURRENT_TIMESTAMP,CURRENT_TIMESTAMP,200000592,200000696,2,Pengharum Rumah,000000592
CURRENT_TIMESTAMP,CURRENT_TIMESTAMP,200003686,200000592,2,Dupa,000003686
CURRENT_TIMESTAMP,CURRENT_TIMESTAMP,200000588,200000592,2,Lilin,000000588
CURRENT_TIMESTAMP,CURRENT_TIMESTAMP,200006767,200000592,2,Lilin Aromaterapi,000006767
CURRENT_TIMESTAMP,CURRENT_TIMESTAMP,200005847,200000592,2,Minyak Wangi,000005847
CURRENT_TIMESTAMP,CURRENT_TIMESTAMP,200003898,200000592,2,Penyegar Udara,000003898
CURRENT_TIMESTAMP,CURRENT_TIMESTAMP,200004740,200000592,2,Potpourri,000004740
CURRENT_TIMESTAMP,CURRENT_TIMESTAMP,200000712,200000696,2,Penunjuk Arah Angin & Dekorasi Atap,000000712
CURRENT_TIMESTAMP,CURRENT_TIMESTAMP,200000587,200000696,2,Penyangga Buku,000000587
CURRENT_TIMESTAMP,CURRENT_TIMESTAMP,200000603,200000696,2,Perawatan Jendela,000000603
CURRENT_TIMESTAMP,CURRENT_TIMESTAMP,200005989,200000603,2,Film Pelapis Jendela,000005989
CURRENT_TIMESTAMP,CURRENT_TIMESTAMP,200002882,200000603,2,Gorden & Tirai,000002882
CURRENT_TIMESTAMP,CURRENT_TIMESTAMP,200004375,200000603,2,Kasa Nyamuk,000004375
CURRENT_TIMESTAMP,CURRENT_TIMESTAMP,200006492,200000603,2,Panel Kaca Patri,000006492
CURRENT_TIMESTAMP,CURRENT_TIMESTAMP,200002885,200000603,2,Tabir & Kerai Jendela,000002885
CURRENT_TIMESTAMP,CURRENT_TIMESTAMP,200002621,200000603,2,Tirai Separuh & Kusen Atas Jendela,000002621
CURRENT_TIMESTAMP,CURRENT_TIMESTAMP,200000704,200000696,2,Pijakan Batu & Taman,000000704
CURRENT_TIMESTAMP,CURRENT_TIMESTAMP,200007436,200000696,2,Pintu Lubang Surat,000007436
CURRENT_TIMESTAMP,CURRENT_TIMESTAMP,200005875,200000696,2,Piring Hiasan,000005875
CURRENT_TIMESTAMP,CURRENT_TIMESTAMP,200000708,200000696,2,Plakat Dekorasi,000000708
CURRENT_TIMESTAMP,CURRENT_TIMESTAMP,200006267,200000696,2,Rangkaian Bunga & Tanaman,000006267
CURRENT_TIMESTAMP,CURRENT_TIMESTAMP,200000709,200000696,2,Rantai Hujan,000000709
CURRENT_TIMESTAMP,CURRENT_TIMESTAMP,200006266,200000696,2,Replika Makanan,000006266
CURRENT_TIMESTAMP,CURRENT_TIMESTAMP,200500078,200000696,2,Rumah Burung & Satwa Liar,000500078
CURRENT_TIMESTAMP,CURRENT_TIMESTAMP,200000699,200500078,2,Rumah Burung,000000699
CURRENT_TIMESTAMP,CURRENT_TIMESTAMP,200500079,200500078,2,Rumah Kelelawar,000500079
CURRENT_TIMESTAMP,CURRENT_TIMESTAMP,200500080,200500078,2,Rumah Kupu-Kupu,000500080
CURRENT_TIMESTAMP,CURRENT_TIMESTAMP,200005922,200000696,2,Shadow Box,000005922
CURRENT_TIMESTAMP,CURRENT_TIMESTAMP,200003221,200000696,2,Stiker Hiasan Rumah,000003221
CURRENT_TIMESTAMP,CURRENT_TIMESTAMP,200505827,200000696,2,Suku Cadang Jam,000505827
CURRENT_TIMESTAMP,CURRENT_TIMESTAMP,200006265,200000696,2,Tanaman Palsu,000006265
CURRENT_TIMESTAMP,CURRENT_TIMESTAMP,200000697,200000696,2,Tempat Mandi Burung Penghias Taman,000000697
CURRENT_TIMESTAMP,CURRENT_TIMESTAMP,200007113,200000696,2,Toples Hiasan,000007113
CURRENT_TIMESTAMP,CURRENT_TIMESTAMP,200000602,200000696,2,Vas,000000602
CURRENT_TIMESTAMP,CURRENT_TIMESTAMP,200000689,200000536,2,Halaman & Taman,000000689
CURRENT_TIMESTAMP,CURRENT_TIMESTAMP,200004564,200000689,2,Aksesori Peralatan Listrik Outdoor,000004564
CURRENT_TIMESTAMP,CURRENT_TIMESTAMP,200004565,200004564,2,Aksesori Gergaji Mesin,000004565
CURRENT_TIMESTAMP,CURRENT_TIMESTAMP,200004647,200004565,2,Bilah Gergaji Mesin,000004647
CURRENT_TIMESTAMP,CURRENT_TIMESTAMP,200004646,200004565,2,Rantai Gergaji Mesin,000004646
CURRENT_TIMESTAMP,CURRENT_TIMESTAMP,200007563,200004564,2,Aksesori Grass Edger,000007563
CURRENT_TIMESTAMP,CURRENT_TIMESTAMP,200007169,200004564,2,Aksesori Mesin Pemangkas Rumput,000007169
CURRENT_TIMESTAMP,CURRENT_TIMESTAMP,200007170,200007169,2,Mata Pisau & Spul Mesin Pemangkas Rumput,000007170
CURRENT_TIMESTAMP,CURRENT_TIMESTAMP,200008034,200007169,2,Penutup Spool Pemangkas Rumput,000008034
CURRENT_TIMESTAMP,CURRENT_TIMESTAMP,200004566,200004564,2,Aksesori Mesin Pemotong Rumput,000004566
CURRENT_TIMESTAMP,CURRENT_TIMESTAMP,200006542,200004566,2,Alat Pelengkap Sikat Pemotong Rumput,000006542
CURRENT_TIMESTAMP,CURRENT_TIMESTAMP,200499872,200004566,2,Ban Dalam Mesin Pemotong Rumput,000499872
CURRENT_TIMESTAMP,CURRENT_TIMESTAMP,200006095,200004566,2,Ban Mesin Pemotong Rumput,000006095
CURRENT_TIMESTAMP,CURRENT_TIMESTAMP,200004645,200004566,2,Kantung Mesin Pemotong Rumput,000004645
CURRENT_TIMESTAMP,CURRENT_TIMESTAMP,200004644,200004566,2,Katrol & Penahan Mesin Pemotong Rumput,000004644
CURRENT_TIMESTAMP,CURRENT_TIMESTAMP,200004641,200004566,2,Mata Pisau Mesin Pemotong Rumput,000004641
CURRENT_TIMESTAMP,CURRENT_TIMESTAMP,200004642,200004566,2,Penutup Mesin Pemotong Rumput,000004642
CURRENT_TIMESTAMP,CURRENT_TIMESTAMP,200006541,200004566,2,Penyapu Halaman,000006541
CURRENT_TIMESTAMP,CURRENT_TIMESTAMP,200499923,200004566,2,Peralatan Mulching Mesin Pemotong Rumput,000499923
CURRENT_TIMESTAMP,CURRENT_TIMESTAMP,200499921,200004566,2,Peralatan Striping Rumput,000499921
CURRENT_TIMESTAMP,CURRENT_TIMESTAMP,200499960,200004566,2,Plug & Plat Mulching Mesin Pemotong Rumput,000499960
CURRENT_TIMESTAMP,CURRENT_TIMESTAMP,200006094,200004566,2,Roda Mesin Pemotong Rumput,000006094
CURRENT_TIMESTAMP,CURRENT_TIMESTAMP,200004643,200004566,2,Sabuk Mesin Pemotong Rumput,000004643
CURRENT_TIMESTAMP,CURRENT_TIMESTAMP,200007168,200004564,2,Aksesori Mesin Peniup Daun,000007168
CURRENT_TIMESTAMP,CURRENT_TIMESTAMP,200007171,200007168,2,Pipa Mesin Peniup Daun,000007171
CURRENT_TIMESTAMP,CURRENT_TIMESTAMP,200004567,200004564,2,Aksesori Mesin Peniup Salju,000004567
CURRENT_TIMESTAMP,CURRENT_TIMESTAMP,200007265,200004564,2,Aksesori Pemangkas Tanaman Pagar,000007265
CURRENT_TIMESTAMP,CURRENT_TIMESTAMP,200006328,200004564,2,Aksesori Pencuci Bertekanan,000006328
CURRENT_TIMESTAMP,CURRENT_TIMESTAMP,200007333,200004564,2,Baterai Mesin Listrik Luar Ruangan,000007333
CURRENT_TIMESTAMP,CURRENT_TIMESTAMP,200008485,200004564,2,Perlengkapan Peralatan Listrik Luar Ruangan Multifungsi,000008485
CURRENT_TIMESTAMP,CURRENT_TIMESTAMP,200007335,200008485,2,Alat Pelengkap Pemangkas Rumput,000007335
CURRENT_TIMESTAMP,CURRENT_TIMESTAMP,200007334,200008485,2,Alat Pelengkap Pemangkas Tanaman Pagar,000007334
CURRENT_TIMESTAMP,CURRENT_TIMESTAMP,200007564,200008485,2,Perlengkapan Grass Edger,000007564
CURRENT_TIMESTAMP,CURRENT_TIMESTAMP,200008487,200008485,2,Perlengkapan Mesin Penyapu Debu & Daun,000008487
CURRENT_TIMESTAMP,CURRENT_TIMESTAMP,200008488,200008485,2,Perlengkapan Pembajak & Penanam,000008488
CURRENT_TIMESTAMP,CURRENT_TIMESTAMP,200008489,200008485,2,Perlengkapan Pole Saw,000008489
CURRENT_TIMESTAMP,CURRENT_TIMESTAMP,200005867,200004564,2,Suku Cadang & Aksesori Traktor,000005867
CURRENT_TIMESTAMP,CURRENT_TIMESTAMP,200499880,200005867,2,Ban Traktor,000499880
CURRENT_TIMESTAMP,CURRENT_TIMESTAMP,200499881,200005867,2,Roda Traktor,000499881
CURRENT_TIMESTAMP,CURRENT_TIMESTAMP,200002962,200000689,2,Berkebun,000002962
CURRENT_TIMESTAMP,CURRENT_TIMESTAMP,200005632,200002962,2,Aksesori Berkebun,000005632
CURRENT_TIMESTAMP,CURRENT_TIMESTAMP,200007184,200005632,2,Rak Pot Bunga,000007184
CURRENT_TIMESTAMP,CURRENT_TIMESTAMP,200503756,200005632,2,Skuter,000503756
CURRENT_TIMESTAMP,CURRENT_TIMESTAMP,200005633,200005632,2,Tas Berkebun,000005633
CURRENT_TIMESTAMP,CURRENT_TIMESTAMP,200006413,200002962,2,Aksesori Kain Gulma,000006413
CURRENT_TIMESTAMP,CURRENT_TIMESTAMP,200006422,200006413,2,Kawat Jepret & Paku Kain Gulma,000006422
CURRENT_TIMESTAMP,CURRENT_TIMESTAMP,200006421,200006413,2,Perekat Kain Gulma,000006421
CURRENT_TIMESTAMP,CURRENT_TIMESTAMP,200505326,200002962,2,Aksesori Perkakas Berkebun,000505326
CURRENT_TIMESTAMP,CURRENT_TIMESTAMP,200505322,200505326,2,Gagang Perkakas Berkebun,000505322
CURRENT_TIMESTAMP,CURRENT_TIMESTAMP,200505321,200505326,2,Kepala Perkakas Berkebun,000505321
CURRENT_TIMESTAMP,CURRENT_TIMESTAMP,200004972,200505326,2,Suku Cadang Kereta Sorong,000004972
CURRENT_TIMESTAMP,CURRENT_TIMESTAMP,200006428,200002962,2,Dudukan Tanaman,000006428
CURRENT_TIMESTAMP,CURRENT_TIMESTAMP,200003103,200002962,2,Herbisida,000003103
CURRENT_TIMESTAMP,CURRENT_TIMESTAMP,200006381,200002962,2,Kain Gulma,000006381
CURRENT_TIMESTAMP,CURRENT_TIMESTAMP,200002988,200002962,2,Mulsa,000002988
CURRENT_TIMESTAMP,CURRENT_TIMESTAMP,200499894,200002962,2,Pagar & Rambatan Tanaman,000499894
CURRENT_TIMESTAMP,CURRENT_TIMESTAMP,200001794,200002962,2,Pasir & Tanah,000001794
CURRENT_TIMESTAMP,CURRENT_TIMESTAMP,200499962,200002962,2,Pelapis Pot & Planter,000499962
CURRENT_TIMESTAMP,CURRENT_TIMESTAMP,200004085,200002962,2,Pembuatan Kompos,000004085
CURRENT_TIMESTAMP,CURRENT_TIMESTAMP,200006840,200004085,2,Aerator Kompos,000006840
CURRENT_TIMESTAMP,CURRENT_TIMESTAMP,200006436,200004085,2,Alat Pembuat Kompos,000006436
CURRENT_TIMESTAMP,CURRENT_TIMESTAMP,200000690,200004085,2,Kompos,000000690
CURRENT_TIMESTAMP,CURRENT_TIMESTAMP,200006834,200002962,2,Penampung Air Hujan,000006834
CURRENT_TIMESTAMP,CURRENT_TIMESTAMP,200000691,200002962,2,Pengendali Penyakit,000000691
CURRENT_TIMESTAMP,CURRENT_TIMESTAMP,200003173,200002962,2,Perkakas Berkebun,000003173
CURRENT_TIMESTAMP,CURRENT_TIMESTAMP,200007537,200003173,2,Alat Pembuat Lubang Tanam,000007537
CURRENT_TIMESTAMP,CURRENT_TIMESTAMP,200003828,200003173,2,Alat Penebar Benih & Sejenisnya,000003828
CURRENT_TIMESTAMP,CURRENT_TIMESTAMP,200004000,200003173,2,Alat-alat Bercocok Tanam,000004000
CURRENT_TIMESTAMP,CURRENT_TIMESTAMP,200003071,200003173,2,Garpu Tanah,000003071
CURRENT_TIMESTAMP,CURRENT_TIMESTAMP,200003388,200003173,2,Garu Tanah,000003388
CURRENT_TIMESTAMP,CURRENT_TIMESTAMP,200006967,200003173,2,Gergaji Pangkas,000006967
CURRENT_TIMESTAMP,CURRENT_TIMESTAMP,200003616,200003173,2,Gerobak Dorong,000003616
CURRENT_TIMESTAMP,CURRENT_TIMESTAMP,200003841,200003173,2,Gunting Kebun,000003841
CURRENT_TIMESTAMP,CURRENT_TIMESTAMP,200499922,200003173,2,Roller Rumput,000499922
CURRENT_TIMESTAMP,CURRENT_TIMESTAMP,200505292,200003173,2,Sabit & Golok Berkebun,000505292
CURRENT_TIMESTAMP,CURRENT_TIMESTAMP,200002147,200003173,2,Sekop & Sekop Penggali,000002147
CURRENT_TIMESTAMP,CURRENT_TIMESTAMP,200003644,200003173,2,Sekop Kecil untuk Berkebun,000003644
CURRENT_TIMESTAMP,CURRENT_TIMESTAMP,200001967,200003173,2,Semprotan Halaman & Kebun,000001967
CURRENT_TIMESTAMP,CURRENT_TIMESTAMP,200000721,200002962,2,Pot & Kotak Tanaman,000000721
CURRENT_TIMESTAMP,CURRENT_TIMESTAMP,200000113,200002962,2,Pupuk,000000113
CURRENT_TIMESTAMP,CURRENT_TIMESTAMP,200000693,200002962,2,Rumah Kaca,000000693
CURRENT_TIMESTAMP,CURRENT_TIMESTAMP,200500033,200002962,2,Tatakan Pot Tanaman,000500033
CURRENT_TIMESTAMP,CURRENT_TIMESTAMP,200005362,200000689,2,Pembersih Salju,000005362
CURRENT_TIMESTAMP,CURRENT_TIMESTAMP,200005364,200005362,2,Scraper Es & Sikat Salju,000005364
CURRENT_TIMESTAMP,CURRENT_TIMESTAMP,200005363,200005362,2,Sekop Salju,000005363
CURRENT_TIMESTAMP,CURRENT_TIMESTAMP,200003568,200000689,2,Penyiraman & Pengairan,000003568
CURRENT_TIMESTAMP,CURRENT_TIMESTAMP,200505814,200003568,2,Aksesori Penyiram Tanaman,000505814
CURRENT_TIMESTAMP,CURRENT_TIMESTAMP,200003780,200003568,2,Aksesori Sprinkler,000003780
CURRENT_TIMESTAMP,CURRENT_TIMESTAMP,200003491,200003780,2,Katup Sprinkler,000003491
CURRENT_TIMESTAMP,CURRENT_TIMESTAMP,200001302,200003780,2,Pengontrol Sprinkler,000001302
CURRENT_TIMESTAMP,CURRENT_TIMESTAMP,200004718,200003568,2,Fitting & Katup Selang Taman,000004718
CURRENT_TIMESTAMP,CURRENT_TIMESTAMP,200230912,200003568,2,Globe & Spike Penyiram Tanaman,000230912
CURRENT_TIMESTAMP,CURRENT_TIMESTAMP,200004201,200003568,2,Nosel Semprotan Selang Air,000004201
CURRENT_TIMESTAMP,CURRENT_TIMESTAMP,200006318,200003568,2,Penyiram Air,000006318
CURRENT_TIMESTAMP,CURRENT_TIMESTAMP,200002313,200003568,2,Selang Taman,000002313
CURRENT_TIMESTAMP,CURRENT_TIMESTAMP,200007561,200003568,2,Sprinkler & Kepala Sprinkler,000007561
CURRENT_TIMESTAMP,CURRENT_TIMESTAMP,200003798,200000689,2,Peralatan Bermesin Luar Ruangan,000003798
CURRENT_TIMESTAMP,CURRENT_TIMESTAMP,200500034,200003798,2,Aerator & Dethatcher Halaman Rumput,000500034
CURRENT_TIMESTAMP,CURRENT_TIMESTAMP,200003120,200003798,2,Alat Pemangkas Tanaman,000003120
CURRENT_TIMESTAMP,CURRENT_TIMESTAMP,200002218,200003798,2,Edger Rumput,000002218
CURRENT_TIMESTAMP,CURRENT_TIMESTAMP,200003610,200003798,2,Gergaji Mesin,000003610
CURRENT_TIMESTAMP,CURRENT_TIMESTAMP,200003340,200003798,2,Mesin Blower,000003340
CURRENT_TIMESTAMP,CURRENT_TIMESTAMP,200002204,200003798,2,Mesin Pembajak & Penanam,000002204
CURRENT_TIMESTAMP,CURRENT_TIMESTAMP,200006789,200003798,2,Mesin Pembersih Taman,000006789
CURRENT_TIMESTAMP,CURRENT_TIMESTAMP,200001541,200003798,2,Mesin Peniup Salju,000001541
CURRENT_TIMESTAMP,CURRENT_TIMESTAMP,200001226,200003798,2,Mesin Pressure Washer,000001226
CURRENT_TIMESTAMP,CURRENT_TIMESTAMP,200001223,200003798,2,Pemangkas Rumput Liar,000001223
CURRENT_TIMESTAMP,CURRENT_TIMESTAMP,200000694,200003798,2,Pemotong Rumput,000000694
CURRENT_TIMESTAMP,CURRENT_TIMESTAMP,200006258,200000694,2,Mesin Pemangkas Rumput Gandeng,000006258
CURRENT_TIMESTAMP,CURRENT_TIMESTAMP,200003311,200000694,2,Mobil Pemotong Rumput,000003311
CURRENT_TIMESTAMP,CURRENT_TIMESTAMP,200003730,200000694,2,Pemotong Rumput Dorong,000003730
CURRENT_TIMESTAMP,CURRENT_TIMESTAMP,200006788,200000694,2,Robot Pemotong Rumput,000006788
CURRENT_TIMESTAMP,CURRENT_TIMESTAMP,200500016,200003798,2,Sapu Mesin,000500016
CURRENT_TIMESTAMP,CURRENT_TIMESTAMP,200007245,200003798,2,Set Aneka Mesin Listrik Luar Ruangan,000007245
CURRENT_TIMESTAMP,CURRENT_TIMESTAMP,200005866,200003798,2,Traktor,000005866
CURRENT_TIMESTAMP,CURRENT_TIMESTAMP,200007332,200003798,2,Unit Dasar Mesin Listrik Luar Ruangan,000007332
CURRENT_TIMESTAMP,CURRENT_TIMESTAMP,200002918,200000689,2,Ruang Tamu Luar Ruangan,000002918
CURRENT_TIMESTAMP,CURRENT_TIMESTAMP,200499908,200002918,2,Aksesori Awning,000499908
CURRENT_TIMESTAMP,CURRENT_TIMESTAMP,200499955,200002918,2,Aksesori Kursi Ayun,000499955
CURRENT_TIMESTAMP,CURRENT_TIMESTAMP,200006751,200002918,2,Aksesori Payung & Pelindung Panas Luar Ruangan,000006751
CURRENT_TIMESTAMP,CURRENT_TIMESTAMP,200007108,200006751,2,Kain Payung & Penahan Sinar Matahari Luar Ruangan,000007108
CURRENT_TIMESTAMP,CURRENT_TIMESTAMP,200008020,200006751,2,Lampu Payung Luar Ruangan,000008020
CURRENT_TIMESTAMP,CURRENT_TIMESTAMP,200005493,200006751,2,Pemberat Payung Luar Ruangan,000005493
CURRENT_TIMESTAMP,CURRENT_TIMESTAMP,200499948,200006751,2,Peralatan Penutup Payung Luar Ruangan,000499948
CURRENT_TIMESTAMP,CURRENT_TIMESTAMP,200007107,200006751,2,Tutup Payung Luar Ruangan,000007107
CURRENT_TIMESTAMP,CURRENT_TIMESTAMP,200499907,200002918,2,Awning,000499907
CURRENT_TIMESTAMP,CURRENT_TIMESTAMP,200000718,200002918,2,Ayunan Teras,000000718
CURRENT_TIMESTAMP,CURRENT_TIMESTAMP,200000719,200002918,2,Payung & Penghalang Sinar Matahari Luar Ruangan,000000719
CURRENT_TIMESTAMP,CURRENT_TIMESTAMP,200006737,200002918,2,Perlengkapan & Aksesori Tempat Tidur Gantung,000006737
CURRENT_TIMESTAMP,CURRENT_TIMESTAMP,200005910,200002918,2,Selimut Luar Ruangan,000005910
CURRENT_TIMESTAMP,CURRENT_TIMESTAMP,200005913,200005910,2,Selimut Piknik,000005913
CURRENT_TIMESTAMP,CURRENT_TIMESTAMP,200005912,200005910,2,Selimut Ponco,000005912
CURRENT_TIMESTAMP,CURRENT_TIMESTAMP,200005911,200005910,2,Tikar Pantai,000005911
CURRENT_TIMESTAMP,CURRENT_TIMESTAMP,200002613,200002918,2,Struktur Luar Ruangan,000002613
CURRENT_TIMESTAMP,CURRENT_TIMESTAMP,200006105,200002613,2,Aksesori Kanopi & Gazebo,000006105
CURRENT_TIMESTAMP,CURRENT_TIMESTAMP,200006108,200006105,2,Atap Kanopi & Gazebo,000006108
CURRENT_TIMESTAMP,CURRENT_TIMESTAMP,200006106,200006105,2,Kerangka Gazebo & Kanopi,000006106
CURRENT_TIMESTAMP,CURRENT_TIMESTAMP,200007424,200006105,2,Pemberat Kanopi,000007424
CURRENT_TIMESTAMP,CURRENT_TIMESTAMP,200006107,200006105,2,Perlengkapan Penutup Kanopi & Gazebo,000006107
CURRENT_TIMESTAMP,CURRENT_TIMESTAMP,200007423,200006105,2,Tiang Kanopi,000007423
CURRENT_TIMESTAMP,CURRENT_TIMESTAMP,200000700,200002613,2,Jembatan Taman,000000700
CURRENT_TIMESTAMP,CURRENT_TIMESTAMP,200000720,200002613,2,Kandang,000000720
CURRENT_TIMESTAMP,CURRENT_TIMESTAMP,200000716,200002613,2,Kanopi & Gazebo,000000716
CURRENT_TIMESTAMP,CURRENT_TIMESTAMP,200000703,200002613,2,Pelengkung,000000703
CURRENT_TIMESTAMP,CURRENT_TIMESTAMP,200000717,200002918,2,Tempat Tidur Gantung,000000717
CURRENT_TIMESTAMP,CURRENT_TIMESTAMP,200000359,200000536,2,Keamanan Rumah & Kantor,000000359
CURRENT_TIMESTAMP,CURRENT_TIMESTAMP,200499865,200000359,2,Aksesori Brankas Pengaman,000499865
CURRENT_TIMESTAMP,CURRENT_TIMESTAMP,200003819,200000359,2,Brankas Pengaman,000003819
CURRENT_TIMESTAMP,CURRENT_TIMESTAMP,200500025,200000359,2,Cermin Keamanan & Keselamatan,000500025
CURRENT_TIMESTAMP,CURRENT_TIMESTAMP,200005491,200000359,2,Kamera Pengintai Palsu,000005491
CURRENT_TIMESTAMP,CURRENT_TIMESTAMP,200000363,200000359,2,Lampu Keamanan,000000363
CURRENT_TIMESTAMP,CURRENT_TIMESTAMP,200000364,200000359,2,Pemantau & Perekam Keamanan,000000364
CURRENT_TIMESTAMP,CURRENT_TIMESTAMP,200002161,200000359,2,Sensor Gerakan,000002161
CURRENT_TIMESTAMP,CURRENT_TIMESTAMP,200000365,200000359,2,Sensor Sistem Keamanan,000000365
CURRENT_TIMESTAMP,CURRENT_TIMESTAMP,200003873,200000359,2,Sistem Alarm Rumah,000003873
CURRENT_TIMESTAMP,CURRENT_TIMESTAMP,200005835,200000536,2,Kesiapan Darurat,000005835
CURRENT_TIMESTAMP,CURRENT_TIMESTAMP,200004490,200005835,2,Alarm Gempa,000004490
CURRENT_TIMESTAMP,CURRENT_TIMESTAMP,200004491,200005835,2,Pengikat Perabot,000004491
CURRENT_TIMESTAMP,CURRENT_TIMESTAMP,200007058,200005835,2,Peralatan & Perlengkapan Darurat,000007058
CURRENT_TIMESTAMP,CURRENT_TIMESTAMP,200005836,200005835,2,Perlengkapan Makanan Darurat,000005836
CURRENT_TIMESTAMP,CURRENT_TIMESTAMP,200006897,200005835,2,Selimut Darurat,000006897
CURRENT_TIMESTAMP,CURRENT_TIMESTAMP,200000729,200000536,2,Kolam Renang & Spa,000000729
CURRENT_TIMESTAMP,CURRENT_TIMESTAMP,200002832,200000729,2,Aksesori Kolam Renang & Spa,000002832
CURRENT_TIMESTAMP,CURRENT_TIMESTAMP,200500050,200002832,2,Aksesori Penutup Kolam Renang,000500050
CURRENT_TIMESTAMP,CURRENT_TIMESTAMP,200002981,200002832,2,Filter Kolam Renang & Spa,000002981
CURRENT_TIMESTAMP,CURRENT_TIMESTAMP,200002672,200002832,2,Mainan Kolam Renang,000002672
CURRENT_TIMESTAMP,CURRENT_TIMESTAMP,200002997,200002832,2,Mesin Penyapu & Penyedot Kolam Renang,000002997
CURRENT_TIMESTAMP,CURRENT_TIMESTAMP,200002939,200002832,2,Papan Loncat,000002939
CURRENT_TIMESTAMP,CURRENT_TIMESTAMP,200005546,200002832,2,Papan Seluncur Kolam Renang,000005546
CURRENT_TIMESTAMP,CURRENT_TIMESTAMP,200002860,200002832,2,Pelampung & Kursi Apung Kolam Renang,000002860
CURRENT_TIMESTAMP,CURRENT_TIMESTAMP,200503751,200002832,2,Pelapis Kolam Renang,000503751
CURRENT_TIMESTAMP,CURRENT_TIMESTAMP,200005654,200002832,2,Pemanas Air Kolam,000005654
CURRENT_TIMESTAMP,CURRENT_TIMESTAMP,200003017,200002832,2,Pembersih & Bahan Kimia Kolam Renang,000003017
CURRENT_TIMESTAMP,CURRENT_TIMESTAMP,200500042,200002832,2,Pengontrol Klorin Kolam Renang & Spa,000500042
CURRENT_TIMESTAMP,CURRENT_TIMESTAMP,200002994,200002832,2,Penutup Kolam Renang & Alas Kolam,000002994
CURRENT_TIMESTAMP,CURRENT_TIMESTAMP,200007496,200002832,2,Perlengkapan Dek Kolam,000007496
CURRENT_TIMESTAMP,CURRENT_TIMESTAMP,200505815,200002832,2,Perlengkapan Perawatan Kolam Renang & Spa,000505815
CURRENT_TIMESTAMP,CURRENT_TIMESTAMP,200006771,200002832,2,Selang Pembersih Kolam,000006771
CURRENT_TIMESTAMP,CURRENT_TIMESTAMP,200006996,200002832,2,Sikat & Sapu Kolam Renang,000006996
CURRENT_TIMESTAMP,CURRENT_TIMESTAMP,200002755,200002832,2,Skimmer Kolam Renang,000002755
CURRENT_TIMESTAMP,CURRENT_TIMESTAMP,200006766,200002832,2,Tangga,000006766
CURRENT_TIMESTAMP,CURRENT_TIMESTAMP,200002810,200000729,2,Kolam Renang,000002810
CURRENT_TIMESTAMP,CURRENT_TIMESTAMP,200003992,200000729,2,Sauna,000003992
CURRENT_TIMESTAMP,CURRENT_TIMESTAMP,200002982,200000729,2,Spa,000002982
CURRENT_TIMESTAMP,CURRENT_TIMESTAMP,200000594,200000536,2,Lampu Penerangan,000000594
CURRENT_TIMESTAMP,CURRENT_TIMESTAMP,200002425,200000594,2,Bola Lampu,000002425
CURRENT_TIMESTAMP,CURRENT_TIMESTAMP,200003329,200002425,2,Bola Lampu LED,000003329
CURRENT_TIMESTAMP,CURRENT_TIMESTAMP,200002944,200002425,2,Bola Lampu Pijar,000002944
CURRENT_TIMESTAMP,CURRENT_TIMESTAMP,200002690,200002425,2,Lampu Neon,000002690
CURRENT_TIMESTAMP,CURRENT_TIMESTAMP,200002947,200002425,2,Lampu Neon Hemat Energi,000002947
CURRENT_TIMESTAMP,CURRENT_TIMESTAMP,200003006,200000594,2,Fitting Lampu,000003006
CURRENT_TIMESTAMP,CURRENT_TIMESTAMP,200002524,200003006,2,Fitting Lampu Langit-Langit,000002524
CURRENT_TIMESTAMP,CURRENT_TIMESTAMP,200002809,200003006,2,Fitting Lampu Lemari,000002809
CURRENT_TIMESTAMP,CURRENT_TIMESTAMP,200002249,200003006,2,Gantungan Lampu Gantung,000002249
CURRENT_TIMESTAMP,CURRENT_TIMESTAMP,200006073,200003006,2,Peralatan Lampu Dinding,000006073
CURRENT_TIMESTAMP,CURRENT_TIMESTAMP,200004636,200000594,2,Lampu,000004636
CURRENT_TIMESTAMP,CURRENT_TIMESTAMP,200500003,200000594,2,Lampu Apung & Dalam Air,000500003
CURRENT_TIMESTAMP,CURRENT_TIMESTAMP,200001436,200000594,2,Lampu Jalan Keluar Darurat,000001436
CURRENT_TIMESTAMP,CURRENT_TIMESTAMP,200007400,200000594,2,Lampu Jalan Taman,000007400
CURRENT_TIMESTAMP,CURRENT_TIMESTAMP,200505826,200000594,2,Lampu Malam Hari & Lampu Ambient,000505826
CURRENT_TIMESTAMP,CURRENT_TIMESTAMP,200002370,200000594,2,Lampu Sorot Dinding,000002370
CURRENT_TIMESTAMP,CURRENT_TIMESTAMP,200002608,200000594,2,Lampu Tali Hias,000002608
CURRENT_TIMESTAMP,CURRENT_TIMESTAMP,200007401,200000594,2,Lampu Tanam,000007401
CURRENT_TIMESTAMP,CURRENT_TIMESTAMP,200001546,200000594,2,Lampu Tembak & Sorot,000001546
CURRENT_TIMESTAMP,CURRENT_TIMESTAMP,200006274,200000594,2,Lampu Trek,000006274
CURRENT_TIMESTAMP,CURRENT_TIMESTAMP,200006272,200006274,2,Aksesori Lampu Trek,000006272
CURRENT_TIMESTAMP,CURRENT_TIMESTAMP,200004932,200006274,2,Perkakas Track Lightning,000004932
CURRENT_TIMESTAMP,CURRENT_TIMESTAMP,200006273,200006274,2,Rel Lampu Trek,000006273
CURRENT_TIMESTAMP,CURRENT_TIMESTAMP,200007399,200000594,2,Obor Tiki & Lampu Minyak,000007399
CURRENT_TIMESTAMP,CURRENT_TIMESTAMP,200004358,200000536,2,Payung,000004358
CURRENT_TIMESTAMP,CURRENT_TIMESTAMP,200001679,200000536,2,Pengaman dari Banjir,000001679
CURRENT_TIMESTAMP,CURRENT_TIMESTAMP,200001871,200001679,2,Alarm Kebakaran,000001871
CURRENT_TIMESTAMP,CURRENT_TIMESTAMP,200001306,200001679,2,Detektor Air & Banjir,000001306
CURRENT_TIMESTAMP,CURRENT_TIMESTAMP,200499673,200001679,2,Detektor Asap & Karbon Monoksida,000499673
CURRENT_TIMESTAMP,CURRENT_TIMESTAMP,200007227,200001679,2,Detektor Panas,000007227
CURRENT_TIMESTAMP,CURRENT_TIMESTAMP,200007226,200001679,2,Panel Kendali Alarm Kebakaran,000007226
CURRENT_TIMESTAMP,CURRENT_TIMESTAMP,200001434,200001679,2,Pemadam Api,000001434
CURRENT_TIMESTAMP,CURRENT_TIMESTAMP,200001639,200001679,2,Pemadam Api & Penyimpanan Peralatan,000001639
CURRENT_TIMESTAMP,CURRENT_TIMESTAMP,200001934,200001679,2,Sprinkler Kebakaran,000001934
CURRENT_TIMESTAMP,CURRENT_TIMESTAMP,200000604,200000536,2,Peralatan Rumah Tangga,000000604
CURRENT_TIMESTAMP,CURRENT_TIMESTAMP,200500081,200000604,2,Alat Pembersih Ultrasonik,000500081
CURRENT_TIMESTAMP,CURRENT_TIMESTAMP,200006741,200000604,2,Keypad & Remote Pintu Garasi,000006741
CURRENT_TIMESTAMP,CURRENT_TIMESTAMP,200005294,200000604,2,Mesin Penggosok & Pengkilat Lantai,000005294
CURRENT_TIMESTAMP,CURRENT_TIMESTAMP,200007121,200000604,2,Mesin Uap Kertas Pelapis Dinding,000007121
CURRENT_TIMESTAMP,CURRENT_TIMESTAMP,200000616,200000604,2,Mesin Uap Pembersih Lantai,000000616
CURRENT_TIMESTAMP,CURRENT_TIMESTAMP,200000619,200000604,2,Mesin Vakum,000000619
CURRENT_TIMESTAMP,CURRENT_TIMESTAMP,200000621,200000604,2,Pemanas Air,000000621
CURRENT_TIMESTAMP,CURRENT_TIMESTAMP,200000609,200000604,2,Pembuka Pintu Garasi,000000609
CURRENT_TIMESTAMP,CURRENT_TIMESTAMP,200004483,200000604,2,Pengering Futon,000004483
CURRENT_TIMESTAMP,CURRENT_TIMESTAMP,200235920,200000604,2,Pengering Lantai & Karpet,000235920
CURRENT_TIMESTAMP,CURRENT_TIMESTAMP,200002706,200000604,2,Peralatan Cuci,000002706
CURRENT_TIMESTAMP,CURRENT_TIMESTAMP,200005138,200002706,2,Alat Penguap Pakaian,000005138
CURRENT_TIMESTAMP,CURRENT_TIMESTAMP,200002549,200002706,2,Mesin Cuci,000002549
CURRENT_TIMESTAMP,CURRENT_TIMESTAMP,200002849,200002706,2,Mesin Cuci & Pengering 1 Tabung,000002849
CURRENT_TIMESTAMP,CURRENT_TIMESTAMP,200002612,200002706,2,Mesin Pengering,000002612
CURRENT_TIMESTAMP,CURRENT_TIMESTAMP,200005140,200002706,2,Mesin Press Pakaian,000005140
CURRENT_TIMESTAMP,CURRENT_TIMESTAMP,200005139,200002706,2,Setrika & Sistem Penyetrikaan,000005139
CURRENT_TIMESTAMP,CURRENT_TIMESTAMP,200001626,200000604,2,Peralatan Pengontrol Iklim,000001626
CURRENT_TIMESTAMP,CURRENT_TIMESTAMP,200007328,200001626,2,Elemen Pemanas,000007328
CURRENT_TIMESTAMP,CURRENT_TIMESTAMP,200000608,200001626,2,Kipas Angin,000000608
CURRENT_TIMESTAMP,CURRENT_TIMESTAMP,200007527,200000608,2,Kipas Angin & Alat Misting Genggam,000007527
CURRENT_TIMESTAMP,CURRENT_TIMESTAMP,200008090,200000608,2,Kipas Angin Dinding,000008090
CURRENT_TIMESTAMP,CURRENT_TIMESTAMP,200004485,200000608,2,Kipas Angin Ventilasi,000004485
CURRENT_TIMESTAMP,CURRENT_TIMESTAMP,200001700,200000608,2,Kipas Langit-Langit,000001700
CURRENT_TIMESTAMP,CURRENT_TIMESTAMP,200002535,200000608,2,Kipas Meja & Kipas Berdiri,000002535
CURRENT_TIMESTAMP,CURRENT_TIMESTAMP,200000613,200001626,2,Pelembab Udara,000000613
CURRENT_TIMESTAMP,CURRENT_TIMESTAMP,200000611,200001626,2,Pemanas Ruangan,000000611
CURRENT_TIMESTAMP,CURRENT_TIMESTAMP,200002649,200001626,2,Pemanas Teras,000002649
CURRENT_TIMESTAMP,CURRENT_TIMESTAMP,200006727,200001626,2,Pendingin Udara Evaporasi,000006727
CURRENT_TIMESTAMP,CURRENT_TIMESTAMP,200000606,200001626,2,Penjernih Udara,000000606
CURRENT_TIMESTAMP,CURRENT_TIMESTAMP,200000605,200001626,2,Penyejuk Udara,000000605
CURRENT_TIMESTAMP,CURRENT_TIMESTAMP,200000607,200001626,2,Penyerap Kelembaban,000000607
CURRENT_TIMESTAMP,CURRENT_TIMESTAMP,200002060,200001626,2,Radiator Pemanas,000002060
CURRENT_TIMESTAMP,CURRENT_TIMESTAMP,200006709,200001626,2,Sistem Pengabut Luar Ruangan,000006709
CURRENT_TIMESTAMP,CURRENT_TIMESTAMP,200003082,200001626,2,Tungku & Boiler,000003082
CURRENT_TIMESTAMP,CURRENT_TIMESTAMP,200006792,200000536,2,Perapian,000006792
CURRENT_TIMESTAMP,CURRENT_TIMESTAMP,200000630,200000536,2,Perlengkapan Rumah Tangga,000000630
CURRENT_TIMESTAMP,CURRENT_TIMESTAMP,200005056,200000630,2,Aksesori Pemadat Sampah,000005056
CURRENT_TIMESTAMP,CURRENT_TIMESTAMP,200006757,200000630,2,Aksesori Tempat Sampah,000006757
CURRENT_TIMESTAMP,CURRENT_TIMESTAMP,200006726,200006757,2,Kotak Pelindung Tempat Sampah,000006726
CURRENT_TIMESTAMP,CURRENT_TIMESTAMP,200500115,200006757,2,Label & Tanda Tempat Sampah,000500115
CURRENT_TIMESTAMP,CURRENT_TIMESTAMP,200006758,200006757,2,Roda Tempat Sampah,000006758
CURRENT_TIMESTAMP,CURRENT_TIMESTAMP,200006765,200006757,2,Tempat Sampah Beroda,000006765
CURRENT_TIMESTAMP,CURRENT_TIMESTAMP,200004717,200006757,2,Tutup Tempat Sampah,000004717
CURRENT_TIMESTAMP,CURRENT_TIMESTAMP,200003307,200000630,2,Alas Karpet,000003307
CURRENT_TIMESTAMP,CURRENT_TIMESTAMP,200007351,200000630,2,Alas Laci & Rak,000007351
CURRENT_TIMESTAMP,CURRENT_TIMESTAMP,200008522,200000630,2,Alas Lantai Garasi,000008522
CURRENT_TIMESTAMP,CURRENT_TIMESTAMP,200007406,200000630,2,Bahan Penyerap Kelembaban,000007406
CURRENT_TIMESTAMP,CURRENT_TIMESTAMP,200002374,200000630,2,Kantong Sampah,000002374
CURRENT_TIMESTAMP,CURRENT_TIMESTAMP,200499674,200000630,2,Lapisan Pelindung Lantai,000499674
CURRENT_TIMESTAMP,CURRENT_TIMESTAMP,200007214,200000630,2,Pelindung Lantai untuk Perabotan,000007214
CURRENT_TIMESTAMP,CURRENT_TIMESTAMP,200000728,200000630,2,Pengendali Hama,000000728
CURRENT_TIMESTAMP,CURRENT_TIMESTAMP,200002631,200000728,2,Jebakan Pengendali Hama,000002631
CURRENT_TIMESTAMP,CURRENT_TIMESTAMP,200004220,200000728,2,Pemukul Lalat,000004220
CURRENT_TIMESTAMP,CURRENT_TIMESTAMP,200002865,200000728,2,Pengusir Hama,000002865
CURRENT_TIMESTAMP,CURRENT_TIMESTAMP,200000512,200002865,2,Alat Pengusir Serangga untuk di Rumah,000000512
CURRENT_TIMESTAMP,CURRENT_TIMESTAMP,200007137,200002865,2,Pengusir Binatang & Binatang Peliharaan,000007137
CURRENT_TIMESTAMP,CURRENT_TIMESTAMP,200002869,200000728,2,Pestisida,000002869
CURRENT_TIMESTAMP,CURRENT_TIMESTAMP,200499885,200000630,2,Penutup Anak Tangga,000499885
CURRENT_TIMESTAMP,CURRENT_TIMESTAMP,200000636,200000630,2,Penyimpanan & Penataan,000000636
CURRENT_TIMESTAMP,CURRENT_TIMESTAMP,200002446,200000636,2,Kait & Rak Penyimpanan,000002446
CURRENT_TIMESTAMP,CURRENT_TIMESTAMP,200499930,200002446,2,Kait & Rak Meja Setrika,000499930
CURRENT_TIMESTAMP,CURRENT_TIMESTAMP,200005707,200002446,2,Kait Utilitas,000005707
CURRENT_TIMESTAMP,CURRENT_TIMESTAMP,200005494,200002446,2,Wadah & Cantolan Payung,000005494
CURRENT_TIMESTAMP,CURRENT_TIMESTAMP,200005631,200000636,2,Kotak Penyimpanan Barang-barang Rumah Tangga,000005631
CURRENT_TIMESTAMP,CURRENT_TIMESTAMP,200005128,200000636,2,Kotak Peralatan Makan,000005128
CURRENT_TIMESTAMP,CURRENT_TIMESTAMP,200007255,200000636,2,Laci Penyimpanan Rumah Tangga,000007255
CURRENT_TIMESTAMP,CURRENT_TIMESTAMP,200004360,200000636,2,Penyimpan Foto,000004360
CURRENT_TIMESTAMP,CURRENT_TIMESTAMP,200000040,200004360,2,Album Foto,000000040
CURRENT_TIMESTAMP,CURRENT_TIMESTAMP,200004237,200004360,2,Kotak Penyimpan Foto,000004237
CURRENT_TIMESTAMP,CURRENT_TIMESTAMP,200005558,200000636,2,Rak Baju & Lemari Pakaian,000005558
CURRENT_TIMESTAMP,CURRENT_TIMESTAMP,200005716,200005558,2,Gantungan Valet Pakaian,000005716
CURRENT_TIMESTAMP,CURRENT_TIMESTAMP,200007514,200005558,2,Kotak Topi,000007514
CURRENT_TIMESTAMP,CURRENT_TIMESTAMP,200000631,200005558,2,Penggantung Pakaian,000000631
CURRENT_TIMESTAMP,CURRENT_TIMESTAMP,200005559,200005558,2,Rak Sepatu,000005559
CURRENT_TIMESTAMP,CURRENT_TIMESTAMP,200005714,200005558,2,Unit Penataan dalam Lemari & Rak Baju,000005714
CURRENT_TIMESTAMP,CURRENT_TIMESTAMP,200003722,200005558,2,Valet Pengisian Daya,000003722
CURRENT_TIMESTAMP,CURRENT_TIMESTAMP,200008058,200000636,2,Sekat Pemisah Laci Rumah Tangga,000008058
CURRENT_TIMESTAMP,CURRENT_TIMESTAMP,200003561,200000636,2,Tas Penyimpanan Rumah Tangga,000003561
CURRENT_TIMESTAMP,CURRENT_TIMESTAMP,200006986,200000636,2,Wadah Penyimpanan Barang Rumah Tangga,000006986
CURRENT_TIMESTAMP,CURRENT_TIMESTAMP,200000628,200000630,2,Perawatan & Peralatan Sepatu,000000628
CURRENT_TIMESTAMP,CURRENT_TIMESTAMP,200002431,200000628,2,Cetakan & Pembentuk Sepatu,000002431
CURRENT_TIMESTAMP,CURRENT_TIMESTAMP,200005600,200000628,2,Kait Pembantu Memasang Sepatu Bot,000005600
CURRENT_TIMESTAMP,CURRENT_TIMESTAMP,200001659,200000628,2,Pemoles & Pengkilap Sepatu,000001659
CURRENT_TIMESTAMP,CURRENT_TIMESTAMP,200008032,200000628,2,Pemoles Sepatu,000008032
CURRENT_TIMESTAMP,CURRENT_TIMESTAMP,200002371,200000628,2,Pengering Sepatu,000002371
CURRENT_TIMESTAMP,CURRENT_TIMESTAMP,200008033,200000628,2,Peralatan Perawatan Sepatu,000008033
CURRENT_TIMESTAMP,CURRENT_TIMESTAMP,200005604,200000628,2,Perawatan & Pewarna Sepatu,000005604
CURRENT_TIMESTAMP,CURRENT_TIMESTAMP,200008031,200000628,2,Scraper Sepatu,000008031
CURRENT_TIMESTAMP,CURRENT_TIMESTAMP,200005601,200000628,2,Sendok Sepatu & Alat Bantu Berpakaian,000005601
CURRENT_TIMESTAMP,CURRENT_TIMESTAMP,200001874,200000628,2,Sikat Sepatu,000001874
CURRENT_TIMESTAMP,CURRENT_TIMESTAMP,200002301,200000628,2,Tas Sepatu,000002301
CURRENT_TIMESTAMP,CURRENT_TIMESTAMP,200000627,200000630,2,Perlengkapan Mencuci Baju,000000627
CURRENT_TIMESTAMP,CURRENT_TIMESTAMP,200499937,200000627,2,Alas Setrika,000499937
CURRENT_TIMESTAMP,CURRENT_TIMESTAMP,200499931,200000627,2,Bagian Pengganti Meja Setrika,000499931
CURRENT_TIMESTAMP,CURRENT_TIMESTAMP,200004656,200000627,2,Bantalan & Tutup Papan Setrika,000004656
CURRENT_TIMESTAMP,CURRENT_TIMESTAMP,200005084,200000627,2,Bola Mesin Cuci,000005084
CURRENT_TIMESTAMP,CURRENT_TIMESTAMP,200002754,200000627,2,Deterjen Cuci,000002754
CURRENT_TIMESTAMP,CURRENT_TIMESTAMP,200005704,200000627,2,Jepit Pakaian,000005704
CURRENT_TIMESTAMP,CURRENT_TIMESTAMP,200000634,200000627,2,Keranjang Cucian,000000634
CURRENT_TIMESTAMP,CURRENT_TIMESTAMP,200000633,200000627,2,Papan Setrika,000000633
CURRENT_TIMESTAMP,CURRENT_TIMESTAMP,200002794,200000627,2,Pelembut Kain,000002794
CURRENT_TIMESTAMP,CURRENT_TIMESTAMP,200007457,200000627,2,Pelindung Kain dari Keringat,000007457
CURRENT_TIMESTAMP,CURRENT_TIMESTAMP,200004982,200000627,2,Pemutih Pakaian,000004982
CURRENT_TIMESTAMP,CURRENT_TIMESTAMP,200005705,200000627,2,Pencukur Kain,000005705
CURRENT_TIMESTAMP,CURRENT_TIMESTAMP,200006240,200000627,2,Pengharum Kain,000006240
CURRENT_TIMESTAMP,CURRENT_TIMESTAMP,200004657,200000627,2,Penghilang Noda Kain,000004657
CURRENT_TIMESTAMP,CURRENT_TIMESTAMP,200007320,200000627,2,Perlengkapan Cuci Kering,000007320
CURRENT_TIMESTAMP,CURRENT_TIMESTAMP,200006387,200000627,2,Produk Penghalus Kain,000006387
CURRENT_TIMESTAMP,CURRENT_TIMESTAMP,200002677,200000627,2,Rak & Gantungan Pengering,000002677
CURRENT_TIMESTAMP,CURRENT_TIMESTAMP,200003080,200000627,2,Rol Pembersih Baju,000003080
CURRENT_TIMESTAMP,CURRENT_TIMESTAMP,200007502,200000627,2,Semprotan Anti Kerut & Anti Listrik Statik,000007502
CURRENT_TIMESTAMP,CURRENT_TIMESTAMP,200005085,200000627,2,Tas & Wadah Cucian,000005085
CURRENT_TIMESTAMP,CURRENT_TIMESTAMP,200000623,200000630,2,Perlengkapan Pembersih Rumah,000000623
CURRENT_TIMESTAMP,CURRENT_TIMESTAMP,200002713,200000623,2,Alat Pel,000002713
CURRENT_TIMESTAMP,CURRENT_TIMESTAMP,200006437,200000623,2,Ember,000006437
CURRENT_TIMESTAMP,CURRENT_TIMESTAMP,200004671,200000623,2,Gagang Sapu & Pel,000004671
CURRENT_TIMESTAMP,CURRENT_TIMESTAMP,200002250,200000623,2,Kemoceng,000002250
CURRENT_TIMESTAMP,CURRENT_TIMESTAMP,200499767,200000623,2,Kepala & Isi Ulang Sikat Gosok,000499767
CURRENT_TIMESTAMP,CURRENT_TIMESTAMP,200006263,200000623,2,Kepala Kemoceng & Pengganti,000006263
CURRENT_TIMESTAMP,CURRENT_TIMESTAMP,200006264,200000623,2,Kepala Pel & Pengganti,000006264
CURRENT_TIMESTAMP,CURRENT_TIMESTAMP,200499892,200000623,2,Kepala Sapu,000499892
CURRENT_TIMESTAMP,CURRENT_TIMESTAMP,200008071,200000623,2,Lap Toko & Kain Pembersih Serbaguna,000008071
CURRENT_TIMESTAMP,CURRENT_TIMESTAMP,200004677,200000623,2,Mesin Penyapu Karpet,000004677
CURRENT_TIMESTAMP,CURRENT_TIMESTAMP,200006419,200000623,2,Pelindung Kain,000006419
CURRENT_TIMESTAMP,CURRENT_TIMESTAMP,200004515,200000623,2,Pengki,000004515
CURRENT_TIMESTAMP,CURRENT_TIMESTAMP,200004973,200000623,2,Produk Pembersih Rumah Tangga,000004973
CURRENT_TIMESTAMP,CURRENT_TIMESTAMP,200007552,200004973,2,Cairan Pembilas,000007552
CURRENT_TIMESTAMP,CURRENT_TIMESTAMP,200004975,200004973,2,Deterjen & Sabun Cuci Piring,000004975
CURRENT_TIMESTAMP,CURRENT_TIMESTAMP,200006474,200004973,2,Disinfektan Rumah Tangga,000006474
CURRENT_TIMESTAMP,CURRENT_TIMESTAMP,200005825,200004973,2,Pembersih & Pengkilap Perabotan,000005825
CURRENT_TIMESTAMP,CURRENT_TIMESTAMP,200007426,200004973,2,Pembersih & Pengkilat Baja Tahan Karat,000007426
CURRENT_TIMESTAMP,CURRENT_TIMESTAMP,200004981,200004973,2,Pembersih Bak & Ubin,000004981
CURRENT_TIMESTAMP,CURRENT_TIMESTAMP,200004976,200004973,2,Pembersih Kaca & Permukaan,000004976
CURRENT_TIMESTAMP,CURRENT_TIMESTAMP,200008043,200004973,2,Pembersih Kain & Pelapis Perabot,000008043
CURRENT_TIMESTAMP,CURRENT_TIMESTAMP,200004974,200004973,2,Pembersih Karpet,000004974
CURRENT_TIMESTAMP,CURRENT_TIMESTAMP,200004977,200004973,2,Pembersih Lantai,000004977
CURRENT_TIMESTAMP,CURRENT_TIMESTAMP,200004980,200004973,2,Pembersih Mangkuk Toilet,000004980
CURRENT_TIMESTAMP,CURRENT_TIMESTAMP,200007462,200004973,2,Pembersih Mesin Cuci,000007462
CURRENT_TIMESTAMP,CURRENT_TIMESTAMP,200007510,200004973,2,Pembersih Mesin Pencuci Piring,000007510
CURRENT_TIMESTAMP,CURRENT_TIMESTAMP,200004978,200004973,2,Pembersih Oven & Panggangan,000004978
CURRENT_TIMESTAMP,CURRENT_TIMESTAMP,200007330,200004973,2,Pembersih Serbaguna,000007330
CURRENT_TIMESTAMP,CURRENT_TIMESTAMP,200004979,200004973,2,Penghilang Bau & Noda Binatang Peliharaan,000004979
CURRENT_TIMESTAMP,CURRENT_TIMESTAMP,200500065,200004973,2,Penghilang Kerak & Kapur,000500065
CURRENT_TIMESTAMP,CURRENT_TIMESTAMP,200002857,200000623,2,Sapu,000002857
CURRENT_TIMESTAMP,CURRENT_TIMESTAMP,200005113,200000623,2,Sarung Tangan Karet,000005113
CURRENT_TIMESTAMP,CURRENT_TIMESTAMP,200004670,200000623,2,Sikat Gosok,000004670
CURRENT_TIMESTAMP,CURRENT_TIMESTAMP,200002796,200000623,2,Spons & Kain Gosok,000002796
CURRENT_TIMESTAMP,CURRENT_TIMESTAMP,200002610,200000623,2,Squeegee,000002610
CURRENT_TIMESTAMP,CURRENT_TIMESTAMP,200002530,200000630,2,Produk Kertas Rumah Tangga,000002530
CURRENT_TIMESTAMP,CURRENT_TIMESTAMP,200003846,200002530,2,Serbet Kertas,000003846
CURRENT_TIMESTAMP,CURRENT_TIMESTAMP,200002742,200002530,2,Tisu Kertas,000002742
CURRENT_TIMESTAMP,CURRENT_TIMESTAMP,200000629,200002530,2,Tisu Toilet,000000629
CURRENT_TIMESTAMP,CURRENT_TIMESTAMP,200000624,200002530,2,Tisu Wajah,000000624
CURRENT_TIMESTAMP,CURRENT_TIMESTAMP,200003355,200000630,2,Termometer Rumah Tangga,000003355
CURRENT_TIMESTAMP,CURRENT_TIMESTAMP,200004516,200000630,2,Wadah Sampah,000004516
CURRENT_TIMESTAMP,CURRENT_TIMESTAMP,200500039,200004516,2,Tempat Sampah,000500039
CURRENT_TIMESTAMP,CURRENT_TIMESTAMP,200005143,200004516,2,Tempat Sampah Bahan Berbahaya,000005143
CURRENT_TIMESTAMP,CURRENT_TIMESTAMP,200000637,200004516,2,Tong & Keranjang Sampah,000000637
CURRENT_TIMESTAMP,CURRENT_TIMESTAMP,200004517,200004516,2,Wadah Daur Ulang,000004517
CURRENT_TIMESTAMP,CURRENT_TIMESTAMP,200004171,200000536,2,Selimut & Seprai,000004171
CURRENT_TIMESTAMP,CURRENT_TIMESTAMP,200004077,200004171,2,Handuk,000004077
CURRENT_TIMESTAMP,CURRENT_TIMESTAMP,200000576,200004077,2,Handuk Mandi & Waslap,000000576
CURRENT_TIMESTAMP,CURRENT_TIMESTAMP,200004126,200004077,2,Handuk Pantai,000004126
CURRENT_TIMESTAMP,CURRENT_TIMESTAMP,200004257,200004077,2,Lap Dapur,000004257
CURRENT_TIMESTAMP,CURRENT_TIMESTAMP,200000601,200004171,2,Linen Meja,000000601
CURRENT_TIMESTAMP,CURRENT_TIMESTAMP,200004343,200000601,2,Doily,000004343
CURRENT_TIMESTAMP,CURRENT_TIMESTAMP,200004203,200000601,2,Kain Serbet,000004203
CURRENT_TIMESTAMP,CURRENT_TIMESTAMP,200002547,200000601,2,Pelapis Taplak Meja,000002547
CURRENT_TIMESTAMP,CURRENT_TIMESTAMP,200004143,200000601,2,Taplak Meja,000004143
CURRENT_TIMESTAMP,CURRENT_TIMESTAMP,200006325,200000601,2,Taplak Meja Panjang,000006325
CURRENT_TIMESTAMP,CURRENT_TIMESTAMP,200006322,200000601,2,Taplak Penutup Kaki Meja,000006322
CURRENT_TIMESTAMP,CURRENT_TIMESTAMP,200505832,200004171,2,Perlengkapan Kain Masak,000505832
CURRENT_TIMESTAMP,CURRENT_TIMESTAMP,200000569,200004171,2,Perlengkapan Tempat Tidur,000000569
CURRENT_TIMESTAMP,CURRENT_TIMESTAMP,200001599,200000569,2,Alas Tidur,000001599
CURRENT_TIMESTAMP,CURRENT_TIMESTAMP,200002700,200000569,2,Bantal,000002700
CURRENT_TIMESTAMP,CURRENT_TIMESTAMP,200002541,200000569,2,Duvet Cover,000002541
CURRENT_TIMESTAMP,CURRENT_TIMESTAMP,200002974,200000569,2,Kain Penutup Pinggir Kasur,000002974
CURRENT_TIMESTAMP,CURRENT_TIMESTAMP,200505803,200000569,2,Kanopi Tempat Tidur,000505803
CURRENT_TIMESTAMP,CURRENT_TIMESTAMP,200004452,200000569,2,Pelindung Kasur,000004452
CURRENT_TIMESTAMP,CURRENT_TIMESTAMP,200002991,200004452,2,Pelapis Kasur,000002991
CURRENT_TIMESTAMP,CURRENT_TIMESTAMP,200004420,200004452,2,Sarung Kasur,000004420
CURRENT_TIMESTAMP,CURRENT_TIMESTAMP,200002927,200000569,2,Sarung Bantal Tidur & Hiasan,000002927
CURRENT_TIMESTAMP,CURRENT_TIMESTAMP,200001985,200000569,2,Selimut,000001985
CURRENT_TIMESTAMP,CURRENT_TIMESTAMP,200505287,200000569,2,Selimut & Selimut Desain Hias,000505287
CURRENT_TIMESTAMP,CURRENT_TIMESTAMP,200002314,200000569,2,Sprei Kasur,000002314
CURRENT_TIMESTAMP,CURRENT_TIMESTAMP,200000985,200000536,2,Tanaman,000000985
CURRENT_TIMESTAMP,CURRENT_TIMESTAMP,200002802,200000985,2,Benih Tanaman,000002802
CURRENT_TIMESTAMP,CURRENT_TIMESTAMP,200000984,200000985,2,Bunga,000000984
CURRENT_TIMESTAMP,CURRENT_TIMESTAMP,200505285,200000985,2,Perlengkapan Menanam Tanaman & Herba,000505285
CURRENT_TIMESTAMP,CURRENT_TIMESTAMP,200001684,200000985,2,Pohon,000001684
CURRENT_TIMESTAMP,CURRENT_TIMESTAMP,200005590,200000985,2,Tanaman Air,000005590
CURRENT_TIMESTAMP,CURRENT_TIMESTAMP,200006762,200000985,2,Tanaman Dalam & Luar Ruangan,000006762
CURRENT_TIMESTAMP,CURRENT_TIMESTAMP,200006173,200000536,2,Tas & Wadah Payung,000006173
CURRENT_TIMESTAMP,CURRENT_TIMESTAMP,200002639,200000536,2,Tungku Kayu,000002639
CURRENT_TIMESTAMP,CURRENT_TIMESTAMP,200000008,null,2,Seni & Hiburan,000000008
CURRENT_TIMESTAMP,CURRENT_TIMESTAMP,200005710,200000008,2,Hobi & Seni Kreatif,000005710
CURRENT_TIMESTAMP,CURRENT_TIMESTAMP,200000055,200005710,2,Aksesori Alat Musik & Orkestra,000000055
CURRENT_TIMESTAMP,CURRENT_TIMESTAMP,200000061,200000055,2,Aksesori Alat Musik Dawai,000000061
CURRENT_TIMESTAMP,CURRENT_TIMESTAMP,200503033,200000061,2,Aksesori Alat Musik Dawai Orkestra,000503033
CURRENT_TIMESTAMP,CURRENT_TIMESTAMP,200503035,200503033,2,Dudukan Alat Musik Dawai Orkestra,000503035
CURRENT_TIMESTAMP,CURRENT_TIMESTAMP,200503038,200503033,2,Fitting & Komponen Alat Musik Dawai Orkestra,000503038
CURRENT_TIMESTAMP,CURRENT_TIMESTAMP,200503040,200503033,2,Penggesek Alat Musik Dawai Orkestra,000503040
CURRENT_TIMESTAMP,CURRENT_TIMESTAMP,200503037,200503033,2,Peredam Alat Musik Dawai Orkestra,000503037
CURRENT_TIMESTAMP,CURRENT_TIMESTAMP,200503036,200503033,2,Pickup Alat Musik Dawai Orkestra,000503036
CURRENT_TIMESTAMP,CURRENT_TIMESTAMP,200503034,200503033,2,Tali Dawai Alat Musik Dawai Orkestra,000503034
CURRENT_TIMESTAMP,CURRENT_TIMESTAMP,200503039,200503033,2,Tas Alat Musik Dawai Orkestra,000503039
CURRENT_TIMESTAMP,CURRENT_TIMESTAMP,200008209,200503033,2,Tas Penggesek Alat Musik Orkestra Berdawai,000008209
CURRENT_TIMESTAMP,CURRENT_TIMESTAMP,200003502,200000061,2,Aksesori Gitar,000003502
CURRENT_TIMESTAMP,CURRENT_TIMESTAMP,200005367,200003502,2,Capo,000005367
CURRENT_TIMESTAMP,CURRENT_TIMESTAMP,200003646,200003502,2,Dudukan Gitar,000003646
CURRENT_TIMESTAMP,CURRENT_TIMESTAMP,200503032,200003502,2,Fitting & Komponen Gitar,000503032
CURRENT_TIMESTAMP,CURRENT_TIMESTAMP,200003882,200003502,2,Kotak & Tas Gitar,000003882
CURRENT_TIMESTAMP,CURRENT_TIMESTAMP,200003392,200003502,2,Pelembab Gitar,000003392
CURRENT_TIMESTAMP,CURRENT_TIMESTAMP,200503721,200003502,2,Penggulung Senar Gitar,000503721
CURRENT_TIMESTAMP,CURRENT_TIMESTAMP,200004111,200003502,2,Pick Gitar,000004111
CURRENT_TIMESTAMP,CURRENT_TIMESTAMP,200003775,200003502,2,Pickup Gitar Akustik,000003775
CURRENT_TIMESTAMP,CURRENT_TIMESTAMP,200003412,200003502,2,Pickup Gitar Elektrik,000003412
CURRENT_TIMESTAMP,CURRENT_TIMESTAMP,200003178,200003502,2,Senar Gitar,000003178
CURRENT_TIMESTAMP,CURRENT_TIMESTAMP,200005368,200003502,2,Slide Gitar,000005368
CURRENT_TIMESTAMP,CURRENT_TIMESTAMP,200499688,200003502,2,Strap Gitar,000499688
CURRENT_TIMESTAMP,CURRENT_TIMESTAMP,200003176,200003502,2,Tuning Peg Gitar,000003176
CURRENT_TIMESTAMP,CURRENT_TIMESTAMP,200004806,200000061,2,Perawatan & Pembersihan Alat Musik Berdawai,000004806
CURRENT_TIMESTAMP,CURRENT_TIMESTAMP,200004911,200004806,2,Kain Pembersih Alat Musik Berdawai,000004911
CURRENT_TIMESTAMP,CURRENT_TIMESTAMP,200004912,200004806,2,Pengkilap Alat Musik Berdawai,000004912
CURRENT_TIMESTAMP,CURRENT_TIMESTAMP,200003374,200004806,2,Rosin Busur,000003374
CURRENT_TIMESTAMP,CURRENT_TIMESTAMP,200000062,200000055,2,Aksesori Alat Musik Tiup Kayu,000000062
CURRENT_TIMESTAMP,CURRENT_TIMESTAMP,200004790,200000062,2,Aksesori Fagot,000004790
CURRENT_TIMESTAMP,CURRENT_TIMESTAMP,200004811,200004790,2,Komponen Bassoon,000004811
CURRENT_TIMESTAMP,CURRENT_TIMESTAMP,200004816,200004811,2,Bocal Bassoon,000004816
CURRENT_TIMESTAMP,CURRENT_TIMESTAMP,200004817,200004811,2,Komponen Kecil Bassoon,000004817
CURRENT_TIMESTAMP,CURRENT_TIMESTAMP,200004810,200004790,2,Kotak & Tas Bassoon,000004810
CURRENT_TIMESTAMP,CURRENT_TIMESTAMP,200004812,200004790,2,Lidah Getar Bassoon,000004812
CURRENT_TIMESTAMP,CURRENT_TIMESTAMP,200004813,200004790,2,Penyangga Bassoon,000004813
CURRENT_TIMESTAMP,CURRENT_TIMESTAMP,200004809,200004790,2,Perawatan & Pembersihan Bassoon,000004809
CURRENT_TIMESTAMP,CURRENT_TIMESTAMP,200004815,200004809,2,Kain Lap Bassoon,000004815
CURRENT_TIMESTAMP,CURRENT_TIMESTAMP,200004814,200004790,2,Tali & Sandaran Bassoon,000004814
CURRENT_TIMESTAMP,CURRENT_TIMESTAMP,200004955,200000062,2,Aksesori Harmonika,000004955
CURRENT_TIMESTAMP,CURRENT_TIMESTAMP,200004956,200004955,2,Kotak Harmonika,000004956
CURRENT_TIMESTAMP,CURRENT_TIMESTAMP,200005046,200004955,2,Pegangan Harmonika,000005046
CURRENT_TIMESTAMP,CURRENT_TIMESTAMP,200004791,200000062,2,Aksesori Klarinet,000004791
CURRENT_TIMESTAMP,CURRENT_TIMESTAMP,200004822,200004791,2,Komponen Klarinet,000004822
CURRENT_TIMESTAMP,CURRENT_TIMESTAMP,200004829,200004822,2,Barel Klarinet,000004829
CURRENT_TIMESTAMP,CURRENT_TIMESTAMP,200004830,200004822,2,Bel Klarinet,000004830
CURRENT_TIMESTAMP,CURRENT_TIMESTAMP,200004832,200004822,2,Komponen Kecil Klarinet,000004832
CURRENT_TIMESTAMP,CURRENT_TIMESTAMP,200004831,200004822,2,Mouthpiece Klarinet,000004831
CURRENT_TIMESTAMP,CURRENT_TIMESTAMP,200004819,200004791,2,Kotak & Tas Klarinet,000004819
CURRENT_TIMESTAMP,CURRENT_TIMESTAMP,200004824,200004791,2,Lidah Getar Klarinet,000004824
CURRENT_TIMESTAMP,CURRENT_TIMESTAMP,200004820,200004791,2,Ligatur & Tutup Klarinet,000004820
CURRENT_TIMESTAMP,CURRENT_TIMESTAMP,200004823,200004791,2,Penyangga & Dudukan Klarinet,000004823
CURRENT_TIMESTAMP,CURRENT_TIMESTAMP,200004818,200004791,2,Perawatan & Pembersihan Klarinet,000004818
CURRENT_TIMESTAMP,CURRENT_TIMESTAMP,200004828,200004818,2,Kain Lap Klarinet,000004828
CURRENT_TIMESTAMP,CURRENT_TIMESTAMP,200004826,200004818,2,Peralatan Perawatan Klarinet,000004826
CURRENT_TIMESTAMP,CURRENT_TIMESTAMP,200004827,200004818,2,Sikat Bulu Pembersih Lubang Klarinet,000004827
CURRENT_TIMESTAMP,CURRENT_TIMESTAMP,200004825,200004791,2,Tali & Sandaran Klarinet,000004825
CURRENT_TIMESTAMP,CURRENT_TIMESTAMP,200004793,200000062,2,Aksesori Oboe & Terompet Inggris,000004793
CURRENT_TIMESTAMP,CURRENT_TIMESTAMP,200004845,200004793,2,Komponen Oboe,000004845
CURRENT_TIMESTAMP,CURRENT_TIMESTAMP,200004851,200004845,2,Komponen Kecil Oboe,000004851
CURRENT_TIMESTAMP,CURRENT_TIMESTAMP,200004844,200004793,2,Kotak & Tas Oboe,000004844
CURRENT_TIMESTAMP,CURRENT_TIMESTAMP,200004847,200004793,2,Lidah Getar Oboe,000004847
CURRENT_TIMESTAMP,CURRENT_TIMESTAMP,200004846,200004793,2,Penyangga & Dudukan Oboe,000004846
CURRENT_TIMESTAMP,CURRENT_TIMESTAMP,200004843,200004793,2,Perawatan & Pembersihan Oboe,000004843
CURRENT_TIMESTAMP,CURRENT_TIMESTAMP,200004850,200004843,2,Kain Lap Oboe,000004850
CURRENT_TIMESTAMP,CURRENT_TIMESTAMP,200004849,200004843,2,Peralatan Perawatan Oboe,000004849
CURRENT_TIMESTAMP,CURRENT_TIMESTAMP,200004848,200004793,2,Tali & Sandaran Oboe,000004848
CURRENT_TIMESTAMP,CURRENT_TIMESTAMP,200503747,200000062,2,Aksesori Perekam,000503747
CURRENT_TIMESTAMP,CURRENT_TIMESTAMP,200503749,200503747,2,Perawatan & Pembersihan Perekam,000503749
CURRENT_TIMESTAMP,CURRENT_TIMESTAMP,200503750,200503747,2,Suku Cadang Perekam,000503750
CURRENT_TIMESTAMP,CURRENT_TIMESTAMP,200503748,200503747,2,Tas Rekorder,000503748
CURRENT_TIMESTAMP,CURRENT_TIMESTAMP,200004794,200000062,2,Aksesori Saksofon,000004794
CURRENT_TIMESTAMP,CURRENT_TIMESTAMP,200004856,200004794,2,Komponen Saksofon,000004856
CURRENT_TIMESTAMP,CURRENT_TIMESTAMP,200004865,200004856,2,Komponen Kecil Saksofon,000004865
CURRENT_TIMESTAMP,CURRENT_TIMESTAMP,200004864,200004856,2,Leher Saksofon,000004864
CURRENT_TIMESTAMP,CURRENT_TIMESTAMP,200004863,200004856,2,Mouthpiece Saksofon,000004863
CURRENT_TIMESTAMP,CURRENT_TIMESTAMP,200004853,200004794,2,Kotak & Tas Saksofon,000004853
CURRENT_TIMESTAMP,CURRENT_TIMESTAMP,200004858,200004794,2,Lidah Getar Saksofon,000004858
CURRENT_TIMESTAMP,CURRENT_TIMESTAMP,200004854,200004794,2,Ligatur & Tutup Saksofon,000004854
CURRENT_TIMESTAMP,CURRENT_TIMESTAMP,200004857,200004794,2,Peg & Penyangga Saksofon,000004857
CURRENT_TIMESTAMP,CURRENT_TIMESTAMP,200004852,200004794,2,Perawatan & Pembersihan Saksofon,000004852
CURRENT_TIMESTAMP,CURRENT_TIMESTAMP,200004862,200004852,2,Kain Lap Saksofon,000004862
CURRENT_TIMESTAMP,CURRENT_TIMESTAMP,200004860,200004852,2,Peralatan Perawatan Saksofon,000004860
CURRENT_TIMESTAMP,CURRENT_TIMESTAMP,200004861,200004852,2,Sikat Bulu Pembersih Lubang Saksofon,000004861
CURRENT_TIMESTAMP,CURRENT_TIMESTAMP,200004859,200004794,2,Tali & Sandaran Saksofon,000004859
CURRENT_TIMESTAMP,CURRENT_TIMESTAMP,200004792,200000062,2,Aksesori Seruling,000004792
CURRENT_TIMESTAMP,CURRENT_TIMESTAMP,200004836,200004792,2,Komponen Seruling,000004836
CURRENT_TIMESTAMP,CURRENT_TIMESTAMP,200004841,200004836,2,Kepala Seruling,000004841
CURRENT_TIMESTAMP,CURRENT_TIMESTAMP,200004842,200004836,2,Komponen Kecil Seruling,000004842
CURRENT_TIMESTAMP,CURRENT_TIMESTAMP,200004834,200004792,2,Kotak & Tas Seruling,000004834
CURRENT_TIMESTAMP,CURRENT_TIMESTAMP,200004837,200004792,2,Penyangga & Dudukan Seruling,000004837
CURRENT_TIMESTAMP,CURRENT_TIMESTAMP,200004833,200004792,2,Perawatan & Pembersihan Seruling,000004833
CURRENT_TIMESTAMP,CURRENT_TIMESTAMP,200004839,200004833,2,Batang Pembersih Seruling,000004839
CURRENT_TIMESTAMP,CURRENT_TIMESTAMP,200004840,200004833,2,Kain Lap Seruling,000004840
CURRENT_TIMESTAMP,CURRENT_TIMESTAMP,200004838,200004833,2,Peralatan Perawatan Seruling,000004838
CURRENT_TIMESTAMP,CURRENT_TIMESTAMP,200004867,200000062,2,Kain Gosok Alat Musik Tiup Kayu,000004867
CURRENT_TIMESTAMP,CURRENT_TIMESTAMP,200004957,200000062,2,Kotak Lidah Getar Alat Musik Tiup Kayu,000004957
CURRENT_TIMESTAMP,CURRENT_TIMESTAMP,200004866,200000062,2,Pelicin Cork Alat Musik Tiup Kayu,000004866
CURRENT_TIMESTAMP,CURRENT_TIMESTAMP,200004939,200000062,2,Pisau Lidah Getar Alat Musik Tiup Kayu,000004939
CURRENT_TIMESTAMP,CURRENT_TIMESTAMP,200000057,200000055,2,Aksesori Alat Musik Tiup Logam,000000057
CURRENT_TIMESTAMP,CURRENT_TIMESTAMP,200505308,200000057,2,Mouthpiece Alat Musik Tiup Logam,000505308
CURRENT_TIMESTAMP,CURRENT_TIMESTAMP,200004797,200000057,2,Perawatan & Pembersihan Alat Musik Tiup Logam,000004797
CURRENT_TIMESTAMP,CURRENT_TIMESTAMP,200004890,200004797,2,Alat Pembersih Alat Musik Tiup Logam,000004890
CURRENT_TIMESTAMP,CURRENT_TIMESTAMP,200004895,200004797,2,Kain Gosok Alat Musik Tiup Logam,000004895
CURRENT_TIMESTAMP,CURRENT_TIMESTAMP,200004893,200004797,2,Pelindung Alat Musik Tiup Logam,000004893
CURRENT_TIMESTAMP,CURRENT_TIMESTAMP,200004894,200004797,2,Pelumas Alat Musik Tiup Logam,000004894
CURRENT_TIMESTAMP,CURRENT_TIMESTAMP,200004892,200004797,2,Pembersih & Pensanitasi Alat Musik Tiup Logam,000004892
CURRENT_TIMESTAMP,CURRENT_TIMESTAMP,200004891,200004797,2,Peralatan Perawatan Alat Musik Tiup Logam,000004891
CURRENT_TIMESTAMP,CURRENT_TIMESTAMP,200505768,200000057,2,Peredam Alat Musik Tiup Logam,000505768
CURRENT_TIMESTAMP,CURRENT_TIMESTAMP,200505309,200000057,2,Sabuk & Penyangga Alat Musik Tiup Logam,000505309
CURRENT_TIMESTAMP,CURRENT_TIMESTAMP,200004798,200000057,2,Suku Cadang Pengganti Alat Musik Tiup Logam,000004798
CURRENT_TIMESTAMP,CURRENT_TIMESTAMP,200505310,200000057,2,Tas & Kotak Alat Musik Tiup Logam,000505310
CURRENT_TIMESTAMP,CURRENT_TIMESTAMP,200008072,200000055,2,Aksesori Amplifier Alat Musik,000008072
CURRENT_TIMESTAMP,CURRENT_TIMESTAMP,200008462,200008072,2,Kenop Amplifier Alat Musik,000008462
CURRENT_TIMESTAMP,CURRENT_TIMESTAMP,200006970,200008072,2,Kotak Amplifier Alat Musik,000006970
CURRENT_TIMESTAMP,CURRENT_TIMESTAMP,200007364,200008072,2,Penyangga Amplifier Instrumen Musik,000007364
CURRENT_TIMESTAMP,CURRENT_TIMESTAMP,200008073,200008072,2,Saklar Injak Amplifier Alat Musik,000008073
CURRENT_TIMESTAMP,CURRENT_TIMESTAMP,200008461,200008072,2,Tas & Penutup Amplifier Alat Musik,000008461
CURRENT_TIMESTAMP,CURRENT_TIMESTAMP,200008480,200008072,2,Tube Amplifier Alat Musik,000008480
CURRENT_TIMESTAMP,CURRENT_TIMESTAMP,200000060,200000055,2,Aksesori Keyboard Musik,000000060
CURRENT_TIMESTAMP,CURRENT_TIMESTAMP,200003324,200000060,2,Pedal Sustain,000003324
CURRENT_TIMESTAMP,CURRENT_TIMESTAMP,200003588,200000060,2,Penyangga Keyboard Musik,000003588
CURRENT_TIMESTAMP,CURRENT_TIMESTAMP,200007357,200000060,2,Tas & Wadah Keyboard Musik,000007357
CURRENT_TIMESTAMP,CURRENT_TIMESTAMP,200007277,200000055,2,Aksesori Penyangga Alat Musik,000007277
CURRENT_TIMESTAMP,CURRENT_TIMESTAMP,200007280,200007277,2,Lampu Penyangga Alat Musik,000007280
CURRENT_TIMESTAMP,CURRENT_TIMESTAMP,200007278,200007277,2,Penjepit Lembaran Partitur,000007278
CURRENT_TIMESTAMP,CURRENT_TIMESTAMP,200007279,200007277,2,Tas Penyangga Alat Musik,000007279
CURRENT_TIMESTAMP,CURRENT_TIMESTAMP,200003465,200000055,2,Aksesori Perkusi,000003465
CURRENT_TIMESTAMP,CURRENT_TIMESTAMP,200007282,200003465,2,Aksesori Perkusi Tangan,000007282
CURRENT_TIMESTAMP,CURRENT_TIMESTAMP,200007284,200007282,2,Dudukan & Penyangga Perkusi Tangan,000007284
CURRENT_TIMESTAMP,CURRENT_TIMESTAMP,200007283,200007282,2,Tas & Wadah Perkusi Tangan,000007283
CURRENT_TIMESTAMP,CURRENT_TIMESTAMP,200007150,200003465,2,Aksesori Stik & Stik Sikat Drum,000007150
CURRENT_TIMESTAMP,CURRENT_TIMESTAMP,200007151,200007150,2,Tas & Wadah Stik & Stik Sikat Drum,000007151
CURRENT_TIMESTAMP,CURRENT_TIMESTAMP,200007153,200003465,2,Drum Head,000007153
CURRENT_TIMESTAMP,CURRENT_TIMESTAMP,200007152,200003465,2,Kunci Drum,000007152
CURRENT_TIMESTAMP,CURRENT_TIMESTAMP,200004631,200003465,2,Mallet Perkusi,000004631
CURRENT_TIMESTAMP,CURRENT_TIMESTAMP,200007455,200003465,2,Modul Drum Elektrik,000007455
CURRENT_TIMESTAMP,CURRENT_TIMESTAMP,200007308,200003465,2,Penyangga Perkusi,000007308
CURRENT_TIMESTAMP,CURRENT_TIMESTAMP,200007099,200003465,2,Perangkat Drum,000007099
CURRENT_TIMESTAMP,CURRENT_TIMESTAMP,200007101,200007099,2,Pedal Drum,000007101
CURRENT_TIMESTAMP,CURRENT_TIMESTAMP,200007103,200007099,2,Pemukul Drum Bass,000007103
CURRENT_TIMESTAMP,CURRENT_TIMESTAMP,200007102,200007099,2,Perangkat Pemasangan Drum,000007102
CURRENT_TIMESTAMP,CURRENT_TIMESTAMP,200007231,200003465,2,Peredam Simbal & Drum,000007231
CURRENT_TIMESTAMP,CURRENT_TIMESTAMP,200000059,200003465,2,Stik Drum & Stik Berbentuk Sikat,000000059
CURRENT_TIMESTAMP,CURRENT_TIMESTAMP,200007100,200003465,2,Tas Simbal & Drum,000007100
CURRENT_TIMESTAMP,CURRENT_TIMESTAMP,200000056,200000055,2,Amplifier Alat Musik,000000056
CURRENT_TIMESTAMP,CURRENT_TIMESTAMP,200505328,200000055,2,Bangku & Stool Musik,000505328
CURRENT_TIMESTAMP,CURRENT_TIMESTAMP,200500001,200000055,2,Folder & Penjepit Lembaran Musik,000500001
CURRENT_TIMESTAMP,CURRENT_TIMESTAMP,200505365,200000055,2,Metronom,000505365
CURRENT_TIMESTAMP,CURRENT_TIMESTAMP,200004142,200000055,2,Penyangga Partitur,000004142
CURRENT_TIMESTAMP,CURRENT_TIMESTAMP,200505288,200000055,2,Tongkat Dirigen,000505288
CURRENT_TIMESTAMP,CURRENT_TIMESTAMP,200003270,200000055,2,Tuner Alat Musik,000003270
CURRENT_TIMESTAMP,CURRENT_TIMESTAMP,200000054,200005710,2,Alat Musik,000000054
CURRENT_TIMESTAMP,CURRENT_TIMESTAMP,200004983,200000054,2,Akordeon & Concertina,000004983
CURRENT_TIMESTAMP,CURRENT_TIMESTAMP,200000077,200000054,2,Alat Musik Berdawai,000000077
CURRENT_TIMESTAMP,CURRENT_TIMESTAMP,200000078,200000077,2,Bass Betot,000000078
CURRENT_TIMESTAMP,CURRENT_TIMESTAMP,200000086,200000077,2,Biola,000000086
CURRENT_TIMESTAMP,CURRENT_TIMESTAMP,200000079,200000077,2,Cello,000000079
CURRENT_TIMESTAMP,CURRENT_TIMESTAMP,200000080,200000077,2,Gitar,000000080
CURRENT_TIMESTAMP,CURRENT_TIMESTAMP,200000084,200000077,2,Harpa,000000084
CURRENT_TIMESTAMP,CURRENT_TIMESTAMP,200000085,200000077,2,Viola,000000085
CURRENT_TIMESTAMP,CURRENT_TIMESTAMP,200006001,200000054,2,Alat Musik Elektronik,000006001
CURRENT_TIMESTAMP,CURRENT_TIMESTAMP,200000074,200006001,2,Alat Musik Keyboard,000000074
CURRENT_TIMESTAMP,CURRENT_TIMESTAMP,200000245,200006001,2,Audio Sampler,000000245
CURRENT_TIMESTAMP,CURRENT_TIMESTAMP,200006002,200006001,2,Pengendali MIDI,000006002
CURRENT_TIMESTAMP,CURRENT_TIMESTAMP,200006003,200006001,2,Synthesizer Suara,000006003
CURRENT_TIMESTAMP,CURRENT_TIMESTAMP,200000087,200000054,2,Alat Musik Tiup Kayu,000000087
CURRENT_TIMESTAMP,CURRENT_TIMESTAMP,200007250,200000087,2,Aneka Seruling,000007250
CURRENT_TIMESTAMP,CURRENT_TIMESTAMP,200004540,200000087,2,Bassoon,000004540
CURRENT_TIMESTAMP,CURRENT_TIMESTAMP,200007188,200000087,2,Flutophone,000007188
CURRENT_TIMESTAMP,CURRENT_TIMESTAMP,200004743,200000087,2,Harmonika,000004743
CURRENT_TIMESTAMP,CURRENT_TIMESTAMP,200000088,200000087,2,Klarinet,000000088
CURRENT_TIMESTAMP,CURRENT_TIMESTAMP,200005481,200000087,2,Melodika,000005481
CURRENT_TIMESTAMP,CURRENT_TIMESTAMP,200004541,200000087,2,Oboe & Terompet Inggris,000004541
CURRENT_TIMESTAMP,CURRENT_TIMESTAMP,200007249,200000087,2,Okarina,000007249
CURRENT_TIMESTAMP,CURRENT_TIMESTAMP,200006728,200000087,2,Peluit Kereta,000006728
CURRENT_TIMESTAMP,CURRENT_TIMESTAMP,200000090,200000087,2,Recorder,000000090
CURRENT_TIMESTAMP,CURRENT_TIMESTAMP,200004744,200000087,2,Sagasaga,000004744
CURRENT_TIMESTAMP,CURRENT_TIMESTAMP,200000091,200000087,2,Saksofon,000000091
CURRENT_TIMESTAMP,CURRENT_TIMESTAMP,200000089,200000087,2,Seruling,000000089
CURRENT_TIMESTAMP,CURRENT_TIMESTAMP,200006721,200000087,2,Seruling Logam,000006721
CURRENT_TIMESTAMP,CURRENT_TIMESTAMP,200000063,200000054,2,Alat Musik Tiup Logam,000000063
CURRENT_TIMESTAMP,CURRENT_TIMESTAMP,200505769,200000063,2,Corong Alto & Bariton,000505769
CURRENT_TIMESTAMP,CURRENT_TIMESTAMP,200000065,200000063,2,Eufonium,000000065
CURRENT_TIMESTAMP,CURRENT_TIMESTAMP,200000067,200000063,2,French Horn,000000067
CURRENT_TIMESTAMP,CURRENT_TIMESTAMP,200000070,200000063,2,Trombon,000000070
CURRENT_TIMESTAMP,CURRENT_TIMESTAMP,200505770,200000063,2,Trompet & Trompet Kecil,000505770
CURRENT_TIMESTAMP,CURRENT_TIMESTAMP,200000072,200000063,2,Tuba,000000072
CURRENT_TIMESTAMP,CURRENT_TIMESTAMP,200004984,200000054,2,Bagpipe,000004984
CURRENT_TIMESTAMP,CURRENT_TIMESTAMP,200000075,200000054,2,Perkusi,000000075
CURRENT_TIMESTAMP,CURRENT_TIMESTAMP,200002917,200000075,2,Bass Drum,000002917
CURRENT_TIMESTAMP,CURRENT_TIMESTAMP,200002856,200000075,2,Drum Elektrik,000002856
CURRENT_TIMESTAMP,CURRENT_TIMESTAMP,200007232,200000075,2,Drum Karet,000007232
CURRENT_TIMESTAMP,CURRENT_TIMESTAMP,200007431,200000075,2,Glockenspiel & Xilofon,000007431
CURRENT_TIMESTAMP,CURRENT_TIMESTAMP,200006098,200000075,2,Gong,000006098
CURRENT_TIMESTAMP,CURRENT_TIMESTAMP,200003015,200000075,2,Hi-Hat,000003015
CURRENT_TIMESTAMP,CURRENT_TIMESTAMP,200002518,200000075,2,Peralatan Drum,000002518
CURRENT_TIMESTAMP,CURRENT_TIMESTAMP,200007285,200000075,2,Perkusi Tangan,000007285
CURRENT_TIMESTAMP,CURRENT_TIMESTAMP,200007291,200007285,2,Alat Musik Balok Kayu,000007291
CURRENT_TIMESTAMP,CURRENT_TIMESTAMP,200007287,200007285,2,Alat Musik Goyang,000007287
CURRENT_TIMESTAMP,CURRENT_TIMESTAMP,200007293,200007285,2,Alat Musik Lonceng Sapi,000007293
CURRENT_TIMESTAMP,CURRENT_TIMESTAMP,200007286,200007285,2,Alat Musik Scraper & Ratchet,000007286
CURRENT_TIMESTAMP,CURRENT_TIMESTAMP,200007290,200007285,2,Alat Musik Segitiga,000007290
CURRENT_TIMESTAMP,CURRENT_TIMESTAMP,200007289,200007285,2,Clave & Kastanyet,000007289
CURRENT_TIMESTAMP,CURRENT_TIMESTAMP,200007295,200007285,2,Drum Tangan,000007295
CURRENT_TIMESTAMP,CURRENT_TIMESTAMP,200007298,200007295,2,Bongo,000007298
CURRENT_TIMESTAMP,CURRENT_TIMESTAMP,200007297,200007295,2,Cajon,000007297
CURRENT_TIMESTAMP,CURRENT_TIMESTAMP,200007296,200007295,2,Conga,000007296
CURRENT_TIMESTAMP,CURRENT_TIMESTAMP,200007300,200007295,2,Drum Berbingkai,000007300
CURRENT_TIMESTAMP,CURRENT_TIMESTAMP,200007299,200007295,2,Goblet Drum,000007299
CURRENT_TIMESTAMP,CURRENT_TIMESTAMP,200007302,200007295,2,Tabla,000007302
CURRENT_TIMESTAMP,CURRENT_TIMESTAMP,200007301,200007295,2,Talking Drum,000007301
CURRENT_TIMESTAMP,CURRENT_TIMESTAMP,200007555,200007285,2,Lonceng Genggam,000007555
CURRENT_TIMESTAMP,CURRENT_TIMESTAMP,200007288,200007285,2,Simbal Jari & Tangan,000007288
CURRENT_TIMESTAMP,CURRENT_TIMESTAMP,200002515,200007285,2,Tamborin,000002515
CURRENT_TIMESTAMP,CURRENT_TIMESTAMP,200007294,200007285,2,Vibraslap,000007294
CURRENT_TIMESTAMP,CURRENT_TIMESTAMP,200003043,200000075,2,Simbal,000003043
CURRENT_TIMESTAMP,CURRENT_TIMESTAMP,200002797,200000075,2,Snare Drum,000002797
CURRENT_TIMESTAMP,CURRENT_TIMESTAMP,200003005,200000075,2,Tom-Tom,000003005
CURRENT_TIMESTAMP,CURRENT_TIMESTAMP,200000076,200000054,2,Piano,000000076
CURRENT_TIMESTAMP,CURRENT_TIMESTAMP,200000216,200005710,2,Barang Koleksi,000000216
CURRENT_TIMESTAMP,CURRENT_TIMESTAMP,200006000,200000216,2,Aksesori Model Duplikat Beda Skala,000006000
CURRENT_TIMESTAMP,CURRENT_TIMESTAMP,200000218,200000216,2,Batu & Fosil,000000218
CURRENT_TIMESTAMP,CURRENT_TIMESTAMP,200001312,200000216,2,Cap Segel,000001312
CURRENT_TIMESTAMP,CURRENT_TIMESTAMP,200003893,200000216,2,Iklan Lawas,000003893
CURRENT_TIMESTAMP,CURRENT_TIMESTAMP,200006997,200000216,2,Kartu Langka untuk Koleksi,000006997
CURRENT_TIMESTAMP,CURRENT_TIMESTAMP,200000217,200000216,2,Koin & Uang Koleksi,000000217
CURRENT_TIMESTAMP,CURRENT_TIMESTAMP,200000037,200000216,2,Model Duplikat Beda Skala,000000037
CURRENT_TIMESTAMP,CURRENT_TIMESTAMP,200000219,200000216,2,Perangko,000000219
CURRENT_TIMESTAMP,CURRENT_TIMESTAMP,200000220,200000216,2,Senjata Koleksi,000000220
CURRENT_TIMESTAMP,CURRENT_TIMESTAMP,200000221,200000220,2,Pedang Koleksi,000000221
CURRENT_TIMESTAMP,CURRENT_TIMESTAMP,200001340,200000220,2,Penyangga & Pajangan Pedang,000001340
CURRENT_TIMESTAMP,CURRENT_TIMESTAMP,200005311,200000220,2,Pisau Koleksi,000005311
CURRENT_TIMESTAMP,CURRENT_TIMESTAMP,200499953,200000220,2,Senjata Api Antik & Replika,000499953
CURRENT_TIMESTAMP,CURRENT_TIMESTAMP,200003865,200000216,2,Suvenir Olahraga,000003865
CURRENT_TIMESTAMP,CURRENT_TIMESTAMP,200003515,200003865,2,Aksesori Penggemar Olahraga,000003515
CURRENT_TIMESTAMP,CURRENT_TIMESTAMP,200001051,200003515,2,Aksesori Penggemar Balap Mobil,000001051
CURRENT_TIMESTAMP,CURRENT_TIMESTAMP,200001074,200003515,2,Aksesori Penggemar Baseball & Softball,000001074
CURRENT_TIMESTAMP,CURRENT_TIMESTAMP,200001084,200003515,2,Aksesori Penggemar Bola Basket,000001084
CURRENT_TIMESTAMP,CURRENT_TIMESTAMP,200004006,200003515,2,Aksesori Penggemar Hoki,000004006
CURRENT_TIMESTAMP,CURRENT_TIMESTAMP,200001095,200003515,2,Aksesori Penggemar Sepak Bola Amerika,000001095
CURRENT_TIMESTAMP,CURRENT_TIMESTAMP,200006187,200003515,2,Aksesori Penggemar Tenis,000006187
CURRENT_TIMESTAMP,CURRENT_TIMESTAMP,200003576,200003515,2,Aksesori Suporter Sepakbola,000003576
CURRENT_TIMESTAMP,CURRENT_TIMESTAMP,200004333,200003865,2,Memorabilia Olahraga Bertanda Tangan,000004333
CURRENT_TIMESTAMP,CURRENT_TIMESTAMP,200004180,200004333,2,Memorabilia Balap Mobil Bertanda Tangan,000004180
CURRENT_TIMESTAMP,CURRENT_TIMESTAMP,200004149,200004333,2,Memorabilia Baseball & Softball Bertanda Tangan,000004149
CURRENT_TIMESTAMP,CURRENT_TIMESTAMP,200004279,200004333,2,Memorabilia Basket Bertanda Tangan,000004279
CURRENT_TIMESTAMP,CURRENT_TIMESTAMP,200004144,200004333,2,Memorabilia Hoki Bertanda Tangan,000004144
CURRENT_TIMESTAMP,CURRENT_TIMESTAMP,200006186,200004333,2,Memorabilia Olahraga Tenis Bertanda Tangan,000006186
CURRENT_TIMESTAMP,CURRENT_TIMESTAMP,200004124,200004333,2,Memorabilia Sepak Bola Amerika Bertanda Tangan,000004124
CURRENT_TIMESTAMP,CURRENT_TIMESTAMP,200004093,200004333,2,Memorabilia Sepak Bola Bertanda Tangan,000004093
CURRENT_TIMESTAMP,CURRENT_TIMESTAMP,200008210,200004333,2,Memorabilia Tinju Bertanda Tangan,000008210
CURRENT_TIMESTAMP,CURRENT_TIMESTAMP,200003599,200000216,2,Tanda Tangan,000003599
CURRENT_TIMESTAMP,CURRENT_TIMESTAMP,200000033,200005710,2,Juggling,000000033
CURRENT_TIMESTAMP,CURRENT_TIMESTAMP,200005999,200005710,2,Pembuatan Miniatur,000005999
CURRENT_TIMESTAMP,CURRENT_TIMESTAMP,200005151,200005999,2,Aksesori Miniatur Kereta,000005151
CURRENT_TIMESTAMP,CURRENT_TIMESTAMP,200005150,200005999,2,Miniatur Kereta & Set Kereta,000005150
CURRENT_TIMESTAMP,CURRENT_TIMESTAMP,200003885,200005999,2,Perakitan Miniatur Roket,000003885
CURRENT_TIMESTAMP,CURRENT_TIMESTAMP,200004175,200005999,2,Peralatan Model Duplikat Skala Beda,000004175
CURRENT_TIMESTAMP,CURRENT_TIMESTAMP,200003577,200005710,2,Perlengkapan Homebrewing & Pembuatan Wine,000003577
CURRENT_TIMESTAMP,CURRENT_TIMESTAMP,200003014,200003577,2,Biji-bijian & Malt untuk Membuat Bir,000003014
CURRENT_TIMESTAMP,CURRENT_TIMESTAMP,200502980,200003577,2,Botol Kemasan,000502980
CURRENT_TIMESTAMP,CURRENT_TIMESTAMP,200002579,200003577,2,Pembuatan Wine,000002579
CURRENT_TIMESTAMP,CURRENT_TIMESTAMP,200499891,200003577,2,Peralatan Homebrewing & Pembuatan Wine,000499891
CURRENT_TIMESTAMP,CURRENT_TIMESTAMP,200000016,200005710,2,Seni & Kerajinan,000000016
CURRENT_TIMESTAMP,CURRENT_TIMESTAMP,200504643,200000016,2,Aksesori Perkakas Seni & Kerajinan,000504643
CURRENT_TIMESTAMP,CURRENT_TIMESTAMP,200006136,200504643,2,Aksesori Mesin Pemintal,000006136
CURRENT_TIMESTAMP,CURRENT_TIMESTAMP,200499918,200504643,2,Block Stempel,000499918
CURRENT_TIMESTAMP,CURRENT_TIMESTAMP,200232168,200504643,2,Mata Pisau Kerajinan,000232168
CURRENT_TIMESTAMP,CURRENT_TIMESTAMP,200505286,200504643,2,Meja Tambahan Mesin Jahit,000505286
CURRENT_TIMESTAMP,CURRENT_TIMESTAMP,200005120,200504643,2,Sepatu Mesin Jahit,000005120
CURRENT_TIMESTAMP,CURRENT_TIMESTAMP,200503348,200504643,2,Suku Cadang Pengganti Mesin Jahit,000503348
CURRENT_TIMESTAMP,CURRENT_TIMESTAMP,200004580,200504643,2,Wadah & Tas Mesin Kerajinan,000004580
CURRENT_TIMESTAMP,CURRENT_TIMESTAMP,200505372,200000016,2,Bahan Seni & Kerajinan,000505372
CURRENT_TIMESTAMP,CURRENT_TIMESTAMP,200505380,200505372,2,Aneka Kancing Kerajinan,000505380
CURRENT_TIMESTAMP,CURRENT_TIMESTAMP,200004226,200505380,2,Kancing & Kancing Jepret,000004226
CURRENT_TIMESTAMP,CURRENT_TIMESTAMP,200505409,200505380,2,Mata Lubang & Cincin Lubang,000505409
CURRENT_TIMESTAMP,CURRENT_TIMESTAMP,200500056,200505380,2,Penarik Ritsleting,000500056
CURRENT_TIMESTAMP,CURRENT_TIMESTAMP,200505408,200505380,2,Penjepit & Kait,000505408
CURRENT_TIMESTAMP,CURRENT_TIMESTAMP,200006145,200505380,2,Perekat Velcro,000006145
CURRENT_TIMESTAMP,CURRENT_TIMESTAMP,200004174,200505380,2,Ritsleting,000004174
CURRENT_TIMESTAMP,CURRENT_TIMESTAMP,200006142,200505372,2,Bahan Isian & Bantalan,000006142
CURRENT_TIMESTAMP,CURRENT_TIMESTAMP,200505405,200006142,2,Bantal Tanpa Sarung,000505405
CURRENT_TIMESTAMP,CURRENT_TIMESTAMP,200505407,200006142,2,Bantalan & Isian Bantal,000505407
CURRENT_TIMESTAMP,CURRENT_TIMESTAMP,200505406,200006142,2,Butiran Pengisi Bantal,000505406
CURRENT_TIMESTAMP,CURRENT_TIMESTAMP,200000044,200505372,2,Bahan Tembikar & Pahatan,000000044
CURRENT_TIMESTAMP,CURRENT_TIMESTAMP,200003692,200000044,2,Adonan Lempung & Pemodelan,000003692
CURRENT_TIMESTAMP,CURRENT_TIMESTAMP,200505401,200000044,2,Campuran Papier Mache,000505401
CURRENT_TIMESTAMP,CURRENT_TIMESTAMP,200505804,200000044,2,Perban Gipsum,000505804
CURRENT_TIMESTAMP,CURRENT_TIMESTAMP,200505402,200000044,2,Slip Tembikar,000505402
CURRENT_TIMESTAMP,CURRENT_TIMESTAMP,200505381,200505372,2,Bentuk & Alas Kerajinan,000505381
CURRENT_TIMESTAMP,CURRENT_TIMESTAMP,200504419,200505381,2,Bingkai Rangkaian Daun & Bunga,000504419
CURRENT_TIMESTAMP,CURRENT_TIMESTAMP,200006117,200505381,2,Busa & Styrofoam Kerajinan,000006117
CURRENT_TIMESTAMP,CURRENT_TIMESTAMP,200505404,200505381,2,Kayu & Pola Kerajinan,000505404
CURRENT_TIMESTAMP,CURRENT_TIMESTAMP,200505403,200505381,2,Pola Papier Mache,000505403
CURRENT_TIMESTAMP,CURRENT_TIMESTAMP,200006121,200505372,2,Bubuk Timbul,000006121
CURRENT_TIMESTAMP,CURRENT_TIMESTAMP,200505378,200505372,2,Cat,000505378
CURRENT_TIMESTAMP,CURRENT_TIMESTAMP,200505414,200505378,2,Bantalan Tinta,000505414
CURRENT_TIMESTAMP,CURRENT_TIMESTAMP,200505417,200505378,2,Cat Seni & Kerajinan,000505417
CURRENT_TIMESTAMP,CURRENT_TIMESTAMP,200500094,200505378,2,Fiksatif untuk Benda Seni,000500094
CURRENT_TIMESTAMP,CURRENT_TIMESTAMP,200499879,200505378,2,Lapisan Glaze Keramik & Tembikar,000499879
CURRENT_TIMESTAMP,CURRENT_TIMESTAMP,200006558,200505378,2,Medium Cat,000006558
CURRENT_TIMESTAMP,CURRENT_TIMESTAMP,200505415,200505378,2,Pewarna Kerajinan,000505415
CURRENT_TIMESTAMP,CURRENT_TIMESTAMP,200505416,200505378,2,Tinta Gambar,000505416
CURRENT_TIMESTAMP,CURRENT_TIMESTAMP,200505379,200505372,2,Hiasan & Renda,000505379
CURRENT_TIMESTAMP,CURRENT_TIMESTAMP,200006955,200505379,2,Applique & Hiasan Tambalan,000006955
CURRENT_TIMESTAMP,CURRENT_TIMESTAMP,200000198,200505379,2,Batu Permata,000000198
CURRENT_TIMESTAMP,CURRENT_TIMESTAMP,200005982,200505379,2,Batu Rhinestone & Flatback,000005982
CURRENT_TIMESTAMP,CURRENT_TIMESTAMP,200505413,200505379,2,Bow & Yo-yo,000505413
CURRENT_TIMESTAMP,CURRENT_TIMESTAMP,200505411,200505379,2,Bulu Burung,000505411
CURRENT_TIMESTAMP,CURRENT_TIMESTAMP,200006146,200505379,2,Elastik,000006146
CURRENT_TIMESTAMP,CURRENT_TIMESTAMP,200001927,200505379,2,Label Pakaian,000001927
CURRENT_TIMESTAMP,CURRENT_TIMESTAMP,200000032,200505379,2,Manik-Manik,000000032
CURRENT_TIMESTAMP,CURRENT_TIMESTAMP,200005996,200505379,2,Pernak-pernik Perhiasan,000005996
CURRENT_TIMESTAMP,CURRENT_TIMESTAMP,200505412,200505379,2,Pita & Trim,000505412
CURRENT_TIMESTAMP,CURRENT_TIMESTAMP,200505410,200505379,2,Sequin & Glitter,000505410
CURRENT_TIMESTAMP,CURRENT_TIMESTAMP,200004054,200505379,2,Stiker Hias,000004054
CURRENT_TIMESTAMP,CURRENT_TIMESTAMP,200505377,200505372,2,Kawat Kerajinan,000505377
CURRENT_TIMESTAMP,CURRENT_TIMESTAMP,200505418,200505377,2,Kawat Bunga,000505418
CURRENT_TIMESTAMP,CURRENT_TIMESTAMP,200006102,200505377,2,Kawat Perhiasan & Kerajinan Manik-manik,000006102
CURRENT_TIMESTAMP,CURRENT_TIMESTAMP,200005062,200505377,2,Pembersih Pipa untuk Kerajinan,000005062
CURRENT_TIMESTAMP,CURRENT_TIMESTAMP,200000024,200505372,2,Kertas Seni & Kerajinan,000000024
CURRENT_TIMESTAMP,CURRENT_TIMESTAMP,200505399,200000024,2,Kertas Cardstock & Kliping,000505399
CURRENT_TIMESTAMP,CURRENT_TIMESTAMP,200002741,200000024,2,Kertas Kalkir,000002741
CURRENT_TIMESTAMP,CURRENT_TIMESTAMP,200002532,200000024,2,Kertas Konstruksi,000002532
CURRENT_TIMESTAMP,CURRENT_TIMESTAMP,200505400,200000024,2,Kertas Lukis & Gambar,000505400
CURRENT_TIMESTAMP,CURRENT_TIMESTAMP,200002967,200000024,2,Kertas Origami,000002967
CURRENT_TIMESTAMP,CURRENT_TIMESTAMP,200008168,200000024,2,Kertas Timah Kerajinan,000008168
CURRENT_TIMESTAMP,CURRENT_TIMESTAMP,200006110,200000024,2,Kertas Transfer,000006110
CURRENT_TIMESTAMP,CURRENT_TIMESTAMP,200505383,200505372,2,Kulit & Vinil,000505383
CURRENT_TIMESTAMP,CURRENT_TIMESTAMP,200007403,200505372,2,Lempeng Pangkal Sumbu,000007403
CURRENT_TIMESTAMP,CURRENT_TIMESTAMP,200505375,200505372,2,Lilin Mentah,000505375
CURRENT_TIMESTAMP,CURRENT_TIMESTAMP,200505376,200505372,2,Perekat & Magnet Kerajinan,000505376
CURRENT_TIMESTAMP,CURRENT_TIMESTAMP,200503745,200505376,2,Lem Kantor & Kerajinan,000503745
CURRENT_TIMESTAMP,CURRENT_TIMESTAMP,200000036,200505376,2,Magnet untuk Kerajinan,000000036
CURRENT_TIMESTAMP,CURRENT_TIMESTAMP,200505419,200505376,2,Pita Hias,000505419
CURRENT_TIMESTAMP,CURRENT_TIMESTAMP,200007192,200505376,2,Selotip Bunga,000007192
CURRENT_TIMESTAMP,CURRENT_TIMESTAMP,200006418,200505376,2,Selotip Kain,000006418
CURRENT_TIMESTAMP,CURRENT_TIMESTAMP,200505382,200505372,2,Serabut Kain untuk Kerajinan,000505382
CURRENT_TIMESTAMP,CURRENT_TIMESTAMP,200002669,200505382,2,Benang,000002669
CURRENT_TIMESTAMP,CURRENT_TIMESTAMP,200000049,200505382,2,Benang Sulam & Jahit,000000049
CURRENT_TIMESTAMP,CURRENT_TIMESTAMP,200006540,200505382,2,Kawat Perhiasan & Manik-manik,000006540
CURRENT_TIMESTAMP,CURRENT_TIMESTAMP,200006140,200505382,2,Serat yang Belum Dipintal,000006140
CURRENT_TIMESTAMP,CURRENT_TIMESTAMP,200007402,200505372,2,Sumbu,000007402
CURRENT_TIMESTAMP,CURRENT_TIMESTAMP,200505384,200505372,2,Tekstil,000505384
CURRENT_TIMESTAMP,CURRENT_TIMESTAMP,200000047,200505384,2,Kain,000000047
CURRENT_TIMESTAMP,CURRENT_TIMESTAMP,200505396,200505384,2,Kain Cetak,000505396
CURRENT_TIMESTAMP,CURRENT_TIMESTAMP,200007076,200505384,2,Kain Keras,000007076
CURRENT_TIMESTAMP,CURRENT_TIMESTAMP,200505397,200505384,2,Kanvas Kerajinan,000505397
CURRENT_TIMESTAMP,CURRENT_TIMESTAMP,200505398,200505397,2,Kanvas Kerajinan Sulam,000505398
CURRENT_TIMESTAMP,CURRENT_TIMESTAMP,200000019,200505397,2,Kanvas Lukis,000000019
CURRENT_TIMESTAMP,CURRENT_TIMESTAMP,200006144,200505397,2,Kanvas Plastik,000006144
CURRENT_TIMESTAMP,CURRENT_TIMESTAMP,200505369,200000016,2,Penataan Kerajinan,000505369
CURRENT_TIMESTAMP,CURRENT_TIMESTAMP,200499971,200505369,2,Keranjang & Peralatan Jahit,000499971
CURRENT_TIMESTAMP,CURRENT_TIMESTAMP,200505395,200505369,2,Wadah Benang Jahit & Rajut,000505395
CURRENT_TIMESTAMP,CURRENT_TIMESTAMP,200505394,200505369,2,Wadah Jarum,000505394
CURRENT_TIMESTAMP,CURRENT_TIMESTAMP,200504639,200000016,2,Perkakas Seni & Kerajinan,000504639
CURRENT_TIMESTAMP,CURRENT_TIMESTAMP,200006152,200504639,2,Alas Peregang,000006152
CURRENT_TIMESTAMP,CURRENT_TIMESTAMP,200005137,200504639,2,Alas Potong,000005137
CURRENT_TIMESTAMP,CURRENT_TIMESTAMP,200505391,200504639,2,Alat Pencampur Warna,000505391
CURRENT_TIMESTAMP,CURRENT_TIMESTAMP,200001719,200505391,2,Palet,000001719
CURRENT_TIMESTAMP,CURRENT_TIMESTAMP,200001653,200505391,2,Pisau Palet,000001653
CURRENT_TIMESTAMP,CURRENT_TIMESTAMP,200504640,200504639,2,Alat Potong & Cetak Timbul Kerajinan,000504640
CURRENT_TIMESTAMP,CURRENT_TIMESTAMP,200006119,200504640,2,Alat Penggores untuk Kerajinan,000006119
CURRENT_TIMESTAMP,CURRENT_TIMESTAMP,200504641,200504640,2,Gunting Kantor & Kerajinan,000504641
CURRENT_TIMESTAMP,CURRENT_TIMESTAMP,200007340,200504640,2,Mesin Emboss Panas,000007340
CURRENT_TIMESTAMP,CURRENT_TIMESTAMP,200504642,200504640,2,Pemotong & Pencetak Timbul Kerajinan,000504642
CURRENT_TIMESTAMP,CURRENT_TIMESTAMP,200006447,200504640,2,Pemotong Benang,000006447
CURRENT_TIMESTAMP,CURRENT_TIMESTAMP,200006122,200504640,2,Pena & Stilus Timbul,000006122
CURRENT_TIMESTAMP,CURRENT_TIMESTAMP,200006161,200504640,2,Pendedel,000006161
CURRENT_TIMESTAMP,CURRENT_TIMESTAMP,200005136,200504640,2,Pisau Kerajinan,000005136
CURRENT_TIMESTAMP,CURRENT_TIMESTAMP,200505392,200504639,2,Alat Ukur & Penanda Kerajinan,000505392
CURRENT_TIMESTAMP,CURRENT_TIMESTAMP,200003083,200505392,2,Jangka,000003083
CURRENT_TIMESTAMP,CURRENT_TIMESTAMP,200000018,200505392,2,Kuas Seni,000000018
CURRENT_TIMESTAMP,CURRENT_TIMESTAMP,200005883,200505392,2,Mesin Stensil,000005883
CURRENT_TIMESTAMP,CURRENT_TIMESTAMP,200006160,200505392,2,Penanda & Penghitung Jahitan,000006160
CURRENT_TIMESTAMP,CURRENT_TIMESTAMP,200006157,200505392,2,Pengukur & Penggaris Seni Tekstil,000006157
CURRENT_TIMESTAMP,CURRENT_TIMESTAMP,200006126,200505392,2,Roller Tinta Tangan,000006126
CURRENT_TIMESTAMP,CURRENT_TIMESTAMP,200505420,200505392,2,Solder Kayu,000505420
CURRENT_TIMESTAMP,CURRENT_TIMESTAMP,200006125,200505392,2,Squeegee untuk Sablon,000006125
CURRENT_TIMESTAMP,CURRENT_TIMESTAMP,200004032,200505392,2,Stempel Hias,000004032
CURRENT_TIMESTAMP,CURRENT_TIMESTAMP,200002671,200505392,2,Stensil & Pola Potong,000002671
CURRENT_TIMESTAMP,CURRENT_TIMESTAMP,200006133,200504639,2,Bantalan & Alas Kerajinan Flanel,000006133
CURRENT_TIMESTAMP,CURRENT_TIMESTAMP,200006158,200504639,2,Bingkai,000006158
CURRENT_TIMESTAMP,CURRENT_TIMESTAMP,200505393,200504639,2,Jarum & Kait,000505393
CURRENT_TIMESTAMP,CURRENT_TIMESTAMP,200005992,200505393,2,Jarum Jahit Tangan,000005992
CURRENT_TIMESTAMP,CURRENT_TIMESTAMP,200004579,200505393,2,Jarum Mesin Jahit,000004579
CURRENT_TIMESTAMP,CURRENT_TIMESTAMP,200006139,200505393,2,Jarum Rajut,000006139
CURRENT_TIMESTAMP,CURRENT_TIMESTAMP,200006168,200505393,2,Jarum Renda,000006168
CURRENT_TIMESTAMP,CURRENT_TIMESTAMP,200006127,200505393,2,Jarum Sulam,000006127
CURRENT_TIMESTAMP,CURRENT_TIMESTAMP,200006159,200504639,2,Jarum Pentul,000006159
CURRENT_TIMESTAMP,CURRENT_TIMESTAMP,200006151,200504639,2,Kawat Peregang,000006151
CURRENT_TIMESTAMP,CURRENT_TIMESTAMP,200005921,200504639,2,Kotak Lampu,000005921
CURRENT_TIMESTAMP,CURRENT_TIMESTAMP,200004073,200504639,2,Lem Tembak,000004073
CURRENT_TIMESTAMP,CURRENT_TIMESTAMP,200006150,200504639,2,Manekin Baju,000006150
CURRENT_TIMESTAMP,CURRENT_TIMESTAMP,200505388,200504639,2,Mesin Kerajinan Tekstil,000505388
CURRENT_TIMESTAMP,CURRENT_TIMESTAMP,200505422,200505388,2,Alat Tenun Manual,000505422
CURRENT_TIMESTAMP,CURRENT_TIMESTAMP,200006134,200505388,2,Jarum & Mesin Kerajinan Flanel,000006134
CURRENT_TIMESTAMP,CURRENT_TIMESTAMP,200000615,200505388,2,Mesin Jahit,000000615
CURRENT_TIMESTAMP,CURRENT_TIMESTAMP,200006137,200505388,2,Mesin Pemintal,000006137
CURRENT_TIMESTAMP,CURRENT_TIMESTAMP,200505421,200505388,2,Mesin Tenun,000505421
CURRENT_TIMESTAMP,CURRENT_TIMESTAMP,200006101,200504639,2,Peniti,000006101
CURRENT_TIMESTAMP,CURRENT_TIMESTAMP,200505387,200504639,2,Peralatan Sulam,000505387
CURRENT_TIMESTAMP,CURRENT_TIMESTAMP,200006155,200505387,2,Pemandu Benang & Benang Rajut,000006155
CURRENT_TIMESTAMP,CURRENT_TIMESTAMP,200006163,200505387,2,Pemasang Benang,000006163
CURRENT_TIMESTAMP,CURRENT_TIMESTAMP,200006138,200505387,2,Pemintal Tangan,000006138
CURRENT_TIMESTAMP,CURRENT_TIMESTAMP,200006153,200505387,2,Penggulung Benang,000006153
CURRENT_TIMESTAMP,CURRENT_TIMESTAMP,200006164,200505387,2,Penyisir & Penyikat Serat,000006164
CURRENT_TIMESTAMP,CURRENT_TIMESTAMP,200006166,200505387,2,Sekoci/Teropong Tenun,000006166
CURRENT_TIMESTAMP,CURRENT_TIMESTAMP,200006167,200505387,2,Sisir Tenun,000006167
CURRENT_TIMESTAMP,CURRENT_TIMESTAMP,200006154,200505387,2,Spul Benang & Benang Rajut,000006154
CURRENT_TIMESTAMP,CURRENT_TIMESTAMP,200505386,200504639,2,Spidol Hias Kerajinan,000505386
CURRENT_TIMESTAMP,CURRENT_TIMESTAMP,200006156,200504639,2,Tudung Jari & Pelindung Telapak Tangan,000006156
CURRENT_TIMESTAMP,CURRENT_TIMESTAMP,200505370,200000016,2,Perlengkapan Seni & Kerajinan,000505370
CURRENT_TIMESTAMP,CURRENT_TIMESTAMP,200004986,200505370,2,Mainan Perlengkapan Kerajinan,000004986
CURRENT_TIMESTAMP,CURRENT_TIMESTAMP,200505374,200505370,2,Peralatan Membuat Lilin,000505374
CURRENT_TIMESTAMP,CURRENT_TIMESTAMP,200004778,200505370,2,Peralatan Menggambar & Melukis,000004778
CURRENT_TIMESTAMP,CURRENT_TIMESTAMP,200503758,200505370,2,Peralatan Pembuat Kliping & Cap,000503758
CURRENT_TIMESTAMP,CURRENT_TIMESTAMP,200007096,200505370,2,Perlengkapan Kerajinan Jahit,000007096
CURRENT_TIMESTAMP,CURRENT_TIMESTAMP,200006989,200505370,2,Perlengkapan Membuat Dupa,000006989
CURRENT_TIMESTAMP,CURRENT_TIMESTAMP,200502979,200505370,2,Perlengkapan Membuat Perhiasan,000502979
CURRENT_TIMESTAMP,CURRENT_TIMESTAMP,200006382,200505370,2,Perlengkapan Memperbaiki Kain,000006382
CURRENT_TIMESTAMP,CURRENT_TIMESTAMP,200006829,200505370,2,Perlengkapan Seni Mozaik,000006829
CURRENT_TIMESTAMP,CURRENT_TIMESTAMP,200505371,200000016,2,Pola & Cetakan Kerajinan,000505371
CURRENT_TIMESTAMP,CURRENT_TIMESTAMP,200008007,200505371,2,Cetakan Kerajinan,000008007
CURRENT_TIMESTAMP,CURRENT_TIMESTAMP,200006135,200505371,2,Cetakan Kerajinan Flanel,000006135
CURRENT_TIMESTAMP,CURRENT_TIMESTAMP,200505373,200505371,2,Pola Kerajinan Sulam,000505373
CURRENT_TIMESTAMP,CURRENT_TIMESTAMP,200006999,200505371,2,Pola Manik-manik,000006999
CURRENT_TIMESTAMP,CURRENT_TIMESTAMP,200003697,200505371,2,Pola-pola Jahitan,000003697
CURRENT_TIMESTAMP,CURRENT_TIMESTAMP,200000035,200005710,2,Sulap,000000035
CURRENT_TIMESTAMP,CURRENT_TIMESTAMP,200005709,200000008,2,Pesta & Perayaan,000005709
CURRENT_TIMESTAMP,CURRENT_TIMESTAMP,200000408,200005709,2,Efek Khusus,000000408
CURRENT_TIMESTAMP,CURRENT_TIMESTAMP,200005711,200000408,2,Bola Disko,000005711
CURRENT_TIMESTAMP,CURRENT_TIMESTAMP,200000410,200000408,2,Lampu Efek Khusus,000000410
CURRENT_TIMESTAMP,CURRENT_TIMESTAMP,200000409,200000408,2,Mesin Kabut,000000409
CURRENT_TIMESTAMP,CURRENT_TIMESTAMP,200005967,200000408,2,Pengendali Efek Khusus,000005967
CURRENT_TIMESTAMP,CURRENT_TIMESTAMP,200503028,200000408,2,Penyangga Lampu Efek Khusus,000503028
CURRENT_TIMESTAMP,CURRENT_TIMESTAMP,200002559,200005709,2,Pemberian Hadiah,000002559
CURRENT_TIMESTAMP,CURRENT_TIMESTAMP,200002899,200002559,2,Bunga Segar,000002899
CURRENT_TIMESTAMP,CURRENT_TIMESTAMP,200000094,200002559,2,Bungkus Hadiah,000000094
CURRENT_TIMESTAMP,CURRENT_TIMESTAMP,200002816,200000094,2,Kertas Bungkus Hadiah,000002816
CURRENT_TIMESTAMP,CURRENT_TIMESTAMP,200006712,200000094,2,Kertas Tisu,000006712
CURRENT_TIMESTAMP,CURRENT_TIMESTAMP,200005091,200000094,2,Kotak & Kaleng Kado,000005091
CURRENT_TIMESTAMP,CURRENT_TIMESTAMP,200008213,200000094,2,Tag & Label Hadiah,000008213
CURRENT_TIMESTAMP,CURRENT_TIMESTAMP,200005838,200000094,2,Tas Kado,000005838
CURRENT_TIMESTAMP,CURRENT_TIMESTAMP,200006100,200002559,2,Jarum Korsase & Boutonniere,000006100
CURRENT_TIMESTAMP,CURRENT_TIMESTAMP,200000053,200002559,2,Kartu & Sertifikat Hadiah,000000053
CURRENT_TIMESTAMP,CURRENT_TIMESTAMP,200000095,200002559,2,Kartu Ucapan & Catatan,000000095
CURRENT_TIMESTAMP,CURRENT_TIMESTAMP,200005916,200002559,2,Korsase & Boutonniere,000005916
CURRENT_TIMESTAMP,CURRENT_TIMESTAMP,200000096,200005709,2,Perlengkapan Pesta,000000096
CURRENT_TIMESTAMP,CURRENT_TIMESTAMP,200002587,200000096,2,Balon,000002587
CURRENT_TIMESTAMP,CURRENT_TIMESTAMP,200007007,200000096,2,Dekorasi Koktail,000007007
CURRENT_TIMESTAMP,CURRENT_TIMESTAMP,200008110,200000096,2,Dekorasi Tiup Pesta,000008110
CURRENT_TIMESTAMP,CURRENT_TIMESTAMP,200007097,200000096,2,Kardus & Kotak Penyimpanan untuk Acara Khusus,000007097
CURRENT_TIMESTAMP,CURRENT_TIMESTAMP,200001887,200000096,2,Kartu Balasan,000001887
CURRENT_TIMESTAMP,CURRENT_TIMESTAMP,200002104,200000096,2,Kartu Nama untuk Tempat Duduk,000002104
CURRENT_TIMESTAMP,CURRENT_TIMESTAMP,200328061,200000096,2,Kartu Nasihat,000328061
CURRENT_TIMESTAMP,CURRENT_TIMESTAMP,200001371,200000096,2,Kartu Undangan,000001371
CURRENT_TIMESTAMP,CURRENT_TIMESTAMP,200004914,200000096,2,Kembang Api & Petasan,000004914
CURRENT_TIMESTAMP,CURRENT_TIMESTAMP,200002781,200000096,2,Konfeti,000002781
CURRENT_TIMESTAMP,CURRENT_TIMESTAMP,200004730,200000096,2,Lilin Ulang Tahun,000004730
CURRENT_TIMESTAMP,CURRENT_TIMESTAMP,200005472,200000096,2,Penjepit Kartu Penempatan Tamu,000005472
CURRENT_TIMESTAMP,CURRENT_TIMESTAMP,200006311,200000096,2,Perlengkapan Balon,000006311
CURRENT_TIMESTAMP,CURRENT_TIMESTAMP,200502972,200000096,2,Perlengkapan Keperluan Pesta,000502972
CURRENT_TIMESTAMP,CURRENT_TIMESTAMP,200003735,200000096,2,Permainan Minum-Minum,000003735
CURRENT_TIMESTAMP,CURRENT_TIMESTAMP,200003361,200003735,2,Beer Pong,000003361
CURRENT_TIMESTAMP,CURRENT_TIMESTAMP,200003440,200003361,2,Meja Beer Pong,000003440
CURRENT_TIMESTAMP,CURRENT_TIMESTAMP,200007160,200000096,2,Permainan Pesta,000007160
CURRENT_TIMESTAMP,CURRENT_TIMESTAMP,200003994,200000096,2,Pinata,000003994
CURRENT_TIMESTAMP,CURRENT_TIMESTAMP,200502981,200000096,2,Pita & Gorden Hiasan Pesta,000502981
CURRENT_TIMESTAMP,CURRENT_TIMESTAMP,200505763,200000096,2,Pita Selempang Kursi,000505763
CURRENT_TIMESTAMP,CURRENT_TIMESTAMP,200008216,200000096,2,Pompom Dekorasi,000008216
CURRENT_TIMESTAMP,CURRENT_TIMESTAMP,200005043,200000096,2,Sedotan & Pengaduk Minuman,000005043
CURRENT_TIMESTAMP,CURRENT_TIMESTAMP,200001484,200000096,2,Segel Amplop,000001484
CURRENT_TIMESTAMP,CURRENT_TIMESTAMP,200004351,200000096,2,Semprotan Pesta,000004351
CURRENT_TIMESTAMP,CURRENT_TIMESTAMP,200002531,200000096,2,Spanduk,000002531
CURRENT_TIMESTAMP,CURRENT_TIMESTAMP,200004915,200000096,2,Sparkler,000004915
CURRENT_TIMESTAMP,CURRENT_TIMESTAMP,200008038,200000096,2,Susunan Acara,000008038
CURRENT_TIMESTAMP,CURRENT_TIMESTAMP,200005452,200000096,2,Suvenir Pesta,000005452
CURRENT_TIMESTAMP,CURRENT_TIMESTAMP,200005453,200005452,2,Suvenir Pernikahan,000005453
CURRENT_TIMESTAMP,CURRENT_TIMESTAMP,200002783,200000096,2,Terompet Pesta,000002783
CURRENT_TIMESTAMP,CURRENT_TIMESTAMP,200006906,200000096,2,Topi Pesta,000006906
CURRENT_TIMESTAMP,CURRENT_TIMESTAMP,200005868,200005709,2,Trofi & Penghargaan,000005868
CURRENT_TIMESTAMP,CURRENT_TIMESTAMP,200499969,200000008,2,Tiket Acara,000499969
